ISO-10303-21;
HEADER;
/* Generated by software containing ST-Developer
 * from STEP Tools, Inc. (www.steptools.com) 
 */

FILE_DESCRIPTION(
/* description */ (''),
/* implementation_level */ '2;1');

FILE_NAME(
/* name */ 'Hayai Lower midplate.step',
/* time_stamp */ '2026-09-26T00:22:53+02:00',
/* author */ (''),
/* organization */ (''),
/* preprocessor_version */ 'ST-DEVELOPER v20.2',
/* originating_system */ 'Autodesk Translation Framework v15.15.0.0',
/* authorisation */ '');

FILE_SCHEMA (('AUTOMOTIVE_DESIGN { 1 0 10303 214 3 1 1 }'));
ENDSEC;

DATA;
#10=MECHANICAL_DESIGN_GEOMETRIC_PRESENTATION_REPRESENTATION('',(#13,#14),
#4370);
#11=SHAPE_REPRESENTATION_RELATIONSHIP('SRR','None',#4377,#12);
#12=ADVANCED_BREP_SHAPE_REPRESENTATION('',(#15,#16),#4369);
#13=STYLED_ITEM('',(#4386),#15);
#14=STYLED_ITEM('',(#4386),#16);
#15=MANIFOLD_SOLID_BREP('Body1',#2605);
#16=MANIFOLD_SOLID_BREP('Body2',#2606);
#17=CYLINDRICAL_SURFACE('',#2651,1.525);
#18=CYLINDRICAL_SURFACE('',#2654,1.49999999999999);
#19=CYLINDRICAL_SURFACE('',#2657,1.5);
#20=CYLINDRICAL_SURFACE('',#2660,1.49999999999999);
#21=CYLINDRICAL_SURFACE('',#2663,1.5);
#22=CYLINDRICAL_SURFACE('',#2665,1.75);
#23=CYLINDRICAL_SURFACE('',#2667,1.75);
#24=CYLINDRICAL_SURFACE('',#2669,1.75);
#25=CYLINDRICAL_SURFACE('',#2672,1.49999999999999);
#26=CYLINDRICAL_SURFACE('',#2675,1.5);
#27=CYLINDRICAL_SURFACE('',#2678,1.5);
#28=CYLINDRICAL_SURFACE('',#2681,1.5);
#29=CYLINDRICAL_SURFACE('',#2684,2.99999999999999);
#30=CYLINDRICAL_SURFACE('',#2687,3.);
#31=CYLINDRICAL_SURFACE('',#2690,3.);
#32=CYLINDRICAL_SURFACE('',#2693,3.);
#33=CYLINDRICAL_SURFACE('',#2696,1.5);
#34=CYLINDRICAL_SURFACE('',#2699,1.5);
#35=CYLINDRICAL_SURFACE('',#2702,1.5);
#36=CYLINDRICAL_SURFACE('',#2705,1.5);
#37=CYLINDRICAL_SURFACE('',#2707,1.525);
#38=CYLINDRICAL_SURFACE('',#2710,1.5);
#39=CYLINDRICAL_SURFACE('',#2713,1.5);
#40=CYLINDRICAL_SURFACE('',#2716,1.49999999999999);
#41=CYLINDRICAL_SURFACE('',#2719,1.5);
#42=CYLINDRICAL_SURFACE('',#2721,1.75);
#43=CYLINDRICAL_SURFACE('',#2730,2.99999999999999);
#44=CYLINDRICAL_SURFACE('',#2733,2.99999999999998);
#45=CYLINDRICAL_SURFACE('',#2736,2.99999999999999);
#46=CYLINDRICAL_SURFACE('',#2739,2.99999999999998);
#47=CYLINDRICAL_SURFACE('',#2744,1.75);
#48=CYLINDRICAL_SURFACE('',#2748,1.5);
#49=CYLINDRICAL_SURFACE('',#2752,1.5);
#50=CYLINDRICAL_SURFACE('',#2756,1.49999999999999);
#51=CYLINDRICAL_SURFACE('',#2760,1.5);
#52=CYLINDRICAL_SURFACE('',#2763,1.75);
#53=CYLINDRICAL_SURFACE('',#2766,1.75);
#54=CYLINDRICAL_SURFACE('',#2769,1.75);
#55=CYLINDRICAL_SURFACE('',#2773,1.49999999999999);
#56=CYLINDRICAL_SURFACE('',#2777,1.5);
#57=CYLINDRICAL_SURFACE('',#2781,1.49999999999999);
#58=CYLINDRICAL_SURFACE('',#2785,1.5);
#59=CYLINDRICAL_SURFACE('',#2788,1.525);
#60=CYLINDRICAL_SURFACE('',#2792,2.99999999999999);
#61=CYLINDRICAL_SURFACE('',#2796,3.);
#62=CYLINDRICAL_SURFACE('',#2800,3.);
#63=CYLINDRICAL_SURFACE('',#2804,3.);
#64=CYLINDRICAL_SURFACE('',#2808,1.49999999999999);
#65=CYLINDRICAL_SURFACE('',#2812,1.5);
#66=CYLINDRICAL_SURFACE('',#2816,1.5);
#67=CYLINDRICAL_SURFACE('',#2820,1.5);
#68=CYLINDRICAL_SURFACE('',#2824,1.5);
#69=CYLINDRICAL_SURFACE('',#2828,1.5);
#70=CYLINDRICAL_SURFACE('',#2832,1.5);
#71=CYLINDRICAL_SURFACE('',#2836,1.5);
#72=CYLINDRICAL_SURFACE('',#2839,1.525);
#73=CYLINDRICAL_SURFACE('',#2849,2.99999999999999);
#74=CYLINDRICAL_SURFACE('',#2853,2.99999999999998);
#75=CYLINDRICAL_SURFACE('',#2857,2.99999999999999);
#76=CYLINDRICAL_SURFACE('',#2861,2.99999999999998);
#77=FACE_BOUND('',#250,.T.);
#78=FACE_BOUND('',#251,.T.);
#79=FACE_BOUND('',#252,.T.);
#80=FACE_BOUND('',#253,.T.);
#81=FACE_BOUND('',#254,.T.);
#82=FACE_BOUND('',#255,.T.);
#83=FACE_BOUND('',#256,.T.);
#84=FACE_BOUND('',#257,.T.);
#85=FACE_BOUND('',#258,.T.);
#86=FACE_BOUND('',#259,.T.);
#87=FACE_BOUND('',#260,.T.);
#88=FACE_BOUND('',#324,.T.);
#89=FACE_BOUND('',#325,.T.);
#90=FACE_BOUND('',#326,.T.);
#91=FACE_BOUND('',#327,.T.);
#92=FACE_BOUND('',#328,.T.);
#93=FACE_BOUND('',#329,.T.);
#94=FACE_BOUND('',#330,.T.);
#95=FACE_BOUND('',#331,.T.);
#96=FACE_BOUND('',#332,.T.);
#97=FACE_BOUND('',#333,.T.);
#98=FACE_BOUND('',#334,.T.);
#99=FACE_BOUND('',#398,.T.);
#100=FACE_BOUND('',#399,.T.);
#101=FACE_BOUND('',#400,.T.);
#102=FACE_BOUND('',#401,.T.);
#103=FACE_BOUND('',#402,.T.);
#104=FACE_BOUND('',#403,.T.);
#105=FACE_BOUND('',#404,.T.);
#106=FACE_BOUND('',#405,.T.);
#107=FACE_BOUND('',#406,.T.);
#108=FACE_BOUND('',#407,.T.);
#109=FACE_BOUND('',#408,.T.);
#110=FACE_BOUND('',#410,.T.);
#111=FACE_BOUND('',#411,.T.);
#112=FACE_BOUND('',#412,.T.);
#113=FACE_BOUND('',#413,.T.);
#114=FACE_BOUND('',#414,.T.);
#115=FACE_BOUND('',#415,.T.);
#116=FACE_BOUND('',#416,.T.);
#117=FACE_BOUND('',#417,.T.);
#118=FACE_BOUND('',#418,.T.);
#119=FACE_BOUND('',#419,.T.);
#120=FACE_BOUND('',#420,.T.);
#121=FACE_OUTER_BOUND('',#249,.T.);
#122=FACE_OUTER_BOUND('',#261,.T.);
#123=FACE_OUTER_BOUND('',#262,.T.);
#124=FACE_OUTER_BOUND('',#263,.T.);
#125=FACE_OUTER_BOUND('',#264,.T.);
#126=FACE_OUTER_BOUND('',#265,.T.);
#127=FACE_OUTER_BOUND('',#266,.T.);
#128=FACE_OUTER_BOUND('',#267,.T.);
#129=FACE_OUTER_BOUND('',#268,.T.);
#130=FACE_OUTER_BOUND('',#269,.T.);
#131=FACE_OUTER_BOUND('',#270,.T.);
#132=FACE_OUTER_BOUND('',#271,.T.);
#133=FACE_OUTER_BOUND('',#272,.T.);
#134=FACE_OUTER_BOUND('',#273,.T.);
#135=FACE_OUTER_BOUND('',#274,.T.);
#136=FACE_OUTER_BOUND('',#275,.T.);
#137=FACE_OUTER_BOUND('',#276,.T.);
#138=FACE_OUTER_BOUND('',#277,.T.);
#139=FACE_OUTER_BOUND('',#278,.T.);
#140=FACE_OUTER_BOUND('',#279,.T.);
#141=FACE_OUTER_BOUND('',#280,.T.);
#142=FACE_OUTER_BOUND('',#281,.T.);
#143=FACE_OUTER_BOUND('',#282,.T.);
#144=FACE_OUTER_BOUND('',#283,.T.);
#145=FACE_OUTER_BOUND('',#284,.T.);
#146=FACE_OUTER_BOUND('',#285,.T.);
#147=FACE_OUTER_BOUND('',#286,.T.);
#148=FACE_OUTER_BOUND('',#287,.T.);
#149=FACE_OUTER_BOUND('',#288,.T.);
#150=FACE_OUTER_BOUND('',#289,.T.);
#151=FACE_OUTER_BOUND('',#290,.T.);
#152=FACE_OUTER_BOUND('',#291,.T.);
#153=FACE_OUTER_BOUND('',#292,.T.);
#154=FACE_OUTER_BOUND('',#293,.T.);
#155=FACE_OUTER_BOUND('',#294,.T.);
#156=FACE_OUTER_BOUND('',#295,.T.);
#157=FACE_OUTER_BOUND('',#296,.T.);
#158=FACE_OUTER_BOUND('',#297,.T.);
#159=FACE_OUTER_BOUND('',#298,.T.);
#160=FACE_OUTER_BOUND('',#299,.T.);
#161=FACE_OUTER_BOUND('',#300,.T.);
#162=FACE_OUTER_BOUND('',#301,.T.);
#163=FACE_OUTER_BOUND('',#302,.T.);
#164=FACE_OUTER_BOUND('',#303,.T.);
#165=FACE_OUTER_BOUND('',#304,.T.);
#166=FACE_OUTER_BOUND('',#305,.T.);
#167=FACE_OUTER_BOUND('',#306,.T.);
#168=FACE_OUTER_BOUND('',#307,.T.);
#169=FACE_OUTER_BOUND('',#308,.T.);
#170=FACE_OUTER_BOUND('',#309,.T.);
#171=FACE_OUTER_BOUND('',#310,.T.);
#172=FACE_OUTER_BOUND('',#311,.T.);
#173=FACE_OUTER_BOUND('',#312,.T.);
#174=FACE_OUTER_BOUND('',#313,.T.);
#175=FACE_OUTER_BOUND('',#314,.T.);
#176=FACE_OUTER_BOUND('',#315,.T.);
#177=FACE_OUTER_BOUND('',#316,.T.);
#178=FACE_OUTER_BOUND('',#317,.T.);
#179=FACE_OUTER_BOUND('',#318,.T.);
#180=FACE_OUTER_BOUND('',#319,.T.);
#181=FACE_OUTER_BOUND('',#320,.T.);
#182=FACE_OUTER_BOUND('',#321,.T.);
#183=FACE_OUTER_BOUND('',#322,.T.);
#184=FACE_OUTER_BOUND('',#323,.T.);
#185=FACE_OUTER_BOUND('',#335,.T.);
#186=FACE_OUTER_BOUND('',#336,.T.);
#187=FACE_OUTER_BOUND('',#337,.T.);
#188=FACE_OUTER_BOUND('',#338,.T.);
#189=FACE_OUTER_BOUND('',#339,.T.);
#190=FACE_OUTER_BOUND('',#340,.T.);
#191=FACE_OUTER_BOUND('',#341,.T.);
#192=FACE_OUTER_BOUND('',#342,.T.);
#193=FACE_OUTER_BOUND('',#343,.T.);
#194=FACE_OUTER_BOUND('',#344,.T.);
#195=FACE_OUTER_BOUND('',#345,.T.);
#196=FACE_OUTER_BOUND('',#346,.T.);
#197=FACE_OUTER_BOUND('',#347,.T.);
#198=FACE_OUTER_BOUND('',#348,.T.);
#199=FACE_OUTER_BOUND('',#349,.T.);
#200=FACE_OUTER_BOUND('',#350,.T.);
#201=FACE_OUTER_BOUND('',#351,.T.);
#202=FACE_OUTER_BOUND('',#352,.T.);
#203=FACE_OUTER_BOUND('',#353,.T.);
#204=FACE_OUTER_BOUND('',#354,.T.);
#205=FACE_OUTER_BOUND('',#355,.T.);
#206=FACE_OUTER_BOUND('',#356,.T.);
#207=FACE_OUTER_BOUND('',#357,.T.);
#208=FACE_OUTER_BOUND('',#358,.T.);
#209=FACE_OUTER_BOUND('',#359,.T.);
#210=FACE_OUTER_BOUND('',#360,.T.);
#211=FACE_OUTER_BOUND('',#361,.T.);
#212=FACE_OUTER_BOUND('',#362,.T.);
#213=FACE_OUTER_BOUND('',#363,.T.);
#214=FACE_OUTER_BOUND('',#364,.T.);
#215=FACE_OUTER_BOUND('',#365,.T.);
#216=FACE_OUTER_BOUND('',#366,.T.);
#217=FACE_OUTER_BOUND('',#367,.T.);
#218=FACE_OUTER_BOUND('',#368,.T.);
#219=FACE_OUTER_BOUND('',#369,.T.);
#220=FACE_OUTER_BOUND('',#370,.T.);
#221=FACE_OUTER_BOUND('',#371,.T.);
#222=FACE_OUTER_BOUND('',#372,.T.);
#223=FACE_OUTER_BOUND('',#373,.T.);
#224=FACE_OUTER_BOUND('',#374,.T.);
#225=FACE_OUTER_BOUND('',#375,.T.);
#226=FACE_OUTER_BOUND('',#376,.T.);
#227=FACE_OUTER_BOUND('',#377,.T.);
#228=FACE_OUTER_BOUND('',#378,.T.);
#229=FACE_OUTER_BOUND('',#379,.T.);
#230=FACE_OUTER_BOUND('',#380,.T.);
#231=FACE_OUTER_BOUND('',#381,.T.);
#232=FACE_OUTER_BOUND('',#382,.T.);
#233=FACE_OUTER_BOUND('',#383,.T.);
#234=FACE_OUTER_BOUND('',#384,.T.);
#235=FACE_OUTER_BOUND('',#385,.T.);
#236=FACE_OUTER_BOUND('',#386,.T.);
#237=FACE_OUTER_BOUND('',#387,.T.);
#238=FACE_OUTER_BOUND('',#388,.T.);
#239=FACE_OUTER_BOUND('',#389,.T.);
#240=FACE_OUTER_BOUND('',#390,.T.);
#241=FACE_OUTER_BOUND('',#391,.T.);
#242=FACE_OUTER_BOUND('',#392,.T.);
#243=FACE_OUTER_BOUND('',#393,.T.);
#244=FACE_OUTER_BOUND('',#394,.T.);
#245=FACE_OUTER_BOUND('',#395,.T.);
#246=FACE_OUTER_BOUND('',#396,.T.);
#247=FACE_OUTER_BOUND('',#397,.T.);
#248=FACE_OUTER_BOUND('',#409,.T.);
#249=EDGE_LOOP('',(#1665,#1666,#1667,#1668,#1669,#1670,#1671,#1672,#1673,
#1674,#1675,#1676,#1677,#1678,#1679,#1680));
#250=EDGE_LOOP('',(#1681));
#251=EDGE_LOOP('',(#1682,#1683,#1684,#1685,#1686,#1687,#1688,#1689));
#252=EDGE_LOOP('',(#1690));
#253=EDGE_LOOP('',(#1691,#1692,#1693,#1694,#1695,#1696,#1697,#1698));
#254=EDGE_LOOP('',(#1699,#1700,#1701,#1702,#1703,#1704,#1705,#1706));
#255=EDGE_LOOP('',(#1707,#1708,#1709,#1710,#1711,#1712,#1713,#1714));
#256=EDGE_LOOP('',(#1715));
#257=EDGE_LOOP('',(#1716));
#258=EDGE_LOOP('',(#1717));
#259=EDGE_LOOP('',(#1718,#1719,#1720,#1721,#1722,#1723,#1724,#1725));
#260=EDGE_LOOP('',(#1726));
#261=EDGE_LOOP('',(#1727,#1728,#1729,#1730));
#262=EDGE_LOOP('',(#1731,#1732,#1733,#1734));
#263=EDGE_LOOP('',(#1735,#1736,#1737,#1738));
#264=EDGE_LOOP('',(#1739,#1740,#1741,#1742));
#265=EDGE_LOOP('',(#1743,#1744,#1745,#1746));
#266=EDGE_LOOP('',(#1747,#1748,#1749,#1750));
#267=EDGE_LOOP('',(#1751,#1752,#1753,#1754));
#268=EDGE_LOOP('',(#1755,#1756,#1757,#1758));
#269=EDGE_LOOP('',(#1759,#1760,#1761,#1762));
#270=EDGE_LOOP('',(#1763,#1764,#1765,#1766));
#271=EDGE_LOOP('',(#1767,#1768,#1769,#1770));
#272=EDGE_LOOP('',(#1771,#1772,#1773,#1774));
#273=EDGE_LOOP('',(#1775,#1776,#1777,#1778));
#274=EDGE_LOOP('',(#1779,#1780,#1781,#1782));
#275=EDGE_LOOP('',(#1783,#1784,#1785,#1786));
#276=EDGE_LOOP('',(#1787,#1788,#1789,#1790));
#277=EDGE_LOOP('',(#1791,#1792,#1793,#1794));
#278=EDGE_LOOP('',(#1795,#1796,#1797,#1798));
#279=EDGE_LOOP('',(#1799,#1800,#1801,#1802));
#280=EDGE_LOOP('',(#1803,#1804,#1805,#1806));
#281=EDGE_LOOP('',(#1807,#1808,#1809,#1810));
#282=EDGE_LOOP('',(#1811,#1812,#1813,#1814));
#283=EDGE_LOOP('',(#1815,#1816,#1817,#1818));
#284=EDGE_LOOP('',(#1819,#1820,#1821,#1822));
#285=EDGE_LOOP('',(#1823,#1824,#1825,#1826));
#286=EDGE_LOOP('',(#1827,#1828,#1829,#1830));
#287=EDGE_LOOP('',(#1831,#1832,#1833,#1834));
#288=EDGE_LOOP('',(#1835,#1836,#1837,#1838));
#289=EDGE_LOOP('',(#1839,#1840,#1841,#1842));
#290=EDGE_LOOP('',(#1843,#1844,#1845,#1846));
#291=EDGE_LOOP('',(#1847,#1848,#1849,#1850));
#292=EDGE_LOOP('',(#1851,#1852,#1853,#1854));
#293=EDGE_LOOP('',(#1855,#1856,#1857,#1858));
#294=EDGE_LOOP('',(#1859,#1860,#1861,#1862));
#295=EDGE_LOOP('',(#1863,#1864,#1865,#1866));
#296=EDGE_LOOP('',(#1867,#1868,#1869,#1870));
#297=EDGE_LOOP('',(#1871,#1872,#1873,#1874));
#298=EDGE_LOOP('',(#1875,#1876,#1877,#1878));
#299=EDGE_LOOP('',(#1879,#1880,#1881,#1882));
#300=EDGE_LOOP('',(#1883,#1884,#1885,#1886));
#301=EDGE_LOOP('',(#1887,#1888,#1889,#1890));
#302=EDGE_LOOP('',(#1891,#1892,#1893,#1894));
#303=EDGE_LOOP('',(#1895,#1896,#1897,#1898));
#304=EDGE_LOOP('',(#1899,#1900,#1901,#1902));
#305=EDGE_LOOP('',(#1903,#1904,#1905,#1906));
#306=EDGE_LOOP('',(#1907,#1908,#1909,#1910));
#307=EDGE_LOOP('',(#1911,#1912,#1913,#1914));
#308=EDGE_LOOP('',(#1915,#1916,#1917,#1918));
#309=EDGE_LOOP('',(#1919,#1920,#1921,#1922));
#310=EDGE_LOOP('',(#1923,#1924,#1925,#1926));
#311=EDGE_LOOP('',(#1927,#1928,#1929,#1930));
#312=EDGE_LOOP('',(#1931,#1932,#1933,#1934));
#313=EDGE_LOOP('',(#1935,#1936,#1937,#1938));
#314=EDGE_LOOP('',(#1939,#1940,#1941,#1942));
#315=EDGE_LOOP('',(#1943,#1944,#1945,#1946));
#316=EDGE_LOOP('',(#1947,#1948,#1949,#1950));
#317=EDGE_LOOP('',(#1951,#1952,#1953,#1954));
#318=EDGE_LOOP('',(#1955,#1956,#1957,#1958));
#319=EDGE_LOOP('',(#1959,#1960,#1961,#1962));
#320=EDGE_LOOP('',(#1963,#1964,#1965,#1966));
#321=EDGE_LOOP('',(#1967,#1968,#1969,#1970));
#322=EDGE_LOOP('',(#1971,#1972,#1973,#1974));
#323=EDGE_LOOP('',(#1975,#1976,#1977,#1978,#1979,#1980,#1981,#1982,#1983,
#1984,#1985,#1986,#1987,#1988,#1989,#1990));
#324=EDGE_LOOP('',(#1991));
#325=EDGE_LOOP('',(#1992,#1993,#1994,#1995,#1996,#1997,#1998,#1999));
#326=EDGE_LOOP('',(#2000));
#327=EDGE_LOOP('',(#2001,#2002,#2003,#2004,#2005,#2006,#2007,#2008));
#328=EDGE_LOOP('',(#2009,#2010,#2011,#2012,#2013,#2014,#2015,#2016));
#329=EDGE_LOOP('',(#2017,#2018,#2019,#2020,#2021,#2022,#2023,#2024));
#330=EDGE_LOOP('',(#2025));
#331=EDGE_LOOP('',(#2026));
#332=EDGE_LOOP('',(#2027));
#333=EDGE_LOOP('',(#2028,#2029,#2030,#2031,#2032,#2033,#2034,#2035));
#334=EDGE_LOOP('',(#2036));
#335=EDGE_LOOP('',(#2037,#2038,#2039,#2040));
#336=EDGE_LOOP('',(#2041,#2042,#2043,#2044));
#337=EDGE_LOOP('',(#2045,#2046,#2047,#2048));
#338=EDGE_LOOP('',(#2049,#2050,#2051,#2052));
#339=EDGE_LOOP('',(#2053,#2054,#2055,#2056));
#340=EDGE_LOOP('',(#2057,#2058,#2059,#2060));
#341=EDGE_LOOP('',(#2061,#2062,#2063,#2064));
#342=EDGE_LOOP('',(#2065,#2066,#2067,#2068));
#343=EDGE_LOOP('',(#2069,#2070,#2071,#2072));
#344=EDGE_LOOP('',(#2073,#2074,#2075,#2076));
#345=EDGE_LOOP('',(#2077,#2078,#2079,#2080));
#346=EDGE_LOOP('',(#2081,#2082,#2083,#2084));
#347=EDGE_LOOP('',(#2085,#2086,#2087,#2088));
#348=EDGE_LOOP('',(#2089,#2090,#2091,#2092));
#349=EDGE_LOOP('',(#2093,#2094,#2095,#2096));
#350=EDGE_LOOP('',(#2097,#2098,#2099,#2100));
#351=EDGE_LOOP('',(#2101,#2102,#2103,#2104));
#352=EDGE_LOOP('',(#2105,#2106,#2107,#2108));
#353=EDGE_LOOP('',(#2109,#2110,#2111,#2112));
#354=EDGE_LOOP('',(#2113,#2114,#2115,#2116));
#355=EDGE_LOOP('',(#2117,#2118,#2119,#2120));
#356=EDGE_LOOP('',(#2121,#2122,#2123,#2124));
#357=EDGE_LOOP('',(#2125,#2126,#2127,#2128));
#358=EDGE_LOOP('',(#2129,#2130,#2131,#2132));
#359=EDGE_LOOP('',(#2133,#2134,#2135,#2136));
#360=EDGE_LOOP('',(#2137,#2138,#2139,#2140));
#361=EDGE_LOOP('',(#2141,#2142,#2143,#2144));
#362=EDGE_LOOP('',(#2145,#2146,#2147,#2148));
#363=EDGE_LOOP('',(#2149,#2150,#2151,#2152));
#364=EDGE_LOOP('',(#2153,#2154,#2155,#2156));
#365=EDGE_LOOP('',(#2157,#2158,#2159,#2160));
#366=EDGE_LOOP('',(#2161,#2162,#2163,#2164));
#367=EDGE_LOOP('',(#2165,#2166,#2167,#2168));
#368=EDGE_LOOP('',(#2169,#2170,#2171,#2172));
#369=EDGE_LOOP('',(#2173,#2174,#2175,#2176));
#370=EDGE_LOOP('',(#2177,#2178,#2179,#2180));
#371=EDGE_LOOP('',(#2181,#2182,#2183,#2184));
#372=EDGE_LOOP('',(#2185,#2186,#2187,#2188));
#373=EDGE_LOOP('',(#2189,#2190,#2191,#2192));
#374=EDGE_LOOP('',(#2193,#2194,#2195,#2196));
#375=EDGE_LOOP('',(#2197,#2198,#2199,#2200));
#376=EDGE_LOOP('',(#2201,#2202,#2203,#2204));
#377=EDGE_LOOP('',(#2205,#2206,#2207,#2208));
#378=EDGE_LOOP('',(#2209,#2210,#2211,#2212));
#379=EDGE_LOOP('',(#2213,#2214,#2215,#2216));
#380=EDGE_LOOP('',(#2217,#2218,#2219,#2220));
#381=EDGE_LOOP('',(#2221,#2222,#2223,#2224));
#382=EDGE_LOOP('',(#2225,#2226,#2227,#2228));
#383=EDGE_LOOP('',(#2229,#2230,#2231,#2232));
#384=EDGE_LOOP('',(#2233,#2234,#2235,#2236));
#385=EDGE_LOOP('',(#2237,#2238,#2239,#2240));
#386=EDGE_LOOP('',(#2241,#2242,#2243,#2244));
#387=EDGE_LOOP('',(#2245,#2246,#2247,#2248));
#388=EDGE_LOOP('',(#2249,#2250,#2251,#2252));
#389=EDGE_LOOP('',(#2253,#2254,#2255,#2256));
#390=EDGE_LOOP('',(#2257,#2258,#2259,#2260));
#391=EDGE_LOOP('',(#2261,#2262,#2263,#2264));
#392=EDGE_LOOP('',(#2265,#2266,#2267,#2268));
#393=EDGE_LOOP('',(#2269,#2270,#2271,#2272));
#394=EDGE_LOOP('',(#2273,#2274,#2275,#2276));
#395=EDGE_LOOP('',(#2277,#2278,#2279,#2280));
#396=EDGE_LOOP('',(#2281,#2282,#2283,#2284));
#397=EDGE_LOOP('',(#2285,#2286,#2287,#2288,#2289,#2290,#2291,#2292,#2293,
#2294,#2295,#2296,#2297,#2298,#2299,#2300));
#398=EDGE_LOOP('',(#2301));
#399=EDGE_LOOP('',(#2302,#2303,#2304,#2305,#2306,#2307,#2308,#2309));
#400=EDGE_LOOP('',(#2310,#2311,#2312,#2313,#2314,#2315,#2316,#2317));
#401=EDGE_LOOP('',(#2318,#2319,#2320,#2321,#2322,#2323,#2324,#2325));
#402=EDGE_LOOP('',(#2326));
#403=EDGE_LOOP('',(#2327,#2328,#2329,#2330,#2331,#2332,#2333,#2334));
#404=EDGE_LOOP('',(#2335));
#405=EDGE_LOOP('',(#2336));
#406=EDGE_LOOP('',(#2337));
#407=EDGE_LOOP('',(#2338,#2339,#2340,#2341,#2342,#2343,#2344,#2345));
#408=EDGE_LOOP('',(#2346));
#409=EDGE_LOOP('',(#2347,#2348,#2349,#2350,#2351,#2352,#2353,#2354,#2355,
#2356,#2357,#2358,#2359,#2360,#2361,#2362));
#410=EDGE_LOOP('',(#2363));
#411=EDGE_LOOP('',(#2364,#2365,#2366,#2367,#2368,#2369,#2370,#2371));
#412=EDGE_LOOP('',(#2372,#2373,#2374,#2375,#2376,#2377,#2378,#2379));
#413=EDGE_LOOP('',(#2380,#2381,#2382,#2383,#2384,#2385,#2386,#2387));
#414=EDGE_LOOP('',(#2388));
#415=EDGE_LOOP('',(#2389,#2390,#2391,#2392,#2393,#2394,#2395,#2396));
#416=EDGE_LOOP('',(#2397));
#417=EDGE_LOOP('',(#2398));
#418=EDGE_LOOP('',(#2399));
#419=EDGE_LOOP('',(#2400,#2401,#2402,#2403,#2404,#2405,#2406,#2407));
#420=EDGE_LOOP('',(#2408));
#421=CIRCLE('',#2621,2.99999999999998);
#422=CIRCLE('',#2622,2.99999999999999);
#423=CIRCLE('',#2623,2.99999999999998);
#424=CIRCLE('',#2624,2.99999999999999);
#425=CIRCLE('',#2625,1.75);
#426=CIRCLE('',#2626,1.5);
#427=CIRCLE('',#2627,1.49999999999999);
#428=CIRCLE('',#2628,1.5);
#429=CIRCLE('',#2629,1.5);
#430=CIRCLE('',#2630,1.525);
#431=CIRCLE('',#2631,1.5);
#432=CIRCLE('',#2632,1.5);
#433=CIRCLE('',#2633,1.5);
#434=CIRCLE('',#2634,1.5);
#435=CIRCLE('',#2635,3.);
#436=CIRCLE('',#2636,3.);
#437=CIRCLE('',#2637,3.);
#438=CIRCLE('',#2638,2.99999999999999);
#439=CIRCLE('',#2639,1.5);
#440=CIRCLE('',#2640,1.5);
#441=CIRCLE('',#2641,1.5);
#442=CIRCLE('',#2642,1.49999999999999);
#443=CIRCLE('',#2643,1.75);
#444=CIRCLE('',#2644,1.75);
#445=CIRCLE('',#2645,1.75);
#446=CIRCLE('',#2646,1.5);
#447=CIRCLE('',#2647,1.49999999999999);
#448=CIRCLE('',#2648,1.5);
#449=CIRCLE('',#2649,1.49999999999999);
#450=CIRCLE('',#2650,1.525);
#451=CIRCLE('',#2652,1.525);
#452=CIRCLE('',#2655,1.49999999999999);
#453=CIRCLE('',#2658,1.5);
#454=CIRCLE('',#2661,1.49999999999999);
#455=CIRCLE('',#2664,1.5);
#456=CIRCLE('',#2666,1.75);
#457=CIRCLE('',#2668,1.75);
#458=CIRCLE('',#2670,1.75);
#459=CIRCLE('',#2673,1.49999999999999);
#460=CIRCLE('',#2676,1.5);
#461=CIRCLE('',#2679,1.5);
#462=CIRCLE('',#2682,1.5);
#463=CIRCLE('',#2685,2.99999999999999);
#464=CIRCLE('',#2688,3.);
#465=CIRCLE('',#2691,3.);
#466=CIRCLE('',#2694,3.);
#467=CIRCLE('',#2697,1.5);
#468=CIRCLE('',#2700,1.5);
#469=CIRCLE('',#2703,1.5);
#470=CIRCLE('',#2706,1.5);
#471=CIRCLE('',#2708,1.525);
#472=CIRCLE('',#2711,1.5);
#473=CIRCLE('',#2714,1.5);
#474=CIRCLE('',#2717,1.49999999999999);
#475=CIRCLE('',#2720,1.5);
#476=CIRCLE('',#2722,1.75);
#477=CIRCLE('',#2731,2.99999999999999);
#478=CIRCLE('',#2734,2.99999999999998);
#479=CIRCLE('',#2737,2.99999999999999);
#480=CIRCLE('',#2740,2.99999999999998);
#481=CIRCLE('',#2745,1.75);
#482=CIRCLE('',#2746,1.75);
#483=CIRCLE('',#2749,1.5);
#484=CIRCLE('',#2750,1.5);
#485=CIRCLE('',#2753,1.5);
#486=CIRCLE('',#2754,1.5);
#487=CIRCLE('',#2757,1.49999999999999);
#488=CIRCLE('',#2758,1.49999999999999);
#489=CIRCLE('',#2761,1.5);
#490=CIRCLE('',#2762,1.5);
#491=CIRCLE('',#2764,1.75);
#492=CIRCLE('',#2765,1.75);
#493=CIRCLE('',#2767,1.75);
#494=CIRCLE('',#2768,1.75);
#495=CIRCLE('',#2770,1.75);
#496=CIRCLE('',#2771,1.75);
#497=CIRCLE('',#2774,1.49999999999999);
#498=CIRCLE('',#2775,1.49999999999999);
#499=CIRCLE('',#2778,1.5);
#500=CIRCLE('',#2779,1.5);
#501=CIRCLE('',#2782,1.49999999999999);
#502=CIRCLE('',#2783,1.49999999999999);
#503=CIRCLE('',#2786,1.5);
#504=CIRCLE('',#2787,1.5);
#505=CIRCLE('',#2789,1.525);
#506=CIRCLE('',#2790,1.525);
#507=CIRCLE('',#2793,2.99999999999999);
#508=CIRCLE('',#2794,2.99999999999999);
#509=CIRCLE('',#2797,3.);
#510=CIRCLE('',#2798,3.);
#511=CIRCLE('',#2801,3.);
#512=CIRCLE('',#2802,3.);
#513=CIRCLE('',#2805,3.);
#514=CIRCLE('',#2806,3.);
#515=CIRCLE('',#2809,1.49999999999999);
#516=CIRCLE('',#2810,1.49999999999999);
#517=CIRCLE('',#2813,1.5);
#518=CIRCLE('',#2814,1.5);
#519=CIRCLE('',#2817,1.5);
#520=CIRCLE('',#2818,1.5);
#521=CIRCLE('',#2821,1.5);
#522=CIRCLE('',#2822,1.5);
#523=CIRCLE('',#2825,1.5);
#524=CIRCLE('',#2826,1.5);
#525=CIRCLE('',#2829,1.5);
#526=CIRCLE('',#2830,1.5);
#527=CIRCLE('',#2833,1.5);
#528=CIRCLE('',#2834,1.5);
#529=CIRCLE('',#2837,1.5);
#530=CIRCLE('',#2838,1.5);
#531=CIRCLE('',#2840,1.525);
#532=CIRCLE('',#2841,1.525);
#533=CIRCLE('',#2850,2.99999999999999);
#534=CIRCLE('',#2851,2.99999999999999);
#535=CIRCLE('',#2854,2.99999999999998);
#536=CIRCLE('',#2855,2.99999999999998);
#537=CIRCLE('',#2858,2.99999999999999);
#538=CIRCLE('',#2859,2.99999999999999);
#539=CIRCLE('',#2862,2.99999999999998);
#540=CIRCLE('',#2863,2.99999999999998);
#541=LINE('',#3622,#793);
#542=LINE('',#3624,#794);
#543=LINE('',#3628,#795);
#544=LINE('',#3632,#796);
#545=LINE('',#3636,#797);
#546=LINE('',#3640,#798);
#547=LINE('',#3642,#799);
#548=LINE('',#3644,#800);
#549=LINE('',#3646,#801);
#550=LINE('',#3648,#802);
#551=LINE('',#3650,#803);
#552=LINE('',#3651,#804);
#553=LINE('',#3658,#805);
#554=LINE('',#3662,#806);
#555=LINE('',#3666,#807);
#556=LINE('',#3669,#808);
#557=LINE('',#3676,#809);
#558=LINE('',#3680,#810);
#559=LINE('',#3684,#811);
#560=LINE('',#3687,#812);
#561=LINE('',#3692,#813);
#562=LINE('',#3696,#814);
#563=LINE('',#3700,#815);
#564=LINE('',#3703,#816);
#565=LINE('',#3708,#817);
#566=LINE('',#3712,#818);
#567=LINE('',#3716,#819);
#568=LINE('',#3719,#820);
#569=LINE('',#3730,#821);
#570=LINE('',#3734,#822);
#571=LINE('',#3738,#823);
#572=LINE('',#3741,#824);
#573=LINE('',#3746,#825);
#574=LINE('',#3751,#826);
#575=LINE('',#3752,#827);
#576=LINE('',#3753,#828);
#577=LINE('',#3757,#829);
#578=LINE('',#3760,#830);
#579=LINE('',#3761,#831);
#580=LINE('',#3765,#832);
#581=LINE('',#3768,#833);
#582=LINE('',#3769,#834);
#583=LINE('',#3773,#835);
#584=LINE('',#3776,#836);
#585=LINE('',#3777,#837);
#586=LINE('',#3782,#838);
#587=LINE('',#3786,#839);
#588=LINE('',#3790,#840);
#589=LINE('',#3795,#841);
#590=LINE('',#3796,#842);
#591=LINE('',#3797,#843);
#592=LINE('',#3801,#844);
#593=LINE('',#3804,#845);
#594=LINE('',#3805,#846);
#595=LINE('',#3809,#847);
#596=LINE('',#3812,#848);
#597=LINE('',#3813,#849);
#598=LINE('',#3817,#850);
#599=LINE('',#3820,#851);
#600=LINE('',#3821,#852);
#601=LINE('',#3827,#853);
#602=LINE('',#3828,#854);
#603=LINE('',#3829,#855);
#604=LINE('',#3833,#856);
#605=LINE('',#3836,#857);
#606=LINE('',#3837,#858);
#607=LINE('',#3841,#859);
#608=LINE('',#3844,#860);
#609=LINE('',#3845,#861);
#610=LINE('',#3849,#862);
#611=LINE('',#3852,#863);
#612=LINE('',#3853,#864);
#613=LINE('',#3859,#865);
#614=LINE('',#3860,#866);
#615=LINE('',#3861,#867);
#616=LINE('',#3865,#868);
#617=LINE('',#3868,#869);
#618=LINE('',#3869,#870);
#619=LINE('',#3873,#871);
#620=LINE('',#3876,#872);
#621=LINE('',#3877,#873);
#622=LINE('',#3881,#874);
#623=LINE('',#3884,#875);
#624=LINE('',#3885,#876);
#625=LINE('',#3890,#877);
#626=LINE('',#3895,#878);
#627=LINE('',#3896,#879);
#628=LINE('',#3897,#880);
#629=LINE('',#3901,#881);
#630=LINE('',#3904,#882);
#631=LINE('',#3905,#883);
#632=LINE('',#3909,#884);
#633=LINE('',#3912,#885);
#634=LINE('',#3913,#886);
#635=LINE('',#3917,#887);
#636=LINE('',#3920,#888);
#637=LINE('',#3921,#889);
#638=LINE('',#3926,#890);
#639=LINE('',#3931,#891);
#640=LINE('',#3932,#892);
#641=LINE('',#3933,#893);
#642=LINE('',#3936,#894);
#643=LINE('',#3937,#895);
#644=LINE('',#3940,#896);
#645=LINE('',#3941,#897);
#646=LINE('',#3944,#898);
#647=LINE('',#3945,#899);
#648=LINE('',#3948,#900);
#649=LINE('',#3949,#901);
#650=LINE('',#3952,#902);
#651=LINE('',#3953,#903);
#652=LINE('',#3956,#904);
#653=LINE('',#3957,#905);
#654=LINE('',#3961,#906);
#655=LINE('',#3964,#907);
#656=LINE('',#3965,#908);
#657=LINE('',#3969,#909);
#658=LINE('',#3972,#910);
#659=LINE('',#3973,#911);
#660=LINE('',#3977,#912);
#661=LINE('',#3980,#913);
#662=LINE('',#3981,#914);
#663=LINE('',#3985,#915);
#664=LINE('',#3988,#916);
#665=LINE('',#3989,#917);
#666=LINE('',#3991,#918);
#667=LINE('',#3997,#919);
#668=LINE('',#4002,#920);
#669=LINE('',#4004,#921);
#670=LINE('',#4006,#922);
#671=LINE('',#4007,#923);
#672=LINE('',#4013,#924);
#673=LINE('',#4016,#925);
#674=LINE('',#4018,#926);
#675=LINE('',#4019,#927);
#676=LINE('',#4025,#928);
#677=LINE('',#4028,#929);
#678=LINE('',#4030,#930);
#679=LINE('',#4031,#931);
#680=LINE('',#4037,#932);
#681=LINE('',#4040,#933);
#682=LINE('',#4042,#934);
#683=LINE('',#4043,#935);
#684=LINE('',#4051,#936);
#685=LINE('',#4057,#937);
#686=LINE('',#4063,#938);
#687=LINE('',#4068,#939);
#688=LINE('',#4070,#940);
#689=LINE('',#4072,#941);
#690=LINE('',#4073,#942);
#691=LINE('',#4079,#943);
#692=LINE('',#4082,#944);
#693=LINE('',#4084,#945);
#694=LINE('',#4085,#946);
#695=LINE('',#4091,#947);
#696=LINE('',#4094,#948);
#697=LINE('',#4096,#949);
#698=LINE('',#4097,#950);
#699=LINE('',#4103,#951);
#700=LINE('',#4106,#952);
#701=LINE('',#4108,#953);
#702=LINE('',#4109,#954);
#703=LINE('',#4117,#955);
#704=LINE('',#4122,#956);
#705=LINE('',#4124,#957);
#706=LINE('',#4126,#958);
#707=LINE('',#4127,#959);
#708=LINE('',#4133,#960);
#709=LINE('',#4136,#961);
#710=LINE('',#4138,#962);
#711=LINE('',#4139,#963);
#712=LINE('',#4145,#964);
#713=LINE('',#4148,#965);
#714=LINE('',#4150,#966);
#715=LINE('',#4151,#967);
#716=LINE('',#4157,#968);
#717=LINE('',#4160,#969);
#718=LINE('',#4162,#970);
#719=LINE('',#4163,#971);
#720=LINE('',#4170,#972);
#721=LINE('',#4172,#973);
#722=LINE('',#4174,#974);
#723=LINE('',#4175,#975);
#724=LINE('',#4181,#976);
#725=LINE('',#4184,#977);
#726=LINE('',#4186,#978);
#727=LINE('',#4187,#979);
#728=LINE('',#4193,#980);
#729=LINE('',#4196,#981);
#730=LINE('',#4198,#982);
#731=LINE('',#4199,#983);
#732=LINE('',#4205,#984);
#733=LINE('',#4208,#985);
#734=LINE('',#4210,#986);
#735=LINE('',#4211,#987);
#736=LINE('',#4218,#988);
#737=LINE('',#4220,#989);
#738=LINE('',#4222,#990);
#739=LINE('',#4223,#991);
#740=LINE('',#4229,#992);
#741=LINE('',#4232,#993);
#742=LINE('',#4234,#994);
#743=LINE('',#4235,#995);
#744=LINE('',#4241,#996);
#745=LINE('',#4244,#997);
#746=LINE('',#4246,#998);
#747=LINE('',#4247,#999);
#748=LINE('',#4253,#1000);
#749=LINE('',#4256,#1001);
#750=LINE('',#4258,#1002);
#751=LINE('',#4259,#1003);
#752=LINE('',#4267,#1004);
#753=LINE('',#4272,#1005);
#754=LINE('',#4274,#1006);
#755=LINE('',#4276,#1007);
#756=LINE('',#4277,#1008);
#757=LINE('',#4280,#1009);
#758=LINE('',#4282,#1010);
#759=LINE('',#4283,#1011);
#760=LINE('',#4286,#1012);
#761=LINE('',#4288,#1013);
#762=LINE('',#4289,#1014);
#763=LINE('',#4292,#1015);
#764=LINE('',#4294,#1016);
#765=LINE('',#4295,#1017);
#766=LINE('',#4298,#1018);
#767=LINE('',#4300,#1019);
#768=LINE('',#4301,#1020);
#769=LINE('',#4304,#1021);
#770=LINE('',#4306,#1022);
#771=LINE('',#4307,#1023);
#772=LINE('',#4310,#1024);
#773=LINE('',#4312,#1025);
#774=LINE('',#4313,#1026);
#775=LINE('',#4319,#1027);
#776=LINE('',#4322,#1028);
#777=LINE('',#4324,#1029);
#778=LINE('',#4325,#1030);
#779=LINE('',#4331,#1031);
#780=LINE('',#4334,#1032);
#781=LINE('',#4336,#1033);
#782=LINE('',#4337,#1034);
#783=LINE('',#4343,#1035);
#784=LINE('',#4346,#1036);
#785=LINE('',#4348,#1037);
#786=LINE('',#4349,#1038);
#787=LINE('',#4355,#1039);
#788=LINE('',#4358,#1040);
#789=LINE('',#4360,#1041);
#790=LINE('',#4361,#1042);
#791=LINE('',#4363,#1043);
#792=LINE('',#4364,#1044);
#793=VECTOR('',#2872,10.);
#794=VECTOR('',#2873,10.);
#795=VECTOR('',#2876,10.);
#796=VECTOR('',#2879,10.);
#797=VECTOR('',#2882,10.);
#798=VECTOR('',#2885,10.);
#799=VECTOR('',#2886,10.);
#800=VECTOR('',#2887,10.);
#801=VECTOR('',#2888,10.);
#802=VECTOR('',#2889,10.);
#803=VECTOR('',#2890,10.);
#804=VECTOR('',#2891,10.);
#805=VECTOR('',#2896,10.);
#806=VECTOR('',#2899,10.);
#807=VECTOR('',#2902,10.);
#808=VECTOR('',#2905,10.);
#809=VECTOR('',#2910,10.);
#810=VECTOR('',#2913,10.);
#811=VECTOR('',#2916,10.);
#812=VECTOR('',#2919,10.);
#813=VECTOR('',#2922,10.);
#814=VECTOR('',#2925,10.);
#815=VECTOR('',#2928,10.);
#816=VECTOR('',#2931,10.);
#817=VECTOR('',#2934,10.);
#818=VECTOR('',#2937,10.);
#819=VECTOR('',#2940,10.);
#820=VECTOR('',#2943,10.);
#821=VECTOR('',#2952,10.);
#822=VECTOR('',#2955,10.);
#823=VECTOR('',#2958,10.);
#824=VECTOR('',#2961,10.);
#825=VECTOR('',#2966,1.525);
#826=VECTOR('',#2971,10.);
#827=VECTOR('',#2972,10.);
#828=VECTOR('',#2973,10.);
#829=VECTOR('',#2978,10.);
#830=VECTOR('',#2981,10.);
#831=VECTOR('',#2982,10.);
#832=VECTOR('',#2987,10.);
#833=VECTOR('',#2990,10.);
#834=VECTOR('',#2991,10.);
#835=VECTOR('',#2996,10.);
#836=VECTOR('',#2999,10.);
#837=VECTOR('',#3000,10.);
#838=VECTOR('',#3007,1.75);
#839=VECTOR('',#3012,1.75);
#840=VECTOR('',#3017,1.75);
#841=VECTOR('',#3022,10.);
#842=VECTOR('',#3023,10.);
#843=VECTOR('',#3024,10.);
#844=VECTOR('',#3029,10.);
#845=VECTOR('',#3032,10.);
#846=VECTOR('',#3033,10.);
#847=VECTOR('',#3038,10.);
#848=VECTOR('',#3041,10.);
#849=VECTOR('',#3042,10.);
#850=VECTOR('',#3047,10.);
#851=VECTOR('',#3050,10.);
#852=VECTOR('',#3051,10.);
#853=VECTOR('',#3058,10.);
#854=VECTOR('',#3059,10.);
#855=VECTOR('',#3060,10.);
#856=VECTOR('',#3065,10.);
#857=VECTOR('',#3068,10.);
#858=VECTOR('',#3069,10.);
#859=VECTOR('',#3074,10.);
#860=VECTOR('',#3077,10.);
#861=VECTOR('',#3078,10.);
#862=VECTOR('',#3083,10.);
#863=VECTOR('',#3086,10.);
#864=VECTOR('',#3087,10.);
#865=VECTOR('',#3094,10.);
#866=VECTOR('',#3095,10.);
#867=VECTOR('',#3096,10.);
#868=VECTOR('',#3101,10.);
#869=VECTOR('',#3104,10.);
#870=VECTOR('',#3105,10.);
#871=VECTOR('',#3110,10.);
#872=VECTOR('',#3113,10.);
#873=VECTOR('',#3114,10.);
#874=VECTOR('',#3119,10.);
#875=VECTOR('',#3122,10.);
#876=VECTOR('',#3123,10.);
#877=VECTOR('',#3130,1.525);
#878=VECTOR('',#3135,10.);
#879=VECTOR('',#3136,10.);
#880=VECTOR('',#3137,10.);
#881=VECTOR('',#3142,10.);
#882=VECTOR('',#3145,10.);
#883=VECTOR('',#3146,10.);
#884=VECTOR('',#3151,10.);
#885=VECTOR('',#3154,10.);
#886=VECTOR('',#3155,10.);
#887=VECTOR('',#3160,10.);
#888=VECTOR('',#3163,10.);
#889=VECTOR('',#3164,10.);
#890=VECTOR('',#3171,1.75);
#891=VECTOR('',#3176,10.);
#892=VECTOR('',#3177,10.);
#893=VECTOR('',#3178,10.);
#894=VECTOR('',#3181,10.);
#895=VECTOR('',#3182,10.);
#896=VECTOR('',#3185,10.);
#897=VECTOR('',#3186,10.);
#898=VECTOR('',#3189,10.);
#899=VECTOR('',#3190,10.);
#900=VECTOR('',#3193,10.);
#901=VECTOR('',#3194,10.);
#902=VECTOR('',#3197,10.);
#903=VECTOR('',#3198,10.);
#904=VECTOR('',#3201,10.);
#905=VECTOR('',#3202,10.);
#906=VECTOR('',#3207,10.);
#907=VECTOR('',#3210,10.);
#908=VECTOR('',#3211,10.);
#909=VECTOR('',#3216,10.);
#910=VECTOR('',#3219,10.);
#911=VECTOR('',#3220,10.);
#912=VECTOR('',#3225,10.);
#913=VECTOR('',#3228,10.);
#914=VECTOR('',#3229,10.);
#915=VECTOR('',#3234,10.);
#916=VECTOR('',#3237,10.);
#917=VECTOR('',#3238,10.);
#918=VECTOR('',#3241,10.);
#919=VECTOR('',#3248,1.75);
#920=VECTOR('',#3253,10.);
#921=VECTOR('',#3254,10.);
#922=VECTOR('',#3255,10.);
#923=VECTOR('',#3256,10.);
#924=VECTOR('',#3263,10.);
#925=VECTOR('',#3266,10.);
#926=VECTOR('',#3267,10.);
#927=VECTOR('',#3268,10.);
#928=VECTOR('',#3275,10.);
#929=VECTOR('',#3278,10.);
#930=VECTOR('',#3279,10.);
#931=VECTOR('',#3280,10.);
#932=VECTOR('',#3287,10.);
#933=VECTOR('',#3290,10.);
#934=VECTOR('',#3291,10.);
#935=VECTOR('',#3292,10.);
#936=VECTOR('',#3303,1.75);
#937=VECTOR('',#3310,1.75);
#938=VECTOR('',#3317,1.75);
#939=VECTOR('',#3322,10.);
#940=VECTOR('',#3323,10.);
#941=VECTOR('',#3324,10.);
#942=VECTOR('',#3325,10.);
#943=VECTOR('',#3332,10.);
#944=VECTOR('',#3335,10.);
#945=VECTOR('',#3336,10.);
#946=VECTOR('',#3337,10.);
#947=VECTOR('',#3344,10.);
#948=VECTOR('',#3347,10.);
#949=VECTOR('',#3348,10.);
#950=VECTOR('',#3349,10.);
#951=VECTOR('',#3356,10.);
#952=VECTOR('',#3359,10.);
#953=VECTOR('',#3360,10.);
#954=VECTOR('',#3361,10.);
#955=VECTOR('',#3372,1.525);
#956=VECTOR('',#3377,10.);
#957=VECTOR('',#3378,10.);
#958=VECTOR('',#3379,10.);
#959=VECTOR('',#3380,10.);
#960=VECTOR('',#3387,10.);
#961=VECTOR('',#3390,10.);
#962=VECTOR('',#3391,10.);
#963=VECTOR('',#3392,10.);
#964=VECTOR('',#3399,10.);
#965=VECTOR('',#3402,10.);
#966=VECTOR('',#3403,10.);
#967=VECTOR('',#3404,10.);
#968=VECTOR('',#3411,10.);
#969=VECTOR('',#3414,10.);
#970=VECTOR('',#3415,10.);
#971=VECTOR('',#3416,10.);
#972=VECTOR('',#3425,10.);
#973=VECTOR('',#3426,10.);
#974=VECTOR('',#3427,10.);
#975=VECTOR('',#3428,10.);
#976=VECTOR('',#3435,10.);
#977=VECTOR('',#3438,10.);
#978=VECTOR('',#3439,10.);
#979=VECTOR('',#3440,10.);
#980=VECTOR('',#3447,10.);
#981=VECTOR('',#3450,10.);
#982=VECTOR('',#3451,10.);
#983=VECTOR('',#3452,10.);
#984=VECTOR('',#3459,10.);
#985=VECTOR('',#3462,10.);
#986=VECTOR('',#3463,10.);
#987=VECTOR('',#3464,10.);
#988=VECTOR('',#3473,10.);
#989=VECTOR('',#3474,10.);
#990=VECTOR('',#3475,10.);
#991=VECTOR('',#3476,10.);
#992=VECTOR('',#3483,10.);
#993=VECTOR('',#3486,10.);
#994=VECTOR('',#3487,10.);
#995=VECTOR('',#3488,10.);
#996=VECTOR('',#3495,10.);
#997=VECTOR('',#3498,10.);
#998=VECTOR('',#3499,10.);
#999=VECTOR('',#3500,10.);
#1000=VECTOR('',#3507,10.);
#1001=VECTOR('',#3510,10.);
#1002=VECTOR('',#3511,10.);
#1003=VECTOR('',#3512,10.);
#1004=VECTOR('',#3523,1.525);
#1005=VECTOR('',#3528,10.);
#1006=VECTOR('',#3529,10.);
#1007=VECTOR('',#3530,10.);
#1008=VECTOR('',#3531,10.);
#1009=VECTOR('',#3534,10.);
#1010=VECTOR('',#3535,10.);
#1011=VECTOR('',#3536,10.);
#1012=VECTOR('',#3539,10.);
#1013=VECTOR('',#3540,10.);
#1014=VECTOR('',#3541,10.);
#1015=VECTOR('',#3544,10.);
#1016=VECTOR('',#3545,10.);
#1017=VECTOR('',#3546,10.);
#1018=VECTOR('',#3549,10.);
#1019=VECTOR('',#3550,10.);
#1020=VECTOR('',#3551,10.);
#1021=VECTOR('',#3554,10.);
#1022=VECTOR('',#3555,10.);
#1023=VECTOR('',#3556,10.);
#1024=VECTOR('',#3559,10.);
#1025=VECTOR('',#3560,10.);
#1026=VECTOR('',#3561,10.);
#1027=VECTOR('',#3568,10.);
#1028=VECTOR('',#3571,10.);
#1029=VECTOR('',#3572,10.);
#1030=VECTOR('',#3573,10.);
#1031=VECTOR('',#3580,10.);
#1032=VECTOR('',#3583,10.);
#1033=VECTOR('',#3584,10.);
#1034=VECTOR('',#3585,10.);
#1035=VECTOR('',#3592,10.);
#1036=VECTOR('',#3595,10.);
#1037=VECTOR('',#3596,10.);
#1038=VECTOR('',#3597,10.);
#1039=VECTOR('',#3604,10.);
#1040=VECTOR('',#3607,10.);
#1041=VECTOR('',#3608,10.);
#1042=VECTOR('',#3609,10.);
#1043=VECTOR('',#3612,10.);
#1044=VECTOR('',#3613,10.);
#1045=VERTEX_POINT('',#3620);
#1046=VERTEX_POINT('',#3621);
#1047=VERTEX_POINT('',#3623);
#1048=VERTEX_POINT('',#3625);
#1049=VERTEX_POINT('',#3627);
#1050=VERTEX_POINT('',#3629);
#1051=VERTEX_POINT('',#3631);
#1052=VERTEX_POINT('',#3633);
#1053=VERTEX_POINT('',#3635);
#1054=VERTEX_POINT('',#3637);
#1055=VERTEX_POINT('',#3639);
#1056=VERTEX_POINT('',#3641);
#1057=VERTEX_POINT('',#3643);
#1058=VERTEX_POINT('',#3645);
#1059=VERTEX_POINT('',#3647);
#1060=VERTEX_POINT('',#3649);
#1061=VERTEX_POINT('',#3652);
#1062=VERTEX_POINT('',#3654);
#1063=VERTEX_POINT('',#3655);
#1064=VERTEX_POINT('',#3657);
#1065=VERTEX_POINT('',#3659);
#1066=VERTEX_POINT('',#3661);
#1067=VERTEX_POINT('',#3663);
#1068=VERTEX_POINT('',#3665);
#1069=VERTEX_POINT('',#3667);
#1070=VERTEX_POINT('',#3670);
#1071=VERTEX_POINT('',#3672);
#1072=VERTEX_POINT('',#3673);
#1073=VERTEX_POINT('',#3675);
#1074=VERTEX_POINT('',#3677);
#1075=VERTEX_POINT('',#3679);
#1076=VERTEX_POINT('',#3681);
#1077=VERTEX_POINT('',#3683);
#1078=VERTEX_POINT('',#3685);
#1079=VERTEX_POINT('',#3688);
#1080=VERTEX_POINT('',#3689);
#1081=VERTEX_POINT('',#3691);
#1082=VERTEX_POINT('',#3693);
#1083=VERTEX_POINT('',#3695);
#1084=VERTEX_POINT('',#3697);
#1085=VERTEX_POINT('',#3699);
#1086=VERTEX_POINT('',#3701);
#1087=VERTEX_POINT('',#3704);
#1088=VERTEX_POINT('',#3705);
#1089=VERTEX_POINT('',#3707);
#1090=VERTEX_POINT('',#3709);
#1091=VERTEX_POINT('',#3711);
#1092=VERTEX_POINT('',#3713);
#1093=VERTEX_POINT('',#3715);
#1094=VERTEX_POINT('',#3717);
#1095=VERTEX_POINT('',#3720);
#1096=VERTEX_POINT('',#3722);
#1097=VERTEX_POINT('',#3724);
#1098=VERTEX_POINT('',#3726);
#1099=VERTEX_POINT('',#3727);
#1100=VERTEX_POINT('',#3729);
#1101=VERTEX_POINT('',#3731);
#1102=VERTEX_POINT('',#3733);
#1103=VERTEX_POINT('',#3735);
#1104=VERTEX_POINT('',#3737);
#1105=VERTEX_POINT('',#3739);
#1106=VERTEX_POINT('',#3742);
#1107=VERTEX_POINT('',#3745);
#1108=VERTEX_POINT('',#3749);
#1109=VERTEX_POINT('',#3750);
#1110=VERTEX_POINT('',#3755);
#1111=VERTEX_POINT('',#3759);
#1112=VERTEX_POINT('',#3763);
#1113=VERTEX_POINT('',#3767);
#1114=VERTEX_POINT('',#3771);
#1115=VERTEX_POINT('',#3775);
#1116=VERTEX_POINT('',#3781);
#1117=VERTEX_POINT('',#3785);
#1118=VERTEX_POINT('',#3789);
#1119=VERTEX_POINT('',#3793);
#1120=VERTEX_POINT('',#3794);
#1121=VERTEX_POINT('',#3799);
#1122=VERTEX_POINT('',#3803);
#1123=VERTEX_POINT('',#3807);
#1124=VERTEX_POINT('',#3811);
#1125=VERTEX_POINT('',#3815);
#1126=VERTEX_POINT('',#3819);
#1127=VERTEX_POINT('',#3825);
#1128=VERTEX_POINT('',#3826);
#1129=VERTEX_POINT('',#3831);
#1130=VERTEX_POINT('',#3835);
#1131=VERTEX_POINT('',#3839);
#1132=VERTEX_POINT('',#3843);
#1133=VERTEX_POINT('',#3847);
#1134=VERTEX_POINT('',#3851);
#1135=VERTEX_POINT('',#3857);
#1136=VERTEX_POINT('',#3858);
#1137=VERTEX_POINT('',#3863);
#1138=VERTEX_POINT('',#3867);
#1139=VERTEX_POINT('',#3871);
#1140=VERTEX_POINT('',#3875);
#1141=VERTEX_POINT('',#3879);
#1142=VERTEX_POINT('',#3883);
#1143=VERTEX_POINT('',#3889);
#1144=VERTEX_POINT('',#3893);
#1145=VERTEX_POINT('',#3894);
#1146=VERTEX_POINT('',#3899);
#1147=VERTEX_POINT('',#3903);
#1148=VERTEX_POINT('',#3907);
#1149=VERTEX_POINT('',#3911);
#1150=VERTEX_POINT('',#3915);
#1151=VERTEX_POINT('',#3919);
#1152=VERTEX_POINT('',#3925);
#1153=VERTEX_POINT('',#3929);
#1154=VERTEX_POINT('',#3930);
#1155=VERTEX_POINT('',#3935);
#1156=VERTEX_POINT('',#3939);
#1157=VERTEX_POINT('',#3943);
#1158=VERTEX_POINT('',#3947);
#1159=VERTEX_POINT('',#3951);
#1160=VERTEX_POINT('',#3955);
#1161=VERTEX_POINT('',#3959);
#1162=VERTEX_POINT('',#3963);
#1163=VERTEX_POINT('',#3967);
#1164=VERTEX_POINT('',#3971);
#1165=VERTEX_POINT('',#3975);
#1166=VERTEX_POINT('',#3979);
#1167=VERTEX_POINT('',#3983);
#1168=VERTEX_POINT('',#3987);
#1169=VERTEX_POINT('',#3994);
#1170=VERTEX_POINT('',#3996);
#1171=VERTEX_POINT('',#4000);
#1172=VERTEX_POINT('',#4001);
#1173=VERTEX_POINT('',#4003);
#1174=VERTEX_POINT('',#4005);
#1175=VERTEX_POINT('',#4009);
#1176=VERTEX_POINT('',#4011);
#1177=VERTEX_POINT('',#4015);
#1178=VERTEX_POINT('',#4017);
#1179=VERTEX_POINT('',#4021);
#1180=VERTEX_POINT('',#4023);
#1181=VERTEX_POINT('',#4027);
#1182=VERTEX_POINT('',#4029);
#1183=VERTEX_POINT('',#4033);
#1184=VERTEX_POINT('',#4035);
#1185=VERTEX_POINT('',#4039);
#1186=VERTEX_POINT('',#4041);
#1187=VERTEX_POINT('',#4048);
#1188=VERTEX_POINT('',#4050);
#1189=VERTEX_POINT('',#4054);
#1190=VERTEX_POINT('',#4056);
#1191=VERTEX_POINT('',#4060);
#1192=VERTEX_POINT('',#4062);
#1193=VERTEX_POINT('',#4066);
#1194=VERTEX_POINT('',#4067);
#1195=VERTEX_POINT('',#4069);
#1196=VERTEX_POINT('',#4071);
#1197=VERTEX_POINT('',#4075);
#1198=VERTEX_POINT('',#4077);
#1199=VERTEX_POINT('',#4081);
#1200=VERTEX_POINT('',#4083);
#1201=VERTEX_POINT('',#4087);
#1202=VERTEX_POINT('',#4089);
#1203=VERTEX_POINT('',#4093);
#1204=VERTEX_POINT('',#4095);
#1205=VERTEX_POINT('',#4099);
#1206=VERTEX_POINT('',#4101);
#1207=VERTEX_POINT('',#4105);
#1208=VERTEX_POINT('',#4107);
#1209=VERTEX_POINT('',#4114);
#1210=VERTEX_POINT('',#4116);
#1211=VERTEX_POINT('',#4120);
#1212=VERTEX_POINT('',#4121);
#1213=VERTEX_POINT('',#4123);
#1214=VERTEX_POINT('',#4125);
#1215=VERTEX_POINT('',#4129);
#1216=VERTEX_POINT('',#4131);
#1217=VERTEX_POINT('',#4135);
#1218=VERTEX_POINT('',#4137);
#1219=VERTEX_POINT('',#4141);
#1220=VERTEX_POINT('',#4143);
#1221=VERTEX_POINT('',#4147);
#1222=VERTEX_POINT('',#4149);
#1223=VERTEX_POINT('',#4153);
#1224=VERTEX_POINT('',#4155);
#1225=VERTEX_POINT('',#4159);
#1226=VERTEX_POINT('',#4161);
#1227=VERTEX_POINT('',#4168);
#1228=VERTEX_POINT('',#4169);
#1229=VERTEX_POINT('',#4171);
#1230=VERTEX_POINT('',#4173);
#1231=VERTEX_POINT('',#4177);
#1232=VERTEX_POINT('',#4179);
#1233=VERTEX_POINT('',#4183);
#1234=VERTEX_POINT('',#4185);
#1235=VERTEX_POINT('',#4189);
#1236=VERTEX_POINT('',#4191);
#1237=VERTEX_POINT('',#4195);
#1238=VERTEX_POINT('',#4197);
#1239=VERTEX_POINT('',#4201);
#1240=VERTEX_POINT('',#4203);
#1241=VERTEX_POINT('',#4207);
#1242=VERTEX_POINT('',#4209);
#1243=VERTEX_POINT('',#4216);
#1244=VERTEX_POINT('',#4217);
#1245=VERTEX_POINT('',#4219);
#1246=VERTEX_POINT('',#4221);
#1247=VERTEX_POINT('',#4225);
#1248=VERTEX_POINT('',#4227);
#1249=VERTEX_POINT('',#4231);
#1250=VERTEX_POINT('',#4233);
#1251=VERTEX_POINT('',#4237);
#1252=VERTEX_POINT('',#4239);
#1253=VERTEX_POINT('',#4243);
#1254=VERTEX_POINT('',#4245);
#1255=VERTEX_POINT('',#4249);
#1256=VERTEX_POINT('',#4251);
#1257=VERTEX_POINT('',#4255);
#1258=VERTEX_POINT('',#4257);
#1259=VERTEX_POINT('',#4264);
#1260=VERTEX_POINT('',#4266);
#1261=VERTEX_POINT('',#4270);
#1262=VERTEX_POINT('',#4271);
#1263=VERTEX_POINT('',#4273);
#1264=VERTEX_POINT('',#4275);
#1265=VERTEX_POINT('',#4279);
#1266=VERTEX_POINT('',#4281);
#1267=VERTEX_POINT('',#4285);
#1268=VERTEX_POINT('',#4287);
#1269=VERTEX_POINT('',#4291);
#1270=VERTEX_POINT('',#4293);
#1271=VERTEX_POINT('',#4297);
#1272=VERTEX_POINT('',#4299);
#1273=VERTEX_POINT('',#4303);
#1274=VERTEX_POINT('',#4305);
#1275=VERTEX_POINT('',#4309);
#1276=VERTEX_POINT('',#4311);
#1277=VERTEX_POINT('',#4315);
#1278=VERTEX_POINT('',#4317);
#1279=VERTEX_POINT('',#4321);
#1280=VERTEX_POINT('',#4323);
#1281=VERTEX_POINT('',#4327);
#1282=VERTEX_POINT('',#4329);
#1283=VERTEX_POINT('',#4333);
#1284=VERTEX_POINT('',#4335);
#1285=VERTEX_POINT('',#4339);
#1286=VERTEX_POINT('',#4341);
#1287=VERTEX_POINT('',#4345);
#1288=VERTEX_POINT('',#4347);
#1289=VERTEX_POINT('',#4351);
#1290=VERTEX_POINT('',#4353);
#1291=VERTEX_POINT('',#4357);
#1292=VERTEX_POINT('',#4359);
#1293=EDGE_CURVE('',#1045,#1046,#541,.T.);
#1294=EDGE_CURVE('',#1046,#1047,#542,.T.);
#1295=EDGE_CURVE('',#1047,#1048,#421,.T.);
#1296=EDGE_CURVE('',#1048,#1049,#543,.T.);
#1297=EDGE_CURVE('',#1049,#1050,#422,.T.);
#1298=EDGE_CURVE('',#1050,#1051,#544,.T.);
#1299=EDGE_CURVE('',#1051,#1052,#423,.T.);
#1300=EDGE_CURVE('',#1052,#1053,#545,.T.);
#1301=EDGE_CURVE('',#1053,#1054,#424,.T.);
#1302=EDGE_CURVE('',#1054,#1055,#546,.T.);
#1303=EDGE_CURVE('',#1055,#1056,#547,.T.);
#1304=EDGE_CURVE('',#1056,#1057,#548,.T.);
#1305=EDGE_CURVE('',#1057,#1058,#549,.T.);
#1306=EDGE_CURVE('',#1058,#1059,#550,.T.);
#1307=EDGE_CURVE('',#1059,#1060,#551,.T.);
#1308=EDGE_CURVE('',#1060,#1045,#552,.T.);
#1309=EDGE_CURVE('',#1061,#1061,#425,.T.);
#1310=EDGE_CURVE('',#1062,#1063,#426,.T.);
#1311=EDGE_CURVE('',#1063,#1064,#553,.T.);
#1312=EDGE_CURVE('',#1064,#1065,#427,.T.);
#1313=EDGE_CURVE('',#1065,#1066,#554,.T.);
#1314=EDGE_CURVE('',#1066,#1067,#428,.T.);
#1315=EDGE_CURVE('',#1067,#1068,#555,.T.);
#1316=EDGE_CURVE('',#1068,#1069,#429,.T.);
#1317=EDGE_CURVE('',#1069,#1062,#556,.T.);
#1318=EDGE_CURVE('',#1070,#1070,#430,.T.);
#1319=EDGE_CURVE('',#1071,#1072,#431,.T.);
#1320=EDGE_CURVE('',#1072,#1073,#557,.T.);
#1321=EDGE_CURVE('',#1073,#1074,#432,.T.);
#1322=EDGE_CURVE('',#1074,#1075,#558,.T.);
#1323=EDGE_CURVE('',#1075,#1076,#433,.T.);
#1324=EDGE_CURVE('',#1076,#1077,#559,.T.);
#1325=EDGE_CURVE('',#1077,#1078,#434,.T.);
#1326=EDGE_CURVE('',#1078,#1071,#560,.T.);
#1327=EDGE_CURVE('',#1079,#1080,#435,.T.);
#1328=EDGE_CURVE('',#1080,#1081,#561,.T.);
#1329=EDGE_CURVE('',#1081,#1082,#436,.T.);
#1330=EDGE_CURVE('',#1082,#1083,#562,.T.);
#1331=EDGE_CURVE('',#1083,#1084,#437,.T.);
#1332=EDGE_CURVE('',#1084,#1085,#563,.T.);
#1333=EDGE_CURVE('',#1085,#1086,#438,.T.);
#1334=EDGE_CURVE('',#1086,#1079,#564,.T.);
#1335=EDGE_CURVE('',#1087,#1088,#439,.T.);
#1336=EDGE_CURVE('',#1088,#1089,#565,.T.);
#1337=EDGE_CURVE('',#1089,#1090,#440,.T.);
#1338=EDGE_CURVE('',#1090,#1091,#566,.T.);
#1339=EDGE_CURVE('',#1091,#1092,#441,.T.);
#1340=EDGE_CURVE('',#1092,#1093,#567,.T.);
#1341=EDGE_CURVE('',#1093,#1094,#442,.T.);
#1342=EDGE_CURVE('',#1094,#1087,#568,.T.);
#1343=EDGE_CURVE('',#1095,#1095,#443,.T.);
#1344=EDGE_CURVE('',#1096,#1096,#444,.T.);
#1345=EDGE_CURVE('',#1097,#1097,#445,.T.);
#1346=EDGE_CURVE('',#1098,#1099,#446,.T.);
#1347=EDGE_CURVE('',#1099,#1100,#569,.T.);
#1348=EDGE_CURVE('',#1100,#1101,#447,.T.);
#1349=EDGE_CURVE('',#1101,#1102,#570,.T.);
#1350=EDGE_CURVE('',#1102,#1103,#448,.T.);
#1351=EDGE_CURVE('',#1103,#1104,#571,.T.);
#1352=EDGE_CURVE('',#1104,#1105,#449,.T.);
#1353=EDGE_CURVE('',#1105,#1098,#572,.T.);
#1354=EDGE_CURVE('',#1106,#1106,#450,.T.);
#1355=EDGE_CURVE('',#1106,#1107,#573,.T.);
#1356=EDGE_CURVE('',#1107,#1107,#451,.T.);
#1357=EDGE_CURVE('',#1108,#1109,#574,.T.);
#1358=EDGE_CURVE('',#1109,#1098,#575,.T.);
#1359=EDGE_CURVE('',#1108,#1105,#576,.T.);
#1360=EDGE_CURVE('',#1110,#1108,#452,.T.);
#1361=EDGE_CURVE('',#1110,#1104,#577,.T.);
#1362=EDGE_CURVE('',#1111,#1110,#578,.T.);
#1363=EDGE_CURVE('',#1111,#1103,#579,.T.);
#1364=EDGE_CURVE('',#1112,#1111,#453,.T.);
#1365=EDGE_CURVE('',#1112,#1102,#580,.T.);
#1366=EDGE_CURVE('',#1113,#1112,#581,.T.);
#1367=EDGE_CURVE('',#1113,#1101,#582,.T.);
#1368=EDGE_CURVE('',#1114,#1113,#454,.T.);
#1369=EDGE_CURVE('',#1114,#1100,#583,.T.);
#1370=EDGE_CURVE('',#1115,#1114,#584,.T.);
#1371=EDGE_CURVE('',#1115,#1099,#585,.T.);
#1372=EDGE_CURVE('',#1109,#1115,#455,.T.);
#1373=EDGE_CURVE('',#1097,#1116,#586,.T.);
#1374=EDGE_CURVE('',#1116,#1116,#456,.T.);
#1375=EDGE_CURVE('',#1096,#1117,#587,.T.);
#1376=EDGE_CURVE('',#1117,#1117,#457,.T.);
#1377=EDGE_CURVE('',#1095,#1118,#588,.T.);
#1378=EDGE_CURVE('',#1118,#1118,#458,.T.);
#1379=EDGE_CURVE('',#1119,#1120,#589,.T.);
#1380=EDGE_CURVE('',#1120,#1087,#590,.T.);
#1381=EDGE_CURVE('',#1119,#1094,#591,.T.);
#1382=EDGE_CURVE('',#1121,#1119,#459,.T.);
#1383=EDGE_CURVE('',#1121,#1093,#592,.T.);
#1384=EDGE_CURVE('',#1122,#1121,#593,.T.);
#1385=EDGE_CURVE('',#1122,#1092,#594,.T.);
#1386=EDGE_CURVE('',#1123,#1122,#460,.T.);
#1387=EDGE_CURVE('',#1123,#1091,#595,.T.);
#1388=EDGE_CURVE('',#1124,#1123,#596,.T.);
#1389=EDGE_CURVE('',#1124,#1090,#597,.T.);
#1390=EDGE_CURVE('',#1125,#1124,#461,.T.);
#1391=EDGE_CURVE('',#1125,#1089,#598,.T.);
#1392=EDGE_CURVE('',#1126,#1125,#599,.T.);
#1393=EDGE_CURVE('',#1126,#1088,#600,.T.);
#1394=EDGE_CURVE('',#1120,#1126,#462,.T.);
#1395=EDGE_CURVE('',#1127,#1128,#601,.T.);
#1396=EDGE_CURVE('',#1128,#1079,#602,.T.);
#1397=EDGE_CURVE('',#1127,#1086,#603,.T.);
#1398=EDGE_CURVE('',#1129,#1127,#463,.T.);
#1399=EDGE_CURVE('',#1129,#1085,#604,.T.);
#1400=EDGE_CURVE('',#1130,#1129,#605,.T.);
#1401=EDGE_CURVE('',#1130,#1084,#606,.T.);
#1402=EDGE_CURVE('',#1131,#1130,#464,.T.);
#1403=EDGE_CURVE('',#1131,#1083,#607,.T.);
#1404=EDGE_CURVE('',#1132,#1131,#608,.T.);
#1405=EDGE_CURVE('',#1132,#1082,#609,.T.);
#1406=EDGE_CURVE('',#1133,#1132,#465,.T.);
#1407=EDGE_CURVE('',#1133,#1081,#610,.T.);
#1408=EDGE_CURVE('',#1134,#1133,#611,.T.);
#1409=EDGE_CURVE('',#1134,#1080,#612,.T.);
#1410=EDGE_CURVE('',#1128,#1134,#466,.T.);
#1411=EDGE_CURVE('',#1135,#1136,#613,.T.);
#1412=EDGE_CURVE('',#1136,#1071,#614,.T.);
#1413=EDGE_CURVE('',#1135,#1078,#615,.T.);
#1414=EDGE_CURVE('',#1137,#1135,#467,.T.);
#1415=EDGE_CURVE('',#1137,#1077,#616,.T.);
#1416=EDGE_CURVE('',#1138,#1137,#617,.T.);
#1417=EDGE_CURVE('',#1138,#1076,#618,.T.);
#1418=EDGE_CURVE('',#1139,#1138,#468,.T.);
#1419=EDGE_CURVE('',#1139,#1075,#619,.T.);
#1420=EDGE_CURVE('',#1140,#1139,#620,.T.);
#1421=EDGE_CURVE('',#1140,#1074,#621,.T.);
#1422=EDGE_CURVE('',#1141,#1140,#469,.T.);
#1423=EDGE_CURVE('',#1141,#1073,#622,.T.);
#1424=EDGE_CURVE('',#1142,#1141,#623,.T.);
#1425=EDGE_CURVE('',#1142,#1072,#624,.T.);
#1426=EDGE_CURVE('',#1136,#1142,#470,.T.);
#1427=EDGE_CURVE('',#1070,#1143,#625,.T.);
#1428=EDGE_CURVE('',#1143,#1143,#471,.T.);
#1429=EDGE_CURVE('',#1144,#1145,#626,.T.);
#1430=EDGE_CURVE('',#1145,#1062,#627,.T.);
#1431=EDGE_CURVE('',#1144,#1069,#628,.T.);
#1432=EDGE_CURVE('',#1146,#1144,#472,.T.);
#1433=EDGE_CURVE('',#1146,#1068,#629,.T.);
#1434=EDGE_CURVE('',#1147,#1146,#630,.T.);
#1435=EDGE_CURVE('',#1147,#1067,#631,.T.);
#1436=EDGE_CURVE('',#1148,#1147,#473,.T.);
#1437=EDGE_CURVE('',#1148,#1066,#632,.T.);
#1438=EDGE_CURVE('',#1149,#1148,#633,.T.);
#1439=EDGE_CURVE('',#1149,#1065,#634,.T.);
#1440=EDGE_CURVE('',#1150,#1149,#474,.T.);
#1441=EDGE_CURVE('',#1150,#1064,#635,.T.);
#1442=EDGE_CURVE('',#1151,#1150,#636,.T.);
#1443=EDGE_CURVE('',#1151,#1063,#637,.T.);
#1444=EDGE_CURVE('',#1145,#1151,#475,.T.);
#1445=EDGE_CURVE('',#1061,#1152,#638,.T.);
#1446=EDGE_CURVE('',#1152,#1152,#476,.T.);
#1447=EDGE_CURVE('',#1153,#1154,#639,.T.);
#1448=EDGE_CURVE('',#1153,#1045,#640,.T.);
#1449=EDGE_CURVE('',#1154,#1060,#641,.T.);
#1450=EDGE_CURVE('',#1155,#1154,#642,.T.);
#1451=EDGE_CURVE('',#1155,#1059,#643,.T.);
#1452=EDGE_CURVE('',#1156,#1155,#644,.T.);
#1453=EDGE_CURVE('',#1156,#1058,#645,.T.);
#1454=EDGE_CURVE('',#1157,#1156,#646,.T.);
#1455=EDGE_CURVE('',#1157,#1057,#647,.T.);
#1456=EDGE_CURVE('',#1158,#1157,#648,.T.);
#1457=EDGE_CURVE('',#1158,#1056,#649,.T.);
#1458=EDGE_CURVE('',#1158,#1159,#650,.T.);
#1459=EDGE_CURVE('',#1159,#1055,#651,.T.);
#1460=EDGE_CURVE('',#1160,#1159,#652,.T.);
#1461=EDGE_CURVE('',#1160,#1054,#653,.T.);
#1462=EDGE_CURVE('',#1161,#1160,#477,.T.);
#1463=EDGE_CURVE('',#1161,#1053,#654,.T.);
#1464=EDGE_CURVE('',#1161,#1162,#655,.T.);
#1465=EDGE_CURVE('',#1162,#1052,#656,.T.);
#1466=EDGE_CURVE('',#1163,#1162,#478,.T.);
#1467=EDGE_CURVE('',#1163,#1051,#657,.T.);
#1468=EDGE_CURVE('',#1163,#1164,#658,.T.);
#1469=EDGE_CURVE('',#1164,#1050,#659,.T.);
#1470=EDGE_CURVE('',#1165,#1164,#479,.T.);
#1471=EDGE_CURVE('',#1165,#1049,#660,.T.);
#1472=EDGE_CURVE('',#1165,#1166,#661,.T.);
#1473=EDGE_CURVE('',#1166,#1048,#662,.T.);
#1474=EDGE_CURVE('',#1167,#1166,#480,.T.);
#1475=EDGE_CURVE('',#1167,#1047,#663,.T.);
#1476=EDGE_CURVE('',#1168,#1167,#664,.T.);
#1477=EDGE_CURVE('',#1168,#1046,#665,.T.);
#1478=EDGE_CURVE('',#1153,#1168,#666,.T.);
#1479=EDGE_CURVE('',#1169,#1169,#481,.T.);
#1480=EDGE_CURVE('',#1169,#1170,#667,.T.);
#1481=EDGE_CURVE('',#1170,#1170,#482,.T.);
#1482=EDGE_CURVE('',#1171,#1172,#668,.T.);
#1483=EDGE_CURVE('',#1172,#1173,#669,.T.);
#1484=EDGE_CURVE('',#1174,#1173,#670,.T.);
#1485=EDGE_CURVE('',#1171,#1174,#671,.T.);
#1486=EDGE_CURVE('',#1175,#1171,#483,.T.);
#1487=EDGE_CURVE('',#1176,#1174,#484,.T.);
#1488=EDGE_CURVE('',#1175,#1176,#672,.T.);
#1489=EDGE_CURVE('',#1177,#1175,#673,.T.);
#1490=EDGE_CURVE('',#1178,#1176,#674,.T.);
#1491=EDGE_CURVE('',#1177,#1178,#675,.T.);
#1492=EDGE_CURVE('',#1179,#1177,#485,.T.);
#1493=EDGE_CURVE('',#1180,#1178,#486,.T.);
#1494=EDGE_CURVE('',#1179,#1180,#676,.T.);
#1495=EDGE_CURVE('',#1181,#1179,#677,.T.);
#1496=EDGE_CURVE('',#1182,#1180,#678,.T.);
#1497=EDGE_CURVE('',#1181,#1182,#679,.T.);
#1498=EDGE_CURVE('',#1183,#1181,#487,.T.);
#1499=EDGE_CURVE('',#1184,#1182,#488,.T.);
#1500=EDGE_CURVE('',#1183,#1184,#680,.T.);
#1501=EDGE_CURVE('',#1185,#1183,#681,.T.);
#1502=EDGE_CURVE('',#1186,#1184,#682,.T.);
#1503=EDGE_CURVE('',#1185,#1186,#683,.T.);
#1504=EDGE_CURVE('',#1172,#1185,#489,.T.);
#1505=EDGE_CURVE('',#1173,#1186,#490,.T.);
#1506=EDGE_CURVE('',#1187,#1187,#491,.T.);
#1507=EDGE_CURVE('',#1187,#1188,#684,.T.);
#1508=EDGE_CURVE('',#1188,#1188,#492,.T.);
#1509=EDGE_CURVE('',#1189,#1189,#493,.T.);
#1510=EDGE_CURVE('',#1189,#1190,#685,.T.);
#1511=EDGE_CURVE('',#1190,#1190,#494,.T.);
#1512=EDGE_CURVE('',#1191,#1191,#495,.T.);
#1513=EDGE_CURVE('',#1191,#1192,#686,.T.);
#1514=EDGE_CURVE('',#1192,#1192,#496,.T.);
#1515=EDGE_CURVE('',#1193,#1194,#687,.T.);
#1516=EDGE_CURVE('',#1194,#1195,#688,.T.);
#1517=EDGE_CURVE('',#1196,#1195,#689,.T.);
#1518=EDGE_CURVE('',#1193,#1196,#690,.T.);
#1519=EDGE_CURVE('',#1197,#1193,#497,.T.);
#1520=EDGE_CURVE('',#1198,#1196,#498,.T.);
#1521=EDGE_CURVE('',#1197,#1198,#691,.T.);
#1522=EDGE_CURVE('',#1199,#1197,#692,.T.);
#1523=EDGE_CURVE('',#1200,#1198,#693,.T.);
#1524=EDGE_CURVE('',#1199,#1200,#694,.T.);
#1525=EDGE_CURVE('',#1201,#1199,#499,.T.);
#1526=EDGE_CURVE('',#1202,#1200,#500,.T.);
#1527=EDGE_CURVE('',#1201,#1202,#695,.T.);
#1528=EDGE_CURVE('',#1203,#1201,#696,.T.);
#1529=EDGE_CURVE('',#1204,#1202,#697,.T.);
#1530=EDGE_CURVE('',#1203,#1204,#698,.T.);
#1531=EDGE_CURVE('',#1205,#1203,#501,.T.);
#1532=EDGE_CURVE('',#1206,#1204,#502,.T.);
#1533=EDGE_CURVE('',#1205,#1206,#699,.T.);
#1534=EDGE_CURVE('',#1207,#1205,#700,.T.);
#1535=EDGE_CURVE('',#1208,#1206,#701,.T.);
#1536=EDGE_CURVE('',#1207,#1208,#702,.T.);
#1537=EDGE_CURVE('',#1194,#1207,#503,.T.);
#1538=EDGE_CURVE('',#1195,#1208,#504,.T.);
#1539=EDGE_CURVE('',#1209,#1209,#505,.T.);
#1540=EDGE_CURVE('',#1209,#1210,#703,.T.);
#1541=EDGE_CURVE('',#1210,#1210,#506,.T.);
#1542=EDGE_CURVE('',#1211,#1212,#704,.T.);
#1543=EDGE_CURVE('',#1212,#1213,#705,.T.);
#1544=EDGE_CURVE('',#1214,#1213,#706,.T.);
#1545=EDGE_CURVE('',#1211,#1214,#707,.T.);
#1546=EDGE_CURVE('',#1215,#1211,#507,.T.);
#1547=EDGE_CURVE('',#1216,#1214,#508,.T.);
#1548=EDGE_CURVE('',#1215,#1216,#708,.T.);
#1549=EDGE_CURVE('',#1217,#1215,#709,.T.);
#1550=EDGE_CURVE('',#1218,#1216,#710,.T.);
#1551=EDGE_CURVE('',#1217,#1218,#711,.T.);
#1552=EDGE_CURVE('',#1219,#1217,#509,.T.);
#1553=EDGE_CURVE('',#1220,#1218,#510,.T.);
#1554=EDGE_CURVE('',#1219,#1220,#712,.T.);
#1555=EDGE_CURVE('',#1221,#1219,#713,.T.);
#1556=EDGE_CURVE('',#1222,#1220,#714,.T.);
#1557=EDGE_CURVE('',#1221,#1222,#715,.T.);
#1558=EDGE_CURVE('',#1223,#1221,#511,.T.);
#1559=EDGE_CURVE('',#1224,#1222,#512,.T.);
#1560=EDGE_CURVE('',#1223,#1224,#716,.T.);
#1561=EDGE_CURVE('',#1225,#1223,#717,.T.);
#1562=EDGE_CURVE('',#1226,#1224,#718,.T.);
#1563=EDGE_CURVE('',#1225,#1226,#719,.T.);
#1564=EDGE_CURVE('',#1212,#1225,#513,.T.);
#1565=EDGE_CURVE('',#1213,#1226,#514,.T.);
#1566=EDGE_CURVE('',#1227,#1228,#720,.T.);
#1567=EDGE_CURVE('',#1228,#1229,#721,.T.);
#1568=EDGE_CURVE('',#1230,#1229,#722,.T.);
#1569=EDGE_CURVE('',#1227,#1230,#723,.T.);
#1570=EDGE_CURVE('',#1231,#1227,#515,.T.);
#1571=EDGE_CURVE('',#1232,#1230,#516,.T.);
#1572=EDGE_CURVE('',#1231,#1232,#724,.T.);
#1573=EDGE_CURVE('',#1233,#1231,#725,.T.);
#1574=EDGE_CURVE('',#1234,#1232,#726,.T.);
#1575=EDGE_CURVE('',#1233,#1234,#727,.T.);
#1576=EDGE_CURVE('',#1235,#1233,#517,.T.);
#1577=EDGE_CURVE('',#1236,#1234,#518,.T.);
#1578=EDGE_CURVE('',#1235,#1236,#728,.T.);
#1579=EDGE_CURVE('',#1237,#1235,#729,.T.);
#1580=EDGE_CURVE('',#1238,#1236,#730,.T.);
#1581=EDGE_CURVE('',#1237,#1238,#731,.T.);
#1582=EDGE_CURVE('',#1239,#1237,#519,.T.);
#1583=EDGE_CURVE('',#1240,#1238,#520,.T.);
#1584=EDGE_CURVE('',#1239,#1240,#732,.T.);
#1585=EDGE_CURVE('',#1241,#1239,#733,.T.);
#1586=EDGE_CURVE('',#1242,#1240,#734,.T.);
#1587=EDGE_CURVE('',#1241,#1242,#735,.T.);
#1588=EDGE_CURVE('',#1228,#1241,#521,.T.);
#1589=EDGE_CURVE('',#1229,#1242,#522,.T.);
#1590=EDGE_CURVE('',#1243,#1244,#736,.T.);
#1591=EDGE_CURVE('',#1244,#1245,#737,.T.);
#1592=EDGE_CURVE('',#1246,#1245,#738,.T.);
#1593=EDGE_CURVE('',#1243,#1246,#739,.T.);
#1594=EDGE_CURVE('',#1247,#1243,#523,.T.);
#1595=EDGE_CURVE('',#1248,#1246,#524,.T.);
#1596=EDGE_CURVE('',#1247,#1248,#740,.T.);
#1597=EDGE_CURVE('',#1249,#1247,#741,.T.);
#1598=EDGE_CURVE('',#1250,#1248,#742,.T.);
#1599=EDGE_CURVE('',#1249,#1250,#743,.T.);
#1600=EDGE_CURVE('',#1251,#1249,#525,.T.);
#1601=EDGE_CURVE('',#1252,#1250,#526,.T.);
#1602=EDGE_CURVE('',#1251,#1252,#744,.T.);
#1603=EDGE_CURVE('',#1253,#1251,#745,.T.);
#1604=EDGE_CURVE('',#1254,#1252,#746,.T.);
#1605=EDGE_CURVE('',#1253,#1254,#747,.T.);
#1606=EDGE_CURVE('',#1255,#1253,#527,.T.);
#1607=EDGE_CURVE('',#1256,#1254,#528,.T.);
#1608=EDGE_CURVE('',#1255,#1256,#748,.T.);
#1609=EDGE_CURVE('',#1257,#1255,#749,.T.);
#1610=EDGE_CURVE('',#1258,#1256,#750,.T.);
#1611=EDGE_CURVE('',#1257,#1258,#751,.T.);
#1612=EDGE_CURVE('',#1244,#1257,#529,.T.);
#1613=EDGE_CURVE('',#1245,#1258,#530,.T.);
#1614=EDGE_CURVE('',#1259,#1259,#531,.T.);
#1615=EDGE_CURVE('',#1259,#1260,#752,.T.);
#1616=EDGE_CURVE('',#1260,#1260,#532,.T.);
#1617=EDGE_CURVE('',#1261,#1262,#753,.T.);
#1618=EDGE_CURVE('',#1261,#1263,#754,.T.);
#1619=EDGE_CURVE('',#1264,#1263,#755,.T.);
#1620=EDGE_CURVE('',#1262,#1264,#756,.T.);
#1621=EDGE_CURVE('',#1265,#1262,#757,.T.);
#1622=EDGE_CURVE('',#1266,#1264,#758,.T.);
#1623=EDGE_CURVE('',#1265,#1266,#759,.T.);
#1624=EDGE_CURVE('',#1267,#1265,#760,.T.);
#1625=EDGE_CURVE('',#1268,#1266,#761,.T.);
#1626=EDGE_CURVE('',#1267,#1268,#762,.T.);
#1627=EDGE_CURVE('',#1269,#1267,#763,.T.);
#1628=EDGE_CURVE('',#1270,#1268,#764,.T.);
#1629=EDGE_CURVE('',#1269,#1270,#765,.T.);
#1630=EDGE_CURVE('',#1271,#1269,#766,.T.);
#1631=EDGE_CURVE('',#1272,#1270,#767,.T.);
#1632=EDGE_CURVE('',#1271,#1272,#768,.T.);
#1633=EDGE_CURVE('',#1271,#1273,#769,.T.);
#1634=EDGE_CURVE('',#1274,#1272,#770,.T.);
#1635=EDGE_CURVE('',#1273,#1274,#771,.T.);
#1636=EDGE_CURVE('',#1275,#1273,#772,.T.);
#1637=EDGE_CURVE('',#1276,#1274,#773,.T.);
#1638=EDGE_CURVE('',#1275,#1276,#774,.T.);
#1639=EDGE_CURVE('',#1277,#1275,#533,.T.);
#1640=EDGE_CURVE('',#1278,#1276,#534,.T.);
#1641=EDGE_CURVE('',#1277,#1278,#775,.T.);
#1642=EDGE_CURVE('',#1277,#1279,#776,.T.);
#1643=EDGE_CURVE('',#1280,#1278,#777,.T.);
#1644=EDGE_CURVE('',#1279,#1280,#778,.T.);
#1645=EDGE_CURVE('',#1281,#1279,#535,.T.);
#1646=EDGE_CURVE('',#1282,#1280,#536,.T.);
#1647=EDGE_CURVE('',#1281,#1282,#779,.T.);
#1648=EDGE_CURVE('',#1281,#1283,#780,.T.);
#1649=EDGE_CURVE('',#1284,#1282,#781,.T.);
#1650=EDGE_CURVE('',#1283,#1284,#782,.T.);
#1651=EDGE_CURVE('',#1285,#1283,#537,.T.);
#1652=EDGE_CURVE('',#1286,#1284,#538,.T.);
#1653=EDGE_CURVE('',#1285,#1286,#783,.T.);
#1654=EDGE_CURVE('',#1285,#1287,#784,.T.);
#1655=EDGE_CURVE('',#1288,#1286,#785,.T.);
#1656=EDGE_CURVE('',#1287,#1288,#786,.T.);
#1657=EDGE_CURVE('',#1289,#1287,#539,.T.);
#1658=EDGE_CURVE('',#1290,#1288,#540,.T.);
#1659=EDGE_CURVE('',#1289,#1290,#787,.T.);
#1660=EDGE_CURVE('',#1291,#1289,#788,.T.);
#1661=EDGE_CURVE('',#1292,#1290,#789,.T.);
#1662=EDGE_CURVE('',#1291,#1292,#790,.T.);
#1663=EDGE_CURVE('',#1261,#1291,#791,.T.);
#1664=EDGE_CURVE('',#1263,#1292,#792,.T.);
#1665=ORIENTED_EDGE('',*,*,#1293,.T.);
#1666=ORIENTED_EDGE('',*,*,#1294,.T.);
#1667=ORIENTED_EDGE('',*,*,#1295,.T.);
#1668=ORIENTED_EDGE('',*,*,#1296,.T.);
#1669=ORIENTED_EDGE('',*,*,#1297,.T.);
#1670=ORIENTED_EDGE('',*,*,#1298,.T.);
#1671=ORIENTED_EDGE('',*,*,#1299,.T.);
#1672=ORIENTED_EDGE('',*,*,#1300,.T.);
#1673=ORIENTED_EDGE('',*,*,#1301,.T.);
#1674=ORIENTED_EDGE('',*,*,#1302,.T.);
#1675=ORIENTED_EDGE('',*,*,#1303,.T.);
#1676=ORIENTED_EDGE('',*,*,#1304,.T.);
#1677=ORIENTED_EDGE('',*,*,#1305,.T.);
#1678=ORIENTED_EDGE('',*,*,#1306,.T.);
#1679=ORIENTED_EDGE('',*,*,#1307,.T.);
#1680=ORIENTED_EDGE('',*,*,#1308,.T.);
#1681=ORIENTED_EDGE('',*,*,#1309,.T.);
#1682=ORIENTED_EDGE('',*,*,#1310,.T.);
#1683=ORIENTED_EDGE('',*,*,#1311,.T.);
#1684=ORIENTED_EDGE('',*,*,#1312,.T.);
#1685=ORIENTED_EDGE('',*,*,#1313,.T.);
#1686=ORIENTED_EDGE('',*,*,#1314,.T.);
#1687=ORIENTED_EDGE('',*,*,#1315,.T.);
#1688=ORIENTED_EDGE('',*,*,#1316,.T.);
#1689=ORIENTED_EDGE('',*,*,#1317,.T.);
#1690=ORIENTED_EDGE('',*,*,#1318,.T.);
#1691=ORIENTED_EDGE('',*,*,#1319,.T.);
#1692=ORIENTED_EDGE('',*,*,#1320,.T.);
#1693=ORIENTED_EDGE('',*,*,#1321,.T.);
#1694=ORIENTED_EDGE('',*,*,#1322,.T.);
#1695=ORIENTED_EDGE('',*,*,#1323,.T.);
#1696=ORIENTED_EDGE('',*,*,#1324,.T.);
#1697=ORIENTED_EDGE('',*,*,#1325,.T.);
#1698=ORIENTED_EDGE('',*,*,#1326,.T.);
#1699=ORIENTED_EDGE('',*,*,#1327,.T.);
#1700=ORIENTED_EDGE('',*,*,#1328,.T.);
#1701=ORIENTED_EDGE('',*,*,#1329,.T.);
#1702=ORIENTED_EDGE('',*,*,#1330,.T.);
#1703=ORIENTED_EDGE('',*,*,#1331,.T.);
#1704=ORIENTED_EDGE('',*,*,#1332,.T.);
#1705=ORIENTED_EDGE('',*,*,#1333,.T.);
#1706=ORIENTED_EDGE('',*,*,#1334,.T.);
#1707=ORIENTED_EDGE('',*,*,#1335,.T.);
#1708=ORIENTED_EDGE('',*,*,#1336,.T.);
#1709=ORIENTED_EDGE('',*,*,#1337,.T.);
#1710=ORIENTED_EDGE('',*,*,#1338,.T.);
#1711=ORIENTED_EDGE('',*,*,#1339,.T.);
#1712=ORIENTED_EDGE('',*,*,#1340,.T.);
#1713=ORIENTED_EDGE('',*,*,#1341,.T.);
#1714=ORIENTED_EDGE('',*,*,#1342,.T.);
#1715=ORIENTED_EDGE('',*,*,#1343,.T.);
#1716=ORIENTED_EDGE('',*,*,#1344,.T.);
#1717=ORIENTED_EDGE('',*,*,#1345,.T.);
#1718=ORIENTED_EDGE('',*,*,#1346,.T.);
#1719=ORIENTED_EDGE('',*,*,#1347,.T.);
#1720=ORIENTED_EDGE('',*,*,#1348,.T.);
#1721=ORIENTED_EDGE('',*,*,#1349,.T.);
#1722=ORIENTED_EDGE('',*,*,#1350,.T.);
#1723=ORIENTED_EDGE('',*,*,#1351,.T.);
#1724=ORIENTED_EDGE('',*,*,#1352,.T.);
#1725=ORIENTED_EDGE('',*,*,#1353,.T.);
#1726=ORIENTED_EDGE('',*,*,#1354,.T.);
#1727=ORIENTED_EDGE('',*,*,#1354,.F.);
#1728=ORIENTED_EDGE('',*,*,#1355,.T.);
#1729=ORIENTED_EDGE('',*,*,#1356,.T.);
#1730=ORIENTED_EDGE('',*,*,#1355,.F.);
#1731=ORIENTED_EDGE('',*,*,#1357,.T.);
#1732=ORIENTED_EDGE('',*,*,#1358,.T.);
#1733=ORIENTED_EDGE('',*,*,#1353,.F.);
#1734=ORIENTED_EDGE('',*,*,#1359,.F.);
#1735=ORIENTED_EDGE('',*,*,#1360,.T.);
#1736=ORIENTED_EDGE('',*,*,#1359,.T.);
#1737=ORIENTED_EDGE('',*,*,#1352,.F.);
#1738=ORIENTED_EDGE('',*,*,#1361,.F.);
#1739=ORIENTED_EDGE('',*,*,#1362,.T.);
#1740=ORIENTED_EDGE('',*,*,#1361,.T.);
#1741=ORIENTED_EDGE('',*,*,#1351,.F.);
#1742=ORIENTED_EDGE('',*,*,#1363,.F.);
#1743=ORIENTED_EDGE('',*,*,#1364,.T.);
#1744=ORIENTED_EDGE('',*,*,#1363,.T.);
#1745=ORIENTED_EDGE('',*,*,#1350,.F.);
#1746=ORIENTED_EDGE('',*,*,#1365,.F.);
#1747=ORIENTED_EDGE('',*,*,#1366,.T.);
#1748=ORIENTED_EDGE('',*,*,#1365,.T.);
#1749=ORIENTED_EDGE('',*,*,#1349,.F.);
#1750=ORIENTED_EDGE('',*,*,#1367,.F.);
#1751=ORIENTED_EDGE('',*,*,#1368,.T.);
#1752=ORIENTED_EDGE('',*,*,#1367,.T.);
#1753=ORIENTED_EDGE('',*,*,#1348,.F.);
#1754=ORIENTED_EDGE('',*,*,#1369,.F.);
#1755=ORIENTED_EDGE('',*,*,#1370,.T.);
#1756=ORIENTED_EDGE('',*,*,#1369,.T.);
#1757=ORIENTED_EDGE('',*,*,#1347,.F.);
#1758=ORIENTED_EDGE('',*,*,#1371,.F.);
#1759=ORIENTED_EDGE('',*,*,#1372,.T.);
#1760=ORIENTED_EDGE('',*,*,#1371,.T.);
#1761=ORIENTED_EDGE('',*,*,#1346,.F.);
#1762=ORIENTED_EDGE('',*,*,#1358,.F.);
#1763=ORIENTED_EDGE('',*,*,#1345,.F.);
#1764=ORIENTED_EDGE('',*,*,#1373,.T.);
#1765=ORIENTED_EDGE('',*,*,#1374,.T.);
#1766=ORIENTED_EDGE('',*,*,#1373,.F.);
#1767=ORIENTED_EDGE('',*,*,#1344,.F.);
#1768=ORIENTED_EDGE('',*,*,#1375,.T.);
#1769=ORIENTED_EDGE('',*,*,#1376,.T.);
#1770=ORIENTED_EDGE('',*,*,#1375,.F.);
#1771=ORIENTED_EDGE('',*,*,#1343,.F.);
#1772=ORIENTED_EDGE('',*,*,#1377,.T.);
#1773=ORIENTED_EDGE('',*,*,#1378,.T.);
#1774=ORIENTED_EDGE('',*,*,#1377,.F.);
#1775=ORIENTED_EDGE('',*,*,#1379,.T.);
#1776=ORIENTED_EDGE('',*,*,#1380,.T.);
#1777=ORIENTED_EDGE('',*,*,#1342,.F.);
#1778=ORIENTED_EDGE('',*,*,#1381,.F.);
#1779=ORIENTED_EDGE('',*,*,#1382,.T.);
#1780=ORIENTED_EDGE('',*,*,#1381,.T.);
#1781=ORIENTED_EDGE('',*,*,#1341,.F.);
#1782=ORIENTED_EDGE('',*,*,#1383,.F.);
#1783=ORIENTED_EDGE('',*,*,#1384,.T.);
#1784=ORIENTED_EDGE('',*,*,#1383,.T.);
#1785=ORIENTED_EDGE('',*,*,#1340,.F.);
#1786=ORIENTED_EDGE('',*,*,#1385,.F.);
#1787=ORIENTED_EDGE('',*,*,#1386,.T.);
#1788=ORIENTED_EDGE('',*,*,#1385,.T.);
#1789=ORIENTED_EDGE('',*,*,#1339,.F.);
#1790=ORIENTED_EDGE('',*,*,#1387,.F.);
#1791=ORIENTED_EDGE('',*,*,#1388,.T.);
#1792=ORIENTED_EDGE('',*,*,#1387,.T.);
#1793=ORIENTED_EDGE('',*,*,#1338,.F.);
#1794=ORIENTED_EDGE('',*,*,#1389,.F.);
#1795=ORIENTED_EDGE('',*,*,#1390,.T.);
#1796=ORIENTED_EDGE('',*,*,#1389,.T.);
#1797=ORIENTED_EDGE('',*,*,#1337,.F.);
#1798=ORIENTED_EDGE('',*,*,#1391,.F.);
#1799=ORIENTED_EDGE('',*,*,#1392,.T.);
#1800=ORIENTED_EDGE('',*,*,#1391,.T.);
#1801=ORIENTED_EDGE('',*,*,#1336,.F.);
#1802=ORIENTED_EDGE('',*,*,#1393,.F.);
#1803=ORIENTED_EDGE('',*,*,#1394,.T.);
#1804=ORIENTED_EDGE('',*,*,#1393,.T.);
#1805=ORIENTED_EDGE('',*,*,#1335,.F.);
#1806=ORIENTED_EDGE('',*,*,#1380,.F.);
#1807=ORIENTED_EDGE('',*,*,#1395,.T.);
#1808=ORIENTED_EDGE('',*,*,#1396,.T.);
#1809=ORIENTED_EDGE('',*,*,#1334,.F.);
#1810=ORIENTED_EDGE('',*,*,#1397,.F.);
#1811=ORIENTED_EDGE('',*,*,#1398,.T.);
#1812=ORIENTED_EDGE('',*,*,#1397,.T.);
#1813=ORIENTED_EDGE('',*,*,#1333,.F.);
#1814=ORIENTED_EDGE('',*,*,#1399,.F.);
#1815=ORIENTED_EDGE('',*,*,#1400,.T.);
#1816=ORIENTED_EDGE('',*,*,#1399,.T.);
#1817=ORIENTED_EDGE('',*,*,#1332,.F.);
#1818=ORIENTED_EDGE('',*,*,#1401,.F.);
#1819=ORIENTED_EDGE('',*,*,#1402,.T.);
#1820=ORIENTED_EDGE('',*,*,#1401,.T.);
#1821=ORIENTED_EDGE('',*,*,#1331,.F.);
#1822=ORIENTED_EDGE('',*,*,#1403,.F.);
#1823=ORIENTED_EDGE('',*,*,#1404,.T.);
#1824=ORIENTED_EDGE('',*,*,#1403,.T.);
#1825=ORIENTED_EDGE('',*,*,#1330,.F.);
#1826=ORIENTED_EDGE('',*,*,#1405,.F.);
#1827=ORIENTED_EDGE('',*,*,#1406,.T.);
#1828=ORIENTED_EDGE('',*,*,#1405,.T.);
#1829=ORIENTED_EDGE('',*,*,#1329,.F.);
#1830=ORIENTED_EDGE('',*,*,#1407,.F.);
#1831=ORIENTED_EDGE('',*,*,#1408,.T.);
#1832=ORIENTED_EDGE('',*,*,#1407,.T.);
#1833=ORIENTED_EDGE('',*,*,#1328,.F.);
#1834=ORIENTED_EDGE('',*,*,#1409,.F.);
#1835=ORIENTED_EDGE('',*,*,#1410,.T.);
#1836=ORIENTED_EDGE('',*,*,#1409,.T.);
#1837=ORIENTED_EDGE('',*,*,#1327,.F.);
#1838=ORIENTED_EDGE('',*,*,#1396,.F.);
#1839=ORIENTED_EDGE('',*,*,#1411,.T.);
#1840=ORIENTED_EDGE('',*,*,#1412,.T.);
#1841=ORIENTED_EDGE('',*,*,#1326,.F.);
#1842=ORIENTED_EDGE('',*,*,#1413,.F.);
#1843=ORIENTED_EDGE('',*,*,#1414,.T.);
#1844=ORIENTED_EDGE('',*,*,#1413,.T.);
#1845=ORIENTED_EDGE('',*,*,#1325,.F.);
#1846=ORIENTED_EDGE('',*,*,#1415,.F.);
#1847=ORIENTED_EDGE('',*,*,#1416,.T.);
#1848=ORIENTED_EDGE('',*,*,#1415,.T.);
#1849=ORIENTED_EDGE('',*,*,#1324,.F.);
#1850=ORIENTED_EDGE('',*,*,#1417,.F.);
#1851=ORIENTED_EDGE('',*,*,#1418,.T.);
#1852=ORIENTED_EDGE('',*,*,#1417,.T.);
#1853=ORIENTED_EDGE('',*,*,#1323,.F.);
#1854=ORIENTED_EDGE('',*,*,#1419,.F.);
#1855=ORIENTED_EDGE('',*,*,#1420,.T.);
#1856=ORIENTED_EDGE('',*,*,#1419,.T.);
#1857=ORIENTED_EDGE('',*,*,#1322,.F.);
#1858=ORIENTED_EDGE('',*,*,#1421,.F.);
#1859=ORIENTED_EDGE('',*,*,#1422,.T.);
#1860=ORIENTED_EDGE('',*,*,#1421,.T.);
#1861=ORIENTED_EDGE('',*,*,#1321,.F.);
#1862=ORIENTED_EDGE('',*,*,#1423,.F.);
#1863=ORIENTED_EDGE('',*,*,#1424,.T.);
#1864=ORIENTED_EDGE('',*,*,#1423,.T.);
#1865=ORIENTED_EDGE('',*,*,#1320,.F.);
#1866=ORIENTED_EDGE('',*,*,#1425,.F.);
#1867=ORIENTED_EDGE('',*,*,#1426,.T.);
#1868=ORIENTED_EDGE('',*,*,#1425,.T.);
#1869=ORIENTED_EDGE('',*,*,#1319,.F.);
#1870=ORIENTED_EDGE('',*,*,#1412,.F.);
#1871=ORIENTED_EDGE('',*,*,#1318,.F.);
#1872=ORIENTED_EDGE('',*,*,#1427,.T.);
#1873=ORIENTED_EDGE('',*,*,#1428,.T.);
#1874=ORIENTED_EDGE('',*,*,#1427,.F.);
#1875=ORIENTED_EDGE('',*,*,#1429,.T.);
#1876=ORIENTED_EDGE('',*,*,#1430,.T.);
#1877=ORIENTED_EDGE('',*,*,#1317,.F.);
#1878=ORIENTED_EDGE('',*,*,#1431,.F.);
#1879=ORIENTED_EDGE('',*,*,#1432,.T.);
#1880=ORIENTED_EDGE('',*,*,#1431,.T.);
#1881=ORIENTED_EDGE('',*,*,#1316,.F.);
#1882=ORIENTED_EDGE('',*,*,#1433,.F.);
#1883=ORIENTED_EDGE('',*,*,#1434,.T.);
#1884=ORIENTED_EDGE('',*,*,#1433,.T.);
#1885=ORIENTED_EDGE('',*,*,#1315,.F.);
#1886=ORIENTED_EDGE('',*,*,#1435,.F.);
#1887=ORIENTED_EDGE('',*,*,#1436,.T.);
#1888=ORIENTED_EDGE('',*,*,#1435,.T.);
#1889=ORIENTED_EDGE('',*,*,#1314,.F.);
#1890=ORIENTED_EDGE('',*,*,#1437,.F.);
#1891=ORIENTED_EDGE('',*,*,#1438,.T.);
#1892=ORIENTED_EDGE('',*,*,#1437,.T.);
#1893=ORIENTED_EDGE('',*,*,#1313,.F.);
#1894=ORIENTED_EDGE('',*,*,#1439,.F.);
#1895=ORIENTED_EDGE('',*,*,#1440,.T.);
#1896=ORIENTED_EDGE('',*,*,#1439,.T.);
#1897=ORIENTED_EDGE('',*,*,#1312,.F.);
#1898=ORIENTED_EDGE('',*,*,#1441,.F.);
#1899=ORIENTED_EDGE('',*,*,#1442,.T.);
#1900=ORIENTED_EDGE('',*,*,#1441,.T.);
#1901=ORIENTED_EDGE('',*,*,#1311,.F.);
#1902=ORIENTED_EDGE('',*,*,#1443,.F.);
#1903=ORIENTED_EDGE('',*,*,#1444,.T.);
#1904=ORIENTED_EDGE('',*,*,#1443,.T.);
#1905=ORIENTED_EDGE('',*,*,#1310,.F.);
#1906=ORIENTED_EDGE('',*,*,#1430,.F.);
#1907=ORIENTED_EDGE('',*,*,#1309,.F.);
#1908=ORIENTED_EDGE('',*,*,#1445,.T.);
#1909=ORIENTED_EDGE('',*,*,#1446,.T.);
#1910=ORIENTED_EDGE('',*,*,#1445,.F.);
#1911=ORIENTED_EDGE('',*,*,#1447,.F.);
#1912=ORIENTED_EDGE('',*,*,#1448,.T.);
#1913=ORIENTED_EDGE('',*,*,#1308,.F.);
#1914=ORIENTED_EDGE('',*,*,#1449,.F.);
#1915=ORIENTED_EDGE('',*,*,#1450,.T.);
#1916=ORIENTED_EDGE('',*,*,#1449,.T.);
#1917=ORIENTED_EDGE('',*,*,#1307,.F.);
#1918=ORIENTED_EDGE('',*,*,#1451,.F.);
#1919=ORIENTED_EDGE('',*,*,#1452,.T.);
#1920=ORIENTED_EDGE('',*,*,#1451,.T.);
#1921=ORIENTED_EDGE('',*,*,#1306,.F.);
#1922=ORIENTED_EDGE('',*,*,#1453,.F.);
#1923=ORIENTED_EDGE('',*,*,#1454,.T.);
#1924=ORIENTED_EDGE('',*,*,#1453,.T.);
#1925=ORIENTED_EDGE('',*,*,#1305,.F.);
#1926=ORIENTED_EDGE('',*,*,#1455,.F.);
#1927=ORIENTED_EDGE('',*,*,#1456,.T.);
#1928=ORIENTED_EDGE('',*,*,#1455,.T.);
#1929=ORIENTED_EDGE('',*,*,#1304,.F.);
#1930=ORIENTED_EDGE('',*,*,#1457,.F.);
#1931=ORIENTED_EDGE('',*,*,#1458,.F.);
#1932=ORIENTED_EDGE('',*,*,#1457,.T.);
#1933=ORIENTED_EDGE('',*,*,#1303,.F.);
#1934=ORIENTED_EDGE('',*,*,#1459,.F.);
#1935=ORIENTED_EDGE('',*,*,#1460,.T.);
#1936=ORIENTED_EDGE('',*,*,#1459,.T.);
#1937=ORIENTED_EDGE('',*,*,#1302,.F.);
#1938=ORIENTED_EDGE('',*,*,#1461,.F.);
#1939=ORIENTED_EDGE('',*,*,#1462,.T.);
#1940=ORIENTED_EDGE('',*,*,#1461,.T.);
#1941=ORIENTED_EDGE('',*,*,#1301,.F.);
#1942=ORIENTED_EDGE('',*,*,#1463,.F.);
#1943=ORIENTED_EDGE('',*,*,#1464,.F.);
#1944=ORIENTED_EDGE('',*,*,#1463,.T.);
#1945=ORIENTED_EDGE('',*,*,#1300,.F.);
#1946=ORIENTED_EDGE('',*,*,#1465,.F.);
#1947=ORIENTED_EDGE('',*,*,#1466,.T.);
#1948=ORIENTED_EDGE('',*,*,#1465,.T.);
#1949=ORIENTED_EDGE('',*,*,#1299,.F.);
#1950=ORIENTED_EDGE('',*,*,#1467,.F.);
#1951=ORIENTED_EDGE('',*,*,#1468,.F.);
#1952=ORIENTED_EDGE('',*,*,#1467,.T.);
#1953=ORIENTED_EDGE('',*,*,#1298,.F.);
#1954=ORIENTED_EDGE('',*,*,#1469,.F.);
#1955=ORIENTED_EDGE('',*,*,#1470,.T.);
#1956=ORIENTED_EDGE('',*,*,#1469,.T.);
#1957=ORIENTED_EDGE('',*,*,#1297,.F.);
#1958=ORIENTED_EDGE('',*,*,#1471,.F.);
#1959=ORIENTED_EDGE('',*,*,#1472,.F.);
#1960=ORIENTED_EDGE('',*,*,#1471,.T.);
#1961=ORIENTED_EDGE('',*,*,#1296,.F.);
#1962=ORIENTED_EDGE('',*,*,#1473,.F.);
#1963=ORIENTED_EDGE('',*,*,#1474,.T.);
#1964=ORIENTED_EDGE('',*,*,#1473,.T.);
#1965=ORIENTED_EDGE('',*,*,#1295,.F.);
#1966=ORIENTED_EDGE('',*,*,#1475,.F.);
#1967=ORIENTED_EDGE('',*,*,#1476,.T.);
#1968=ORIENTED_EDGE('',*,*,#1475,.T.);
#1969=ORIENTED_EDGE('',*,*,#1294,.F.);
#1970=ORIENTED_EDGE('',*,*,#1477,.F.);
#1971=ORIENTED_EDGE('',*,*,#1478,.T.);
#1972=ORIENTED_EDGE('',*,*,#1477,.T.);
#1973=ORIENTED_EDGE('',*,*,#1293,.F.);
#1974=ORIENTED_EDGE('',*,*,#1448,.F.);
#1975=ORIENTED_EDGE('',*,*,#1478,.F.);
#1976=ORIENTED_EDGE('',*,*,#1447,.T.);
#1977=ORIENTED_EDGE('',*,*,#1450,.F.);
#1978=ORIENTED_EDGE('',*,*,#1452,.F.);
#1979=ORIENTED_EDGE('',*,*,#1454,.F.);
#1980=ORIENTED_EDGE('',*,*,#1456,.F.);
#1981=ORIENTED_EDGE('',*,*,#1458,.T.);
#1982=ORIENTED_EDGE('',*,*,#1460,.F.);
#1983=ORIENTED_EDGE('',*,*,#1462,.F.);
#1984=ORIENTED_EDGE('',*,*,#1464,.T.);
#1985=ORIENTED_EDGE('',*,*,#1466,.F.);
#1986=ORIENTED_EDGE('',*,*,#1468,.T.);
#1987=ORIENTED_EDGE('',*,*,#1470,.F.);
#1988=ORIENTED_EDGE('',*,*,#1472,.T.);
#1989=ORIENTED_EDGE('',*,*,#1474,.F.);
#1990=ORIENTED_EDGE('',*,*,#1476,.F.);
#1991=ORIENTED_EDGE('',*,*,#1446,.F.);
#1992=ORIENTED_EDGE('',*,*,#1444,.F.);
#1993=ORIENTED_EDGE('',*,*,#1429,.F.);
#1994=ORIENTED_EDGE('',*,*,#1432,.F.);
#1995=ORIENTED_EDGE('',*,*,#1434,.F.);
#1996=ORIENTED_EDGE('',*,*,#1436,.F.);
#1997=ORIENTED_EDGE('',*,*,#1438,.F.);
#1998=ORIENTED_EDGE('',*,*,#1440,.F.);
#1999=ORIENTED_EDGE('',*,*,#1442,.F.);
#2000=ORIENTED_EDGE('',*,*,#1428,.F.);
#2001=ORIENTED_EDGE('',*,*,#1426,.F.);
#2002=ORIENTED_EDGE('',*,*,#1411,.F.);
#2003=ORIENTED_EDGE('',*,*,#1414,.F.);
#2004=ORIENTED_EDGE('',*,*,#1416,.F.);
#2005=ORIENTED_EDGE('',*,*,#1418,.F.);
#2006=ORIENTED_EDGE('',*,*,#1420,.F.);
#2007=ORIENTED_EDGE('',*,*,#1422,.F.);
#2008=ORIENTED_EDGE('',*,*,#1424,.F.);
#2009=ORIENTED_EDGE('',*,*,#1410,.F.);
#2010=ORIENTED_EDGE('',*,*,#1395,.F.);
#2011=ORIENTED_EDGE('',*,*,#1398,.F.);
#2012=ORIENTED_EDGE('',*,*,#1400,.F.);
#2013=ORIENTED_EDGE('',*,*,#1402,.F.);
#2014=ORIENTED_EDGE('',*,*,#1404,.F.);
#2015=ORIENTED_EDGE('',*,*,#1406,.F.);
#2016=ORIENTED_EDGE('',*,*,#1408,.F.);
#2017=ORIENTED_EDGE('',*,*,#1394,.F.);
#2018=ORIENTED_EDGE('',*,*,#1379,.F.);
#2019=ORIENTED_EDGE('',*,*,#1382,.F.);
#2020=ORIENTED_EDGE('',*,*,#1384,.F.);
#2021=ORIENTED_EDGE('',*,*,#1386,.F.);
#2022=ORIENTED_EDGE('',*,*,#1388,.F.);
#2023=ORIENTED_EDGE('',*,*,#1390,.F.);
#2024=ORIENTED_EDGE('',*,*,#1392,.F.);
#2025=ORIENTED_EDGE('',*,*,#1378,.F.);
#2026=ORIENTED_EDGE('',*,*,#1376,.F.);
#2027=ORIENTED_EDGE('',*,*,#1374,.F.);
#2028=ORIENTED_EDGE('',*,*,#1372,.F.);
#2029=ORIENTED_EDGE('',*,*,#1357,.F.);
#2030=ORIENTED_EDGE('',*,*,#1360,.F.);
#2031=ORIENTED_EDGE('',*,*,#1362,.F.);
#2032=ORIENTED_EDGE('',*,*,#1364,.F.);
#2033=ORIENTED_EDGE('',*,*,#1366,.F.);
#2034=ORIENTED_EDGE('',*,*,#1368,.F.);
#2035=ORIENTED_EDGE('',*,*,#1370,.F.);
#2036=ORIENTED_EDGE('',*,*,#1356,.F.);
#2037=ORIENTED_EDGE('',*,*,#1479,.F.);
#2038=ORIENTED_EDGE('',*,*,#1480,.T.);
#2039=ORIENTED_EDGE('',*,*,#1481,.T.);
#2040=ORIENTED_EDGE('',*,*,#1480,.F.);
#2041=ORIENTED_EDGE('',*,*,#1482,.T.);
#2042=ORIENTED_EDGE('',*,*,#1483,.T.);
#2043=ORIENTED_EDGE('',*,*,#1484,.F.);
#2044=ORIENTED_EDGE('',*,*,#1485,.F.);
#2045=ORIENTED_EDGE('',*,*,#1486,.T.);
#2046=ORIENTED_EDGE('',*,*,#1485,.T.);
#2047=ORIENTED_EDGE('',*,*,#1487,.F.);
#2048=ORIENTED_EDGE('',*,*,#1488,.F.);
#2049=ORIENTED_EDGE('',*,*,#1489,.T.);
#2050=ORIENTED_EDGE('',*,*,#1488,.T.);
#2051=ORIENTED_EDGE('',*,*,#1490,.F.);
#2052=ORIENTED_EDGE('',*,*,#1491,.F.);
#2053=ORIENTED_EDGE('',*,*,#1492,.T.);
#2054=ORIENTED_EDGE('',*,*,#1491,.T.);
#2055=ORIENTED_EDGE('',*,*,#1493,.F.);
#2056=ORIENTED_EDGE('',*,*,#1494,.F.);
#2057=ORIENTED_EDGE('',*,*,#1495,.T.);
#2058=ORIENTED_EDGE('',*,*,#1494,.T.);
#2059=ORIENTED_EDGE('',*,*,#1496,.F.);
#2060=ORIENTED_EDGE('',*,*,#1497,.F.);
#2061=ORIENTED_EDGE('',*,*,#1498,.T.);
#2062=ORIENTED_EDGE('',*,*,#1497,.T.);
#2063=ORIENTED_EDGE('',*,*,#1499,.F.);
#2064=ORIENTED_EDGE('',*,*,#1500,.F.);
#2065=ORIENTED_EDGE('',*,*,#1501,.T.);
#2066=ORIENTED_EDGE('',*,*,#1500,.T.);
#2067=ORIENTED_EDGE('',*,*,#1502,.F.);
#2068=ORIENTED_EDGE('',*,*,#1503,.F.);
#2069=ORIENTED_EDGE('',*,*,#1504,.T.);
#2070=ORIENTED_EDGE('',*,*,#1503,.T.);
#2071=ORIENTED_EDGE('',*,*,#1505,.F.);
#2072=ORIENTED_EDGE('',*,*,#1483,.F.);
#2073=ORIENTED_EDGE('',*,*,#1506,.F.);
#2074=ORIENTED_EDGE('',*,*,#1507,.T.);
#2075=ORIENTED_EDGE('',*,*,#1508,.T.);
#2076=ORIENTED_EDGE('',*,*,#1507,.F.);
#2077=ORIENTED_EDGE('',*,*,#1509,.F.);
#2078=ORIENTED_EDGE('',*,*,#1510,.T.);
#2079=ORIENTED_EDGE('',*,*,#1511,.T.);
#2080=ORIENTED_EDGE('',*,*,#1510,.F.);
#2081=ORIENTED_EDGE('',*,*,#1512,.F.);
#2082=ORIENTED_EDGE('',*,*,#1513,.T.);
#2083=ORIENTED_EDGE('',*,*,#1514,.T.);
#2084=ORIENTED_EDGE('',*,*,#1513,.F.);
#2085=ORIENTED_EDGE('',*,*,#1515,.T.);
#2086=ORIENTED_EDGE('',*,*,#1516,.T.);
#2087=ORIENTED_EDGE('',*,*,#1517,.F.);
#2088=ORIENTED_EDGE('',*,*,#1518,.F.);
#2089=ORIENTED_EDGE('',*,*,#1519,.T.);
#2090=ORIENTED_EDGE('',*,*,#1518,.T.);
#2091=ORIENTED_EDGE('',*,*,#1520,.F.);
#2092=ORIENTED_EDGE('',*,*,#1521,.F.);
#2093=ORIENTED_EDGE('',*,*,#1522,.T.);
#2094=ORIENTED_EDGE('',*,*,#1521,.T.);
#2095=ORIENTED_EDGE('',*,*,#1523,.F.);
#2096=ORIENTED_EDGE('',*,*,#1524,.F.);
#2097=ORIENTED_EDGE('',*,*,#1525,.T.);
#2098=ORIENTED_EDGE('',*,*,#1524,.T.);
#2099=ORIENTED_EDGE('',*,*,#1526,.F.);
#2100=ORIENTED_EDGE('',*,*,#1527,.F.);
#2101=ORIENTED_EDGE('',*,*,#1528,.T.);
#2102=ORIENTED_EDGE('',*,*,#1527,.T.);
#2103=ORIENTED_EDGE('',*,*,#1529,.F.);
#2104=ORIENTED_EDGE('',*,*,#1530,.F.);
#2105=ORIENTED_EDGE('',*,*,#1531,.T.);
#2106=ORIENTED_EDGE('',*,*,#1530,.T.);
#2107=ORIENTED_EDGE('',*,*,#1532,.F.);
#2108=ORIENTED_EDGE('',*,*,#1533,.F.);
#2109=ORIENTED_EDGE('',*,*,#1534,.T.);
#2110=ORIENTED_EDGE('',*,*,#1533,.T.);
#2111=ORIENTED_EDGE('',*,*,#1535,.F.);
#2112=ORIENTED_EDGE('',*,*,#1536,.F.);
#2113=ORIENTED_EDGE('',*,*,#1537,.T.);
#2114=ORIENTED_EDGE('',*,*,#1536,.T.);
#2115=ORIENTED_EDGE('',*,*,#1538,.F.);
#2116=ORIENTED_EDGE('',*,*,#1516,.F.);
#2117=ORIENTED_EDGE('',*,*,#1539,.F.);
#2118=ORIENTED_EDGE('',*,*,#1540,.T.);
#2119=ORIENTED_EDGE('',*,*,#1541,.T.);
#2120=ORIENTED_EDGE('',*,*,#1540,.F.);
#2121=ORIENTED_EDGE('',*,*,#1542,.T.);
#2122=ORIENTED_EDGE('',*,*,#1543,.T.);
#2123=ORIENTED_EDGE('',*,*,#1544,.F.);
#2124=ORIENTED_EDGE('',*,*,#1545,.F.);
#2125=ORIENTED_EDGE('',*,*,#1546,.T.);
#2126=ORIENTED_EDGE('',*,*,#1545,.T.);
#2127=ORIENTED_EDGE('',*,*,#1547,.F.);
#2128=ORIENTED_EDGE('',*,*,#1548,.F.);
#2129=ORIENTED_EDGE('',*,*,#1549,.T.);
#2130=ORIENTED_EDGE('',*,*,#1548,.T.);
#2131=ORIENTED_EDGE('',*,*,#1550,.F.);
#2132=ORIENTED_EDGE('',*,*,#1551,.F.);
#2133=ORIENTED_EDGE('',*,*,#1552,.T.);
#2134=ORIENTED_EDGE('',*,*,#1551,.T.);
#2135=ORIENTED_EDGE('',*,*,#1553,.F.);
#2136=ORIENTED_EDGE('',*,*,#1554,.F.);
#2137=ORIENTED_EDGE('',*,*,#1555,.T.);
#2138=ORIENTED_EDGE('',*,*,#1554,.T.);
#2139=ORIENTED_EDGE('',*,*,#1556,.F.);
#2140=ORIENTED_EDGE('',*,*,#1557,.F.);
#2141=ORIENTED_EDGE('',*,*,#1558,.T.);
#2142=ORIENTED_EDGE('',*,*,#1557,.T.);
#2143=ORIENTED_EDGE('',*,*,#1559,.F.);
#2144=ORIENTED_EDGE('',*,*,#1560,.F.);
#2145=ORIENTED_EDGE('',*,*,#1561,.T.);
#2146=ORIENTED_EDGE('',*,*,#1560,.T.);
#2147=ORIENTED_EDGE('',*,*,#1562,.F.);
#2148=ORIENTED_EDGE('',*,*,#1563,.F.);
#2149=ORIENTED_EDGE('',*,*,#1564,.T.);
#2150=ORIENTED_EDGE('',*,*,#1563,.T.);
#2151=ORIENTED_EDGE('',*,*,#1565,.F.);
#2152=ORIENTED_EDGE('',*,*,#1543,.F.);
#2153=ORIENTED_EDGE('',*,*,#1566,.T.);
#2154=ORIENTED_EDGE('',*,*,#1567,.T.);
#2155=ORIENTED_EDGE('',*,*,#1568,.F.);
#2156=ORIENTED_EDGE('',*,*,#1569,.F.);
#2157=ORIENTED_EDGE('',*,*,#1570,.T.);
#2158=ORIENTED_EDGE('',*,*,#1569,.T.);
#2159=ORIENTED_EDGE('',*,*,#1571,.F.);
#2160=ORIENTED_EDGE('',*,*,#1572,.F.);
#2161=ORIENTED_EDGE('',*,*,#1573,.T.);
#2162=ORIENTED_EDGE('',*,*,#1572,.T.);
#2163=ORIENTED_EDGE('',*,*,#1574,.F.);
#2164=ORIENTED_EDGE('',*,*,#1575,.F.);
#2165=ORIENTED_EDGE('',*,*,#1576,.T.);
#2166=ORIENTED_EDGE('',*,*,#1575,.T.);
#2167=ORIENTED_EDGE('',*,*,#1577,.F.);
#2168=ORIENTED_EDGE('',*,*,#1578,.F.);
#2169=ORIENTED_EDGE('',*,*,#1579,.T.);
#2170=ORIENTED_EDGE('',*,*,#1578,.T.);
#2171=ORIENTED_EDGE('',*,*,#1580,.F.);
#2172=ORIENTED_EDGE('',*,*,#1581,.F.);
#2173=ORIENTED_EDGE('',*,*,#1582,.T.);
#2174=ORIENTED_EDGE('',*,*,#1581,.T.);
#2175=ORIENTED_EDGE('',*,*,#1583,.F.);
#2176=ORIENTED_EDGE('',*,*,#1584,.F.);
#2177=ORIENTED_EDGE('',*,*,#1585,.T.);
#2178=ORIENTED_EDGE('',*,*,#1584,.T.);
#2179=ORIENTED_EDGE('',*,*,#1586,.F.);
#2180=ORIENTED_EDGE('',*,*,#1587,.F.);
#2181=ORIENTED_EDGE('',*,*,#1588,.T.);
#2182=ORIENTED_EDGE('',*,*,#1587,.T.);
#2183=ORIENTED_EDGE('',*,*,#1589,.F.);
#2184=ORIENTED_EDGE('',*,*,#1567,.F.);
#2185=ORIENTED_EDGE('',*,*,#1590,.T.);
#2186=ORIENTED_EDGE('',*,*,#1591,.T.);
#2187=ORIENTED_EDGE('',*,*,#1592,.F.);
#2188=ORIENTED_EDGE('',*,*,#1593,.F.);
#2189=ORIENTED_EDGE('',*,*,#1594,.T.);
#2190=ORIENTED_EDGE('',*,*,#1593,.T.);
#2191=ORIENTED_EDGE('',*,*,#1595,.F.);
#2192=ORIENTED_EDGE('',*,*,#1596,.F.);
#2193=ORIENTED_EDGE('',*,*,#1597,.T.);
#2194=ORIENTED_EDGE('',*,*,#1596,.T.);
#2195=ORIENTED_EDGE('',*,*,#1598,.F.);
#2196=ORIENTED_EDGE('',*,*,#1599,.F.);
#2197=ORIENTED_EDGE('',*,*,#1600,.T.);
#2198=ORIENTED_EDGE('',*,*,#1599,.T.);
#2199=ORIENTED_EDGE('',*,*,#1601,.F.);
#2200=ORIENTED_EDGE('',*,*,#1602,.F.);
#2201=ORIENTED_EDGE('',*,*,#1603,.T.);
#2202=ORIENTED_EDGE('',*,*,#1602,.T.);
#2203=ORIENTED_EDGE('',*,*,#1604,.F.);
#2204=ORIENTED_EDGE('',*,*,#1605,.F.);
#2205=ORIENTED_EDGE('',*,*,#1606,.T.);
#2206=ORIENTED_EDGE('',*,*,#1605,.T.);
#2207=ORIENTED_EDGE('',*,*,#1607,.F.);
#2208=ORIENTED_EDGE('',*,*,#1608,.F.);
#2209=ORIENTED_EDGE('',*,*,#1609,.T.);
#2210=ORIENTED_EDGE('',*,*,#1608,.T.);
#2211=ORIENTED_EDGE('',*,*,#1610,.F.);
#2212=ORIENTED_EDGE('',*,*,#1611,.F.);
#2213=ORIENTED_EDGE('',*,*,#1612,.T.);
#2214=ORIENTED_EDGE('',*,*,#1611,.T.);
#2215=ORIENTED_EDGE('',*,*,#1613,.F.);
#2216=ORIENTED_EDGE('',*,*,#1591,.F.);
#2217=ORIENTED_EDGE('',*,*,#1614,.F.);
#2218=ORIENTED_EDGE('',*,*,#1615,.T.);
#2219=ORIENTED_EDGE('',*,*,#1616,.T.);
#2220=ORIENTED_EDGE('',*,*,#1615,.F.);
#2221=ORIENTED_EDGE('',*,*,#1617,.F.);
#2222=ORIENTED_EDGE('',*,*,#1618,.T.);
#2223=ORIENTED_EDGE('',*,*,#1619,.F.);
#2224=ORIENTED_EDGE('',*,*,#1620,.F.);
#2225=ORIENTED_EDGE('',*,*,#1621,.T.);
#2226=ORIENTED_EDGE('',*,*,#1620,.T.);
#2227=ORIENTED_EDGE('',*,*,#1622,.F.);
#2228=ORIENTED_EDGE('',*,*,#1623,.F.);
#2229=ORIENTED_EDGE('',*,*,#1624,.T.);
#2230=ORIENTED_EDGE('',*,*,#1623,.T.);
#2231=ORIENTED_EDGE('',*,*,#1625,.F.);
#2232=ORIENTED_EDGE('',*,*,#1626,.F.);
#2233=ORIENTED_EDGE('',*,*,#1627,.T.);
#2234=ORIENTED_EDGE('',*,*,#1626,.T.);
#2235=ORIENTED_EDGE('',*,*,#1628,.F.);
#2236=ORIENTED_EDGE('',*,*,#1629,.F.);
#2237=ORIENTED_EDGE('',*,*,#1630,.T.);
#2238=ORIENTED_EDGE('',*,*,#1629,.T.);
#2239=ORIENTED_EDGE('',*,*,#1631,.F.);
#2240=ORIENTED_EDGE('',*,*,#1632,.F.);
#2241=ORIENTED_EDGE('',*,*,#1633,.F.);
#2242=ORIENTED_EDGE('',*,*,#1632,.T.);
#2243=ORIENTED_EDGE('',*,*,#1634,.F.);
#2244=ORIENTED_EDGE('',*,*,#1635,.F.);
#2245=ORIENTED_EDGE('',*,*,#1636,.T.);
#2246=ORIENTED_EDGE('',*,*,#1635,.T.);
#2247=ORIENTED_EDGE('',*,*,#1637,.F.);
#2248=ORIENTED_EDGE('',*,*,#1638,.F.);
#2249=ORIENTED_EDGE('',*,*,#1639,.T.);
#2250=ORIENTED_EDGE('',*,*,#1638,.T.);
#2251=ORIENTED_EDGE('',*,*,#1640,.F.);
#2252=ORIENTED_EDGE('',*,*,#1641,.F.);
#2253=ORIENTED_EDGE('',*,*,#1642,.F.);
#2254=ORIENTED_EDGE('',*,*,#1641,.T.);
#2255=ORIENTED_EDGE('',*,*,#1643,.F.);
#2256=ORIENTED_EDGE('',*,*,#1644,.F.);
#2257=ORIENTED_EDGE('',*,*,#1645,.T.);
#2258=ORIENTED_EDGE('',*,*,#1644,.T.);
#2259=ORIENTED_EDGE('',*,*,#1646,.F.);
#2260=ORIENTED_EDGE('',*,*,#1647,.F.);
#2261=ORIENTED_EDGE('',*,*,#1648,.F.);
#2262=ORIENTED_EDGE('',*,*,#1647,.T.);
#2263=ORIENTED_EDGE('',*,*,#1649,.F.);
#2264=ORIENTED_EDGE('',*,*,#1650,.F.);
#2265=ORIENTED_EDGE('',*,*,#1651,.T.);
#2266=ORIENTED_EDGE('',*,*,#1650,.T.);
#2267=ORIENTED_EDGE('',*,*,#1652,.F.);
#2268=ORIENTED_EDGE('',*,*,#1653,.F.);
#2269=ORIENTED_EDGE('',*,*,#1654,.F.);
#2270=ORIENTED_EDGE('',*,*,#1653,.T.);
#2271=ORIENTED_EDGE('',*,*,#1655,.F.);
#2272=ORIENTED_EDGE('',*,*,#1656,.F.);
#2273=ORIENTED_EDGE('',*,*,#1657,.T.);
#2274=ORIENTED_EDGE('',*,*,#1656,.T.);
#2275=ORIENTED_EDGE('',*,*,#1658,.F.);
#2276=ORIENTED_EDGE('',*,*,#1659,.F.);
#2277=ORIENTED_EDGE('',*,*,#1660,.T.);
#2278=ORIENTED_EDGE('',*,*,#1659,.T.);
#2279=ORIENTED_EDGE('',*,*,#1661,.F.);
#2280=ORIENTED_EDGE('',*,*,#1662,.F.);
#2281=ORIENTED_EDGE('',*,*,#1663,.T.);
#2282=ORIENTED_EDGE('',*,*,#1662,.T.);
#2283=ORIENTED_EDGE('',*,*,#1664,.F.);
#2284=ORIENTED_EDGE('',*,*,#1618,.F.);
#2285=ORIENTED_EDGE('',*,*,#1664,.T.);
#2286=ORIENTED_EDGE('',*,*,#1661,.T.);
#2287=ORIENTED_EDGE('',*,*,#1658,.T.);
#2288=ORIENTED_EDGE('',*,*,#1655,.T.);
#2289=ORIENTED_EDGE('',*,*,#1652,.T.);
#2290=ORIENTED_EDGE('',*,*,#1649,.T.);
#2291=ORIENTED_EDGE('',*,*,#1646,.T.);
#2292=ORIENTED_EDGE('',*,*,#1643,.T.);
#2293=ORIENTED_EDGE('',*,*,#1640,.T.);
#2294=ORIENTED_EDGE('',*,*,#1637,.T.);
#2295=ORIENTED_EDGE('',*,*,#1634,.T.);
#2296=ORIENTED_EDGE('',*,*,#1631,.T.);
#2297=ORIENTED_EDGE('',*,*,#1628,.T.);
#2298=ORIENTED_EDGE('',*,*,#1625,.T.);
#2299=ORIENTED_EDGE('',*,*,#1622,.T.);
#2300=ORIENTED_EDGE('',*,*,#1619,.T.);
#2301=ORIENTED_EDGE('',*,*,#1614,.T.);
#2302=ORIENTED_EDGE('',*,*,#1613,.T.);
#2303=ORIENTED_EDGE('',*,*,#1610,.T.);
#2304=ORIENTED_EDGE('',*,*,#1607,.T.);
#2305=ORIENTED_EDGE('',*,*,#1604,.T.);
#2306=ORIENTED_EDGE('',*,*,#1601,.T.);
#2307=ORIENTED_EDGE('',*,*,#1598,.T.);
#2308=ORIENTED_EDGE('',*,*,#1595,.T.);
#2309=ORIENTED_EDGE('',*,*,#1592,.T.);
#2310=ORIENTED_EDGE('',*,*,#1589,.T.);
#2311=ORIENTED_EDGE('',*,*,#1586,.T.);
#2312=ORIENTED_EDGE('',*,*,#1583,.T.);
#2313=ORIENTED_EDGE('',*,*,#1580,.T.);
#2314=ORIENTED_EDGE('',*,*,#1577,.T.);
#2315=ORIENTED_EDGE('',*,*,#1574,.T.);
#2316=ORIENTED_EDGE('',*,*,#1571,.T.);
#2317=ORIENTED_EDGE('',*,*,#1568,.T.);
#2318=ORIENTED_EDGE('',*,*,#1565,.T.);
#2319=ORIENTED_EDGE('',*,*,#1562,.T.);
#2320=ORIENTED_EDGE('',*,*,#1559,.T.);
#2321=ORIENTED_EDGE('',*,*,#1556,.T.);
#2322=ORIENTED_EDGE('',*,*,#1553,.T.);
#2323=ORIENTED_EDGE('',*,*,#1550,.T.);
#2324=ORIENTED_EDGE('',*,*,#1547,.T.);
#2325=ORIENTED_EDGE('',*,*,#1544,.T.);
#2326=ORIENTED_EDGE('',*,*,#1539,.T.);
#2327=ORIENTED_EDGE('',*,*,#1538,.T.);
#2328=ORIENTED_EDGE('',*,*,#1535,.T.);
#2329=ORIENTED_EDGE('',*,*,#1532,.T.);
#2330=ORIENTED_EDGE('',*,*,#1529,.T.);
#2331=ORIENTED_EDGE('',*,*,#1526,.T.);
#2332=ORIENTED_EDGE('',*,*,#1523,.T.);
#2333=ORIENTED_EDGE('',*,*,#1520,.T.);
#2334=ORIENTED_EDGE('',*,*,#1517,.T.);
#2335=ORIENTED_EDGE('',*,*,#1512,.T.);
#2336=ORIENTED_EDGE('',*,*,#1509,.T.);
#2337=ORIENTED_EDGE('',*,*,#1506,.T.);
#2338=ORIENTED_EDGE('',*,*,#1505,.T.);
#2339=ORIENTED_EDGE('',*,*,#1502,.T.);
#2340=ORIENTED_EDGE('',*,*,#1499,.T.);
#2341=ORIENTED_EDGE('',*,*,#1496,.T.);
#2342=ORIENTED_EDGE('',*,*,#1493,.T.);
#2343=ORIENTED_EDGE('',*,*,#1490,.T.);
#2344=ORIENTED_EDGE('',*,*,#1487,.T.);
#2345=ORIENTED_EDGE('',*,*,#1484,.T.);
#2346=ORIENTED_EDGE('',*,*,#1479,.T.);
#2347=ORIENTED_EDGE('',*,*,#1663,.F.);
#2348=ORIENTED_EDGE('',*,*,#1617,.T.);
#2349=ORIENTED_EDGE('',*,*,#1621,.F.);
#2350=ORIENTED_EDGE('',*,*,#1624,.F.);
#2351=ORIENTED_EDGE('',*,*,#1627,.F.);
#2352=ORIENTED_EDGE('',*,*,#1630,.F.);
#2353=ORIENTED_EDGE('',*,*,#1633,.T.);
#2354=ORIENTED_EDGE('',*,*,#1636,.F.);
#2355=ORIENTED_EDGE('',*,*,#1639,.F.);
#2356=ORIENTED_EDGE('',*,*,#1642,.T.);
#2357=ORIENTED_EDGE('',*,*,#1645,.F.);
#2358=ORIENTED_EDGE('',*,*,#1648,.T.);
#2359=ORIENTED_EDGE('',*,*,#1651,.F.);
#2360=ORIENTED_EDGE('',*,*,#1654,.T.);
#2361=ORIENTED_EDGE('',*,*,#1657,.F.);
#2362=ORIENTED_EDGE('',*,*,#1660,.F.);
#2363=ORIENTED_EDGE('',*,*,#1616,.F.);
#2364=ORIENTED_EDGE('',*,*,#1612,.F.);
#2365=ORIENTED_EDGE('',*,*,#1590,.F.);
#2366=ORIENTED_EDGE('',*,*,#1594,.F.);
#2367=ORIENTED_EDGE('',*,*,#1597,.F.);
#2368=ORIENTED_EDGE('',*,*,#1600,.F.);
#2369=ORIENTED_EDGE('',*,*,#1603,.F.);
#2370=ORIENTED_EDGE('',*,*,#1606,.F.);
#2371=ORIENTED_EDGE('',*,*,#1609,.F.);
#2372=ORIENTED_EDGE('',*,*,#1588,.F.);
#2373=ORIENTED_EDGE('',*,*,#1566,.F.);
#2374=ORIENTED_EDGE('',*,*,#1570,.F.);
#2375=ORIENTED_EDGE('',*,*,#1573,.F.);
#2376=ORIENTED_EDGE('',*,*,#1576,.F.);
#2377=ORIENTED_EDGE('',*,*,#1579,.F.);
#2378=ORIENTED_EDGE('',*,*,#1582,.F.);
#2379=ORIENTED_EDGE('',*,*,#1585,.F.);
#2380=ORIENTED_EDGE('',*,*,#1564,.F.);
#2381=ORIENTED_EDGE('',*,*,#1542,.F.);
#2382=ORIENTED_EDGE('',*,*,#1546,.F.);
#2383=ORIENTED_EDGE('',*,*,#1549,.F.);
#2384=ORIENTED_EDGE('',*,*,#1552,.F.);
#2385=ORIENTED_EDGE('',*,*,#1555,.F.);
#2386=ORIENTED_EDGE('',*,*,#1558,.F.);
#2387=ORIENTED_EDGE('',*,*,#1561,.F.);
#2388=ORIENTED_EDGE('',*,*,#1541,.F.);
#2389=ORIENTED_EDGE('',*,*,#1537,.F.);
#2390=ORIENTED_EDGE('',*,*,#1515,.F.);
#2391=ORIENTED_EDGE('',*,*,#1519,.F.);
#2392=ORIENTED_EDGE('',*,*,#1522,.F.);
#2393=ORIENTED_EDGE('',*,*,#1525,.F.);
#2394=ORIENTED_EDGE('',*,*,#1528,.F.);
#2395=ORIENTED_EDGE('',*,*,#1531,.F.);
#2396=ORIENTED_EDGE('',*,*,#1534,.F.);
#2397=ORIENTED_EDGE('',*,*,#1514,.F.);
#2398=ORIENTED_EDGE('',*,*,#1511,.F.);
#2399=ORIENTED_EDGE('',*,*,#1508,.F.);
#2400=ORIENTED_EDGE('',*,*,#1504,.F.);
#2401=ORIENTED_EDGE('',*,*,#1482,.F.);
#2402=ORIENTED_EDGE('',*,*,#1486,.F.);
#2403=ORIENTED_EDGE('',*,*,#1489,.F.);
#2404=ORIENTED_EDGE('',*,*,#1492,.F.);
#2405=ORIENTED_EDGE('',*,*,#1495,.F.);
#2406=ORIENTED_EDGE('',*,*,#1498,.F.);
#2407=ORIENTED_EDGE('',*,*,#1501,.F.);
#2408=ORIENTED_EDGE('',*,*,#1481,.F.);
#2409=PLANE('',#2620);
#2410=PLANE('',#2653);
#2411=PLANE('',#2656);
#2412=PLANE('',#2659);
#2413=PLANE('',#2662);
#2414=PLANE('',#2671);
#2415=PLANE('',#2674);
#2416=PLANE('',#2677);
#2417=PLANE('',#2680);
#2418=PLANE('',#2683);
#2419=PLANE('',#2686);
#2420=PLANE('',#2689);
#2421=PLANE('',#2692);
#2422=PLANE('',#2695);
#2423=PLANE('',#2698);
#2424=PLANE('',#2701);
#2425=PLANE('',#2704);
#2426=PLANE('',#2709);
#2427=PLANE('',#2712);
#2428=PLANE('',#2715);
#2429=PLANE('',#2718);
#2430=PLANE('',#2723);
#2431=PLANE('',#2724);
#2432=PLANE('',#2725);
#2433=PLANE('',#2726);
#2434=PLANE('',#2727);
#2435=PLANE('',#2728);
#2436=PLANE('',#2729);
#2437=PLANE('',#2732);
#2438=PLANE('',#2735);
#2439=PLANE('',#2738);
#2440=PLANE('',#2741);
#2441=PLANE('',#2742);
#2442=PLANE('',#2743);
#2443=PLANE('',#2747);
#2444=PLANE('',#2751);
#2445=PLANE('',#2755);
#2446=PLANE('',#2759);
#2447=PLANE('',#2772);
#2448=PLANE('',#2776);
#2449=PLANE('',#2780);
#2450=PLANE('',#2784);
#2451=PLANE('',#2791);
#2452=PLANE('',#2795);
#2453=PLANE('',#2799);
#2454=PLANE('',#2803);
#2455=PLANE('',#2807);
#2456=PLANE('',#2811);
#2457=PLANE('',#2815);
#2458=PLANE('',#2819);
#2459=PLANE('',#2823);
#2460=PLANE('',#2827);
#2461=PLANE('',#2831);
#2462=PLANE('',#2835);
#2463=PLANE('',#2842);
#2464=PLANE('',#2843);
#2465=PLANE('',#2844);
#2466=PLANE('',#2845);
#2467=PLANE('',#2846);
#2468=PLANE('',#2847);
#2469=PLANE('',#2848);
#2470=PLANE('',#2852);
#2471=PLANE('',#2856);
#2472=PLANE('',#2860);
#2473=PLANE('',#2864);
#2474=PLANE('',#2865);
#2475=PLANE('',#2866);
#2476=PLANE('',#2867);
#2477=ADVANCED_FACE('',(#121,#77,#78,#79,#80,#81,#82,#83,#84,#85,#86,#87),
#2409,.T.);
#2478=ADVANCED_FACE('',(#122),#17,.F.);
#2479=ADVANCED_FACE('',(#123),#2410,.T.);
#2480=ADVANCED_FACE('',(#124),#18,.F.);
#2481=ADVANCED_FACE('',(#125),#2411,.T.);
#2482=ADVANCED_FACE('',(#126),#19,.F.);
#2483=ADVANCED_FACE('',(#127),#2412,.T.);
#2484=ADVANCED_FACE('',(#128),#20,.F.);
#2485=ADVANCED_FACE('',(#129),#2413,.T.);
#2486=ADVANCED_FACE('',(#130),#21,.F.);
#2487=ADVANCED_FACE('',(#131),#22,.F.);
#2488=ADVANCED_FACE('',(#132),#23,.F.);
#2489=ADVANCED_FACE('',(#133),#24,.F.);
#2490=ADVANCED_FACE('',(#134),#2414,.T.);
#2491=ADVANCED_FACE('',(#135),#25,.F.);
#2492=ADVANCED_FACE('',(#136),#2415,.T.);
#2493=ADVANCED_FACE('',(#137),#26,.F.);
#2494=ADVANCED_FACE('',(#138),#2416,.T.);
#2495=ADVANCED_FACE('',(#139),#27,.F.);
#2496=ADVANCED_FACE('',(#140),#2417,.T.);
#2497=ADVANCED_FACE('',(#141),#28,.F.);
#2498=ADVANCED_FACE('',(#142),#2418,.T.);
#2499=ADVANCED_FACE('',(#143),#29,.F.);
#2500=ADVANCED_FACE('',(#144),#2419,.T.);
#2501=ADVANCED_FACE('',(#145),#30,.F.);
#2502=ADVANCED_FACE('',(#146),#2420,.T.);
#2503=ADVANCED_FACE('',(#147),#31,.F.);
#2504=ADVANCED_FACE('',(#148),#2421,.T.);
#2505=ADVANCED_FACE('',(#149),#32,.F.);
#2506=ADVANCED_FACE('',(#150),#2422,.T.);
#2507=ADVANCED_FACE('',(#151),#33,.F.);
#2508=ADVANCED_FACE('',(#152),#2423,.T.);
#2509=ADVANCED_FACE('',(#153),#34,.F.);
#2510=ADVANCED_FACE('',(#154),#2424,.T.);
#2511=ADVANCED_FACE('',(#155),#35,.F.);
#2512=ADVANCED_FACE('',(#156),#2425,.T.);
#2513=ADVANCED_FACE('',(#157),#36,.F.);
#2514=ADVANCED_FACE('',(#158),#37,.F.);
#2515=ADVANCED_FACE('',(#159),#2426,.T.);
#2516=ADVANCED_FACE('',(#160),#38,.F.);
#2517=ADVANCED_FACE('',(#161),#2427,.T.);
#2518=ADVANCED_FACE('',(#162),#39,.F.);
#2519=ADVANCED_FACE('',(#163),#2428,.T.);
#2520=ADVANCED_FACE('',(#164),#40,.F.);
#2521=ADVANCED_FACE('',(#165),#2429,.T.);
#2522=ADVANCED_FACE('',(#166),#41,.F.);
#2523=ADVANCED_FACE('',(#167),#42,.F.);
#2524=ADVANCED_FACE('',(#168),#2430,.T.);
#2525=ADVANCED_FACE('',(#169),#2431,.T.);
#2526=ADVANCED_FACE('',(#170),#2432,.T.);
#2527=ADVANCED_FACE('',(#171),#2433,.T.);
#2528=ADVANCED_FACE('',(#172),#2434,.T.);
#2529=ADVANCED_FACE('',(#173),#2435,.T.);
#2530=ADVANCED_FACE('',(#174),#2436,.T.);
#2531=ADVANCED_FACE('',(#175),#43,.T.);
#2532=ADVANCED_FACE('',(#176),#2437,.T.);
#2533=ADVANCED_FACE('',(#177),#44,.T.);
#2534=ADVANCED_FACE('',(#178),#2438,.T.);
#2535=ADVANCED_FACE('',(#179),#45,.T.);
#2536=ADVANCED_FACE('',(#180),#2439,.T.);
#2537=ADVANCED_FACE('',(#181),#46,.T.);
#2538=ADVANCED_FACE('',(#182),#2440,.T.);
#2539=ADVANCED_FACE('',(#183),#2441,.T.);
#2540=ADVANCED_FACE('',(#184,#88,#89,#90,#91,#92,#93,#94,#95,#96,#97,#98),
#2442,.F.);
#2541=ADVANCED_FACE('',(#185),#47,.F.);
#2542=ADVANCED_FACE('',(#186),#2443,.T.);
#2543=ADVANCED_FACE('',(#187),#48,.F.);
#2544=ADVANCED_FACE('',(#188),#2444,.T.);
#2545=ADVANCED_FACE('',(#189),#49,.F.);
#2546=ADVANCED_FACE('',(#190),#2445,.T.);
#2547=ADVANCED_FACE('',(#191),#50,.F.);
#2548=ADVANCED_FACE('',(#192),#2446,.T.);
#2549=ADVANCED_FACE('',(#193),#51,.F.);
#2550=ADVANCED_FACE('',(#194),#52,.F.);
#2551=ADVANCED_FACE('',(#195),#53,.F.);
#2552=ADVANCED_FACE('',(#196),#54,.F.);
#2553=ADVANCED_FACE('',(#197),#2447,.T.);
#2554=ADVANCED_FACE('',(#198),#55,.F.);
#2555=ADVANCED_FACE('',(#199),#2448,.T.);
#2556=ADVANCED_FACE('',(#200),#56,.F.);
#2557=ADVANCED_FACE('',(#201),#2449,.T.);
#2558=ADVANCED_FACE('',(#202),#57,.F.);
#2559=ADVANCED_FACE('',(#203),#2450,.T.);
#2560=ADVANCED_FACE('',(#204),#58,.F.);
#2561=ADVANCED_FACE('',(#205),#59,.F.);
#2562=ADVANCED_FACE('',(#206),#2451,.T.);
#2563=ADVANCED_FACE('',(#207),#60,.F.);
#2564=ADVANCED_FACE('',(#208),#2452,.T.);
#2565=ADVANCED_FACE('',(#209),#61,.F.);
#2566=ADVANCED_FACE('',(#210),#2453,.T.);
#2567=ADVANCED_FACE('',(#211),#62,.F.);
#2568=ADVANCED_FACE('',(#212),#2454,.T.);
#2569=ADVANCED_FACE('',(#213),#63,.F.);
#2570=ADVANCED_FACE('',(#214),#2455,.T.);
#2571=ADVANCED_FACE('',(#215),#64,.F.);
#2572=ADVANCED_FACE('',(#216),#2456,.T.);
#2573=ADVANCED_FACE('',(#217),#65,.F.);
#2574=ADVANCED_FACE('',(#218),#2457,.T.);
#2575=ADVANCED_FACE('',(#219),#66,.F.);
#2576=ADVANCED_FACE('',(#220),#2458,.T.);
#2577=ADVANCED_FACE('',(#221),#67,.F.);
#2578=ADVANCED_FACE('',(#222),#2459,.T.);
#2579=ADVANCED_FACE('',(#223),#68,.F.);
#2580=ADVANCED_FACE('',(#224),#2460,.T.);
#2581=ADVANCED_FACE('',(#225),#69,.F.);
#2582=ADVANCED_FACE('',(#226),#2461,.T.);
#2583=ADVANCED_FACE('',(#227),#70,.F.);
#2584=ADVANCED_FACE('',(#228),#2462,.T.);
#2585=ADVANCED_FACE('',(#229),#71,.F.);
#2586=ADVANCED_FACE('',(#230),#72,.F.);
#2587=ADVANCED_FACE('',(#231),#2463,.T.);
#2588=ADVANCED_FACE('',(#232),#2464,.T.);
#2589=ADVANCED_FACE('',(#233),#2465,.T.);
#2590=ADVANCED_FACE('',(#234),#2466,.T.);
#2591=ADVANCED_FACE('',(#235),#2467,.T.);
#2592=ADVANCED_FACE('',(#236),#2468,.T.);
#2593=ADVANCED_FACE('',(#237),#2469,.T.);
#2594=ADVANCED_FACE('',(#238),#73,.T.);
#2595=ADVANCED_FACE('',(#239),#2470,.T.);
#2596=ADVANCED_FACE('',(#240),#74,.T.);
#2597=ADVANCED_FACE('',(#241),#2471,.T.);
#2598=ADVANCED_FACE('',(#242),#75,.T.);
#2599=ADVANCED_FACE('',(#243),#2472,.T.);
#2600=ADVANCED_FACE('',(#244),#76,.T.);
#2601=ADVANCED_FACE('',(#245),#2473,.T.);
#2602=ADVANCED_FACE('',(#246),#2474,.T.);
#2603=ADVANCED_FACE('',(#247,#99,#100,#101,#102,#103,#104,#105,#106,#107,
#108,#109),#2475,.T.);
#2604=ADVANCED_FACE('',(#248,#110,#111,#112,#113,#114,#115,#116,#117,#118,
#119,#120),#2476,.F.);
#2605=CLOSED_SHELL('',(#2477,#2478,#2479,#2480,#2481,#2482,#2483,#2484,
#2485,#2486,#2487,#2488,#2489,#2490,#2491,#2492,#2493,#2494,#2495,#2496,
#2497,#2498,#2499,#2500,#2501,#2502,#2503,#2504,#2505,#2506,#2507,#2508,
#2509,#2510,#2511,#2512,#2513,#2514,#2515,#2516,#2517,#2518,#2519,#2520,
#2521,#2522,#2523,#2524,#2525,#2526,#2527,#2528,#2529,#2530,#2531,#2532,
#2533,#2534,#2535,#2536,#2537,#2538,#2539,#2540));
#2606=CLOSED_SHELL('',(#2541,#2542,#2543,#2544,#2545,#2546,#2547,#2548,
#2549,#2550,#2551,#2552,#2553,#2554,#2555,#2556,#2557,#2558,#2559,#2560,
#2561,#2562,#2563,#2564,#2565,#2566,#2567,#2568,#2569,#2570,#2571,#2572,
#2573,#2574,#2575,#2576,#2577,#2578,#2579,#2580,#2581,#2582,#2583,#2584,
#2585,#2586,#2587,#2588,#2589,#2590,#2591,#2592,#2593,#2594,#2595,#2596,
#2597,#2598,#2599,#2600,#2601,#2602,#2603,#2604));
#2607=DERIVED_UNIT_ELEMENT(#2609,1.);
#2608=DERIVED_UNIT_ELEMENT(#4372,-3.);
#2609=(
MASS_UNIT()
NAMED_UNIT(*)
SI_UNIT(.KILO.,.GRAM.)
);
#2610=DERIVED_UNIT((#2607,#2608));
#2611=MEASURE_REPRESENTATION_ITEM('density measure',
POSITIVE_RATIO_MEASURE(7850.),#2610);
#2612=PROPERTY_DEFINITION_REPRESENTATION(#2617,#2614);
#2613=PROPERTY_DEFINITION_REPRESENTATION(#2618,#2615);
#2614=REPRESENTATION('material name',(#2616),#4369);
#2615=REPRESENTATION('density',(#2611),#4369);
#2616=DESCRIPTIVE_REPRESENTATION_ITEM('Steel','Steel');
#2617=PROPERTY_DEFINITION('material property','material name',#4379);
#2618=PROPERTY_DEFINITION('material property','density of part',#4379);
#2619=AXIS2_PLACEMENT_3D('',#3618,#2868,#2869);
#2620=AXIS2_PLACEMENT_3D('',#3619,#2870,#2871);
#2621=AXIS2_PLACEMENT_3D('',#3626,#2874,#2875);
#2622=AXIS2_PLACEMENT_3D('',#3630,#2877,#2878);
#2623=AXIS2_PLACEMENT_3D('',#3634,#2880,#2881);
#2624=AXIS2_PLACEMENT_3D('',#3638,#2883,#2884);
#2625=AXIS2_PLACEMENT_3D('',#3653,#2892,#2893);
#2626=AXIS2_PLACEMENT_3D('',#3656,#2894,#2895);
#2627=AXIS2_PLACEMENT_3D('',#3660,#2897,#2898);
#2628=AXIS2_PLACEMENT_3D('',#3664,#2900,#2901);
#2629=AXIS2_PLACEMENT_3D('',#3668,#2903,#2904);
#2630=AXIS2_PLACEMENT_3D('',#3671,#2906,#2907);
#2631=AXIS2_PLACEMENT_3D('',#3674,#2908,#2909);
#2632=AXIS2_PLACEMENT_3D('',#3678,#2911,#2912);
#2633=AXIS2_PLACEMENT_3D('',#3682,#2914,#2915);
#2634=AXIS2_PLACEMENT_3D('',#3686,#2917,#2918);
#2635=AXIS2_PLACEMENT_3D('',#3690,#2920,#2921);
#2636=AXIS2_PLACEMENT_3D('',#3694,#2923,#2924);
#2637=AXIS2_PLACEMENT_3D('',#3698,#2926,#2927);
#2638=AXIS2_PLACEMENT_3D('',#3702,#2929,#2930);
#2639=AXIS2_PLACEMENT_3D('',#3706,#2932,#2933);
#2640=AXIS2_PLACEMENT_3D('',#3710,#2935,#2936);
#2641=AXIS2_PLACEMENT_3D('',#3714,#2938,#2939);
#2642=AXIS2_PLACEMENT_3D('',#3718,#2941,#2942);
#2643=AXIS2_PLACEMENT_3D('',#3721,#2944,#2945);
#2644=AXIS2_PLACEMENT_3D('',#3723,#2946,#2947);
#2645=AXIS2_PLACEMENT_3D('',#3725,#2948,#2949);
#2646=AXIS2_PLACEMENT_3D('',#3728,#2950,#2951);
#2647=AXIS2_PLACEMENT_3D('',#3732,#2953,#2954);
#2648=AXIS2_PLACEMENT_3D('',#3736,#2956,#2957);
#2649=AXIS2_PLACEMENT_3D('',#3740,#2959,#2960);
#2650=AXIS2_PLACEMENT_3D('',#3743,#2962,#2963);
#2651=AXIS2_PLACEMENT_3D('',#3744,#2964,#2965);
#2652=AXIS2_PLACEMENT_3D('',#3747,#2967,#2968);
#2653=AXIS2_PLACEMENT_3D('',#3748,#2969,#2970);
#2654=AXIS2_PLACEMENT_3D('',#3754,#2974,#2975);
#2655=AXIS2_PLACEMENT_3D('',#3756,#2976,#2977);
#2656=AXIS2_PLACEMENT_3D('',#3758,#2979,#2980);
#2657=AXIS2_PLACEMENT_3D('',#3762,#2983,#2984);
#2658=AXIS2_PLACEMENT_3D('',#3764,#2985,#2986);
#2659=AXIS2_PLACEMENT_3D('',#3766,#2988,#2989);
#2660=AXIS2_PLACEMENT_3D('',#3770,#2992,#2993);
#2661=AXIS2_PLACEMENT_3D('',#3772,#2994,#2995);
#2662=AXIS2_PLACEMENT_3D('',#3774,#2997,#2998);
#2663=AXIS2_PLACEMENT_3D('',#3778,#3001,#3002);
#2664=AXIS2_PLACEMENT_3D('',#3779,#3003,#3004);
#2665=AXIS2_PLACEMENT_3D('',#3780,#3005,#3006);
#2666=AXIS2_PLACEMENT_3D('',#3783,#3008,#3009);
#2667=AXIS2_PLACEMENT_3D('',#3784,#3010,#3011);
#2668=AXIS2_PLACEMENT_3D('',#3787,#3013,#3014);
#2669=AXIS2_PLACEMENT_3D('',#3788,#3015,#3016);
#2670=AXIS2_PLACEMENT_3D('',#3791,#3018,#3019);
#2671=AXIS2_PLACEMENT_3D('',#3792,#3020,#3021);
#2672=AXIS2_PLACEMENT_3D('',#3798,#3025,#3026);
#2673=AXIS2_PLACEMENT_3D('',#3800,#3027,#3028);
#2674=AXIS2_PLACEMENT_3D('',#3802,#3030,#3031);
#2675=AXIS2_PLACEMENT_3D('',#3806,#3034,#3035);
#2676=AXIS2_PLACEMENT_3D('',#3808,#3036,#3037);
#2677=AXIS2_PLACEMENT_3D('',#3810,#3039,#3040);
#2678=AXIS2_PLACEMENT_3D('',#3814,#3043,#3044);
#2679=AXIS2_PLACEMENT_3D('',#3816,#3045,#3046);
#2680=AXIS2_PLACEMENT_3D('',#3818,#3048,#3049);
#2681=AXIS2_PLACEMENT_3D('',#3822,#3052,#3053);
#2682=AXIS2_PLACEMENT_3D('',#3823,#3054,#3055);
#2683=AXIS2_PLACEMENT_3D('',#3824,#3056,#3057);
#2684=AXIS2_PLACEMENT_3D('',#3830,#3061,#3062);
#2685=AXIS2_PLACEMENT_3D('',#3832,#3063,#3064);
#2686=AXIS2_PLACEMENT_3D('',#3834,#3066,#3067);
#2687=AXIS2_PLACEMENT_3D('',#3838,#3070,#3071);
#2688=AXIS2_PLACEMENT_3D('',#3840,#3072,#3073);
#2689=AXIS2_PLACEMENT_3D('',#3842,#3075,#3076);
#2690=AXIS2_PLACEMENT_3D('',#3846,#3079,#3080);
#2691=AXIS2_PLACEMENT_3D('',#3848,#3081,#3082);
#2692=AXIS2_PLACEMENT_3D('',#3850,#3084,#3085);
#2693=AXIS2_PLACEMENT_3D('',#3854,#3088,#3089);
#2694=AXIS2_PLACEMENT_3D('',#3855,#3090,#3091);
#2695=AXIS2_PLACEMENT_3D('',#3856,#3092,#3093);
#2696=AXIS2_PLACEMENT_3D('',#3862,#3097,#3098);
#2697=AXIS2_PLACEMENT_3D('',#3864,#3099,#3100);
#2698=AXIS2_PLACEMENT_3D('',#3866,#3102,#3103);
#2699=AXIS2_PLACEMENT_3D('',#3870,#3106,#3107);
#2700=AXIS2_PLACEMENT_3D('',#3872,#3108,#3109);
#2701=AXIS2_PLACEMENT_3D('',#3874,#3111,#3112);
#2702=AXIS2_PLACEMENT_3D('',#3878,#3115,#3116);
#2703=AXIS2_PLACEMENT_3D('',#3880,#3117,#3118);
#2704=AXIS2_PLACEMENT_3D('',#3882,#3120,#3121);
#2705=AXIS2_PLACEMENT_3D('',#3886,#3124,#3125);
#2706=AXIS2_PLACEMENT_3D('',#3887,#3126,#3127);
#2707=AXIS2_PLACEMENT_3D('',#3888,#3128,#3129);
#2708=AXIS2_PLACEMENT_3D('',#3891,#3131,#3132);
#2709=AXIS2_PLACEMENT_3D('',#3892,#3133,#3134);
#2710=AXIS2_PLACEMENT_3D('',#3898,#3138,#3139);
#2711=AXIS2_PLACEMENT_3D('',#3900,#3140,#3141);
#2712=AXIS2_PLACEMENT_3D('',#3902,#3143,#3144);
#2713=AXIS2_PLACEMENT_3D('',#3906,#3147,#3148);
#2714=AXIS2_PLACEMENT_3D('',#3908,#3149,#3150);
#2715=AXIS2_PLACEMENT_3D('',#3910,#3152,#3153);
#2716=AXIS2_PLACEMENT_3D('',#3914,#3156,#3157);
#2717=AXIS2_PLACEMENT_3D('',#3916,#3158,#3159);
#2718=AXIS2_PLACEMENT_3D('',#3918,#3161,#3162);
#2719=AXIS2_PLACEMENT_3D('',#3922,#3165,#3166);
#2720=AXIS2_PLACEMENT_3D('',#3923,#3167,#3168);
#2721=AXIS2_PLACEMENT_3D('',#3924,#3169,#3170);
#2722=AXIS2_PLACEMENT_3D('',#3927,#3172,#3173);
#2723=AXIS2_PLACEMENT_3D('',#3928,#3174,#3175);
#2724=AXIS2_PLACEMENT_3D('',#3934,#3179,#3180);
#2725=AXIS2_PLACEMENT_3D('',#3938,#3183,#3184);
#2726=AXIS2_PLACEMENT_3D('',#3942,#3187,#3188);
#2727=AXIS2_PLACEMENT_3D('',#3946,#3191,#3192);
#2728=AXIS2_PLACEMENT_3D('',#3950,#3195,#3196);
#2729=AXIS2_PLACEMENT_3D('',#3954,#3199,#3200);
#2730=AXIS2_PLACEMENT_3D('',#3958,#3203,#3204);
#2731=AXIS2_PLACEMENT_3D('',#3960,#3205,#3206);
#2732=AXIS2_PLACEMENT_3D('',#3962,#3208,#3209);
#2733=AXIS2_PLACEMENT_3D('',#3966,#3212,#3213);
#2734=AXIS2_PLACEMENT_3D('',#3968,#3214,#3215);
#2735=AXIS2_PLACEMENT_3D('',#3970,#3217,#3218);
#2736=AXIS2_PLACEMENT_3D('',#3974,#3221,#3222);
#2737=AXIS2_PLACEMENT_3D('',#3976,#3223,#3224);
#2738=AXIS2_PLACEMENT_3D('',#3978,#3226,#3227);
#2739=AXIS2_PLACEMENT_3D('',#3982,#3230,#3231);
#2740=AXIS2_PLACEMENT_3D('',#3984,#3232,#3233);
#2741=AXIS2_PLACEMENT_3D('',#3986,#3235,#3236);
#2742=AXIS2_PLACEMENT_3D('',#3990,#3239,#3240);
#2743=AXIS2_PLACEMENT_3D('',#3992,#3242,#3243);
#2744=AXIS2_PLACEMENT_3D('',#3993,#3244,#3245);
#2745=AXIS2_PLACEMENT_3D('',#3995,#3246,#3247);
#2746=AXIS2_PLACEMENT_3D('',#3998,#3249,#3250);
#2747=AXIS2_PLACEMENT_3D('',#3999,#3251,#3252);
#2748=AXIS2_PLACEMENT_3D('',#4008,#3257,#3258);
#2749=AXIS2_PLACEMENT_3D('',#4010,#3259,#3260);
#2750=AXIS2_PLACEMENT_3D('',#4012,#3261,#3262);
#2751=AXIS2_PLACEMENT_3D('',#4014,#3264,#3265);
#2752=AXIS2_PLACEMENT_3D('',#4020,#3269,#3270);
#2753=AXIS2_PLACEMENT_3D('',#4022,#3271,#3272);
#2754=AXIS2_PLACEMENT_3D('',#4024,#3273,#3274);
#2755=AXIS2_PLACEMENT_3D('',#4026,#3276,#3277);
#2756=AXIS2_PLACEMENT_3D('',#4032,#3281,#3282);
#2757=AXIS2_PLACEMENT_3D('',#4034,#3283,#3284);
#2758=AXIS2_PLACEMENT_3D('',#4036,#3285,#3286);
#2759=AXIS2_PLACEMENT_3D('',#4038,#3288,#3289);
#2760=AXIS2_PLACEMENT_3D('',#4044,#3293,#3294);
#2761=AXIS2_PLACEMENT_3D('',#4045,#3295,#3296);
#2762=AXIS2_PLACEMENT_3D('',#4046,#3297,#3298);
#2763=AXIS2_PLACEMENT_3D('',#4047,#3299,#3300);
#2764=AXIS2_PLACEMENT_3D('',#4049,#3301,#3302);
#2765=AXIS2_PLACEMENT_3D('',#4052,#3304,#3305);
#2766=AXIS2_PLACEMENT_3D('',#4053,#3306,#3307);
#2767=AXIS2_PLACEMENT_3D('',#4055,#3308,#3309);
#2768=AXIS2_PLACEMENT_3D('',#4058,#3311,#3312);
#2769=AXIS2_PLACEMENT_3D('',#4059,#3313,#3314);
#2770=AXIS2_PLACEMENT_3D('',#4061,#3315,#3316);
#2771=AXIS2_PLACEMENT_3D('',#4064,#3318,#3319);
#2772=AXIS2_PLACEMENT_3D('',#4065,#3320,#3321);
#2773=AXIS2_PLACEMENT_3D('',#4074,#3326,#3327);
#2774=AXIS2_PLACEMENT_3D('',#4076,#3328,#3329);
#2775=AXIS2_PLACEMENT_3D('',#4078,#3330,#3331);
#2776=AXIS2_PLACEMENT_3D('',#4080,#3333,#3334);
#2777=AXIS2_PLACEMENT_3D('',#4086,#3338,#3339);
#2778=AXIS2_PLACEMENT_3D('',#4088,#3340,#3341);
#2779=AXIS2_PLACEMENT_3D('',#4090,#3342,#3343);
#2780=AXIS2_PLACEMENT_3D('',#4092,#3345,#3346);
#2781=AXIS2_PLACEMENT_3D('',#4098,#3350,#3351);
#2782=AXIS2_PLACEMENT_3D('',#4100,#3352,#3353);
#2783=AXIS2_PLACEMENT_3D('',#4102,#3354,#3355);
#2784=AXIS2_PLACEMENT_3D('',#4104,#3357,#3358);
#2785=AXIS2_PLACEMENT_3D('',#4110,#3362,#3363);
#2786=AXIS2_PLACEMENT_3D('',#4111,#3364,#3365);
#2787=AXIS2_PLACEMENT_3D('',#4112,#3366,#3367);
#2788=AXIS2_PLACEMENT_3D('',#4113,#3368,#3369);
#2789=AXIS2_PLACEMENT_3D('',#4115,#3370,#3371);
#2790=AXIS2_PLACEMENT_3D('',#4118,#3373,#3374);
#2791=AXIS2_PLACEMENT_3D('',#4119,#3375,#3376);
#2792=AXIS2_PLACEMENT_3D('',#4128,#3381,#3382);
#2793=AXIS2_PLACEMENT_3D('',#4130,#3383,#3384);
#2794=AXIS2_PLACEMENT_3D('',#4132,#3385,#3386);
#2795=AXIS2_PLACEMENT_3D('',#4134,#3388,#3389);
#2796=AXIS2_PLACEMENT_3D('',#4140,#3393,#3394);
#2797=AXIS2_PLACEMENT_3D('',#4142,#3395,#3396);
#2798=AXIS2_PLACEMENT_3D('',#4144,#3397,#3398);
#2799=AXIS2_PLACEMENT_3D('',#4146,#3400,#3401);
#2800=AXIS2_PLACEMENT_3D('',#4152,#3405,#3406);
#2801=AXIS2_PLACEMENT_3D('',#4154,#3407,#3408);
#2802=AXIS2_PLACEMENT_3D('',#4156,#3409,#3410);
#2803=AXIS2_PLACEMENT_3D('',#4158,#3412,#3413);
#2804=AXIS2_PLACEMENT_3D('',#4164,#3417,#3418);
#2805=AXIS2_PLACEMENT_3D('',#4165,#3419,#3420);
#2806=AXIS2_PLACEMENT_3D('',#4166,#3421,#3422);
#2807=AXIS2_PLACEMENT_3D('',#4167,#3423,#3424);
#2808=AXIS2_PLACEMENT_3D('',#4176,#3429,#3430);
#2809=AXIS2_PLACEMENT_3D('',#4178,#3431,#3432);
#2810=AXIS2_PLACEMENT_3D('',#4180,#3433,#3434);
#2811=AXIS2_PLACEMENT_3D('',#4182,#3436,#3437);
#2812=AXIS2_PLACEMENT_3D('',#4188,#3441,#3442);
#2813=AXIS2_PLACEMENT_3D('',#4190,#3443,#3444);
#2814=AXIS2_PLACEMENT_3D('',#4192,#3445,#3446);
#2815=AXIS2_PLACEMENT_3D('',#4194,#3448,#3449);
#2816=AXIS2_PLACEMENT_3D('',#4200,#3453,#3454);
#2817=AXIS2_PLACEMENT_3D('',#4202,#3455,#3456);
#2818=AXIS2_PLACEMENT_3D('',#4204,#3457,#3458);
#2819=AXIS2_PLACEMENT_3D('',#4206,#3460,#3461);
#2820=AXIS2_PLACEMENT_3D('',#4212,#3465,#3466);
#2821=AXIS2_PLACEMENT_3D('',#4213,#3467,#3468);
#2822=AXIS2_PLACEMENT_3D('',#4214,#3469,#3470);
#2823=AXIS2_PLACEMENT_3D('',#4215,#3471,#3472);
#2824=AXIS2_PLACEMENT_3D('',#4224,#3477,#3478);
#2825=AXIS2_PLACEMENT_3D('',#4226,#3479,#3480);
#2826=AXIS2_PLACEMENT_3D('',#4228,#3481,#3482);
#2827=AXIS2_PLACEMENT_3D('',#4230,#3484,#3485);
#2828=AXIS2_PLACEMENT_3D('',#4236,#3489,#3490);
#2829=AXIS2_PLACEMENT_3D('',#4238,#3491,#3492);
#2830=AXIS2_PLACEMENT_3D('',#4240,#3493,#3494);
#2831=AXIS2_PLACEMENT_3D('',#4242,#3496,#3497);
#2832=AXIS2_PLACEMENT_3D('',#4248,#3501,#3502);
#2833=AXIS2_PLACEMENT_3D('',#4250,#3503,#3504);
#2834=AXIS2_PLACEMENT_3D('',#4252,#3505,#3506);
#2835=AXIS2_PLACEMENT_3D('',#4254,#3508,#3509);
#2836=AXIS2_PLACEMENT_3D('',#4260,#3513,#3514);
#2837=AXIS2_PLACEMENT_3D('',#4261,#3515,#3516);
#2838=AXIS2_PLACEMENT_3D('',#4262,#3517,#3518);
#2839=AXIS2_PLACEMENT_3D('',#4263,#3519,#3520);
#2840=AXIS2_PLACEMENT_3D('',#4265,#3521,#3522);
#2841=AXIS2_PLACEMENT_3D('',#4268,#3524,#3525);
#2842=AXIS2_PLACEMENT_3D('',#4269,#3526,#3527);
#2843=AXIS2_PLACEMENT_3D('',#4278,#3532,#3533);
#2844=AXIS2_PLACEMENT_3D('',#4284,#3537,#3538);
#2845=AXIS2_PLACEMENT_3D('',#4290,#3542,#3543);
#2846=AXIS2_PLACEMENT_3D('',#4296,#3547,#3548);
#2847=AXIS2_PLACEMENT_3D('',#4302,#3552,#3553);
#2848=AXIS2_PLACEMENT_3D('',#4308,#3557,#3558);
#2849=AXIS2_PLACEMENT_3D('',#4314,#3562,#3563);
#2850=AXIS2_PLACEMENT_3D('',#4316,#3564,#3565);
#2851=AXIS2_PLACEMENT_3D('',#4318,#3566,#3567);
#2852=AXIS2_PLACEMENT_3D('',#4320,#3569,#3570);
#2853=AXIS2_PLACEMENT_3D('',#4326,#3574,#3575);
#2854=AXIS2_PLACEMENT_3D('',#4328,#3576,#3577);
#2855=AXIS2_PLACEMENT_3D('',#4330,#3578,#3579);
#2856=AXIS2_PLACEMENT_3D('',#4332,#3581,#3582);
#2857=AXIS2_PLACEMENT_3D('',#4338,#3586,#3587);
#2858=AXIS2_PLACEMENT_3D('',#4340,#3588,#3589);
#2859=AXIS2_PLACEMENT_3D('',#4342,#3590,#3591);
#2860=AXIS2_PLACEMENT_3D('',#4344,#3593,#3594);
#2861=AXIS2_PLACEMENT_3D('',#4350,#3598,#3599);
#2862=AXIS2_PLACEMENT_3D('',#4352,#3600,#3601);
#2863=AXIS2_PLACEMENT_3D('',#4354,#3602,#3603);
#2864=AXIS2_PLACEMENT_3D('',#4356,#3605,#3606);
#2865=AXIS2_PLACEMENT_3D('',#4362,#3610,#3611);
#2866=AXIS2_PLACEMENT_3D('',#4365,#3614,#3615);
#2867=AXIS2_PLACEMENT_3D('',#4366,#3616,#3617);
#2868=DIRECTION('axis',(0.,0.,1.));
#2869=DIRECTION('refdir',(1.,0.,0.));
#2870=DIRECTION('center_axis',(0.,0.,1.));
#2871=DIRECTION('ref_axis',(1.,0.,0.));
#2872=DIRECTION('',(-9.69926346076713E-7,0.99999999999953,0.));
#2873=DIRECTION('',(-1.,0.,0.));
#2874=DIRECTION('center_axis',(0.,0.,1.));
#2875=DIRECTION('ref_axis',(5.92118946466753E-15,1.,0.));
#2876=DIRECTION('',(0.,-1.,0.));
#2877=DIRECTION('center_axis',(0.,0.,1.));
#2878=DIRECTION('ref_axis',(-1.,2.96059473233376E-15,0.));
#2879=DIRECTION('',(1.,5.65574614295921E-17,0.));
#2880=DIRECTION('center_axis',(0.,0.,1.));
#2881=DIRECTION('ref_axis',(-5.92118946466754E-15,-1.,0.));
#2882=DIRECTION('',(0.,1.,0.));
#2883=DIRECTION('center_axis',(0.,0.,1.));
#2884=DIRECTION('ref_axis',(1.,-2.96059473233376E-15,0.));
#2885=DIRECTION('',(-1.,0.,0.));
#2886=DIRECTION('',(9.69926467348805E-7,-0.99999999999953,0.));
#2887=DIRECTION('',(1.,3.3853481521578E-13,0.));
#2888=DIRECTION('',(5.02742501717024E-16,-1.,0.));
#2889=DIRECTION('',(-1.,-9.343081863733E-13,0.));
#2890=DIRECTION('',(-4.18952084763964E-16,1.,0.));
#2891=DIRECTION('',(1.,1.88286217452435E-13,0.));
#2892=DIRECTION('center_axis',(0.,0.,-1.));
#2893=DIRECTION('ref_axis',(1.,0.,0.));
#2894=DIRECTION('center_axis',(0.,0.,-1.));
#2895=DIRECTION('ref_axis',(-1.,0.,0.));
#2896=DIRECTION('',(0.,1.,0.));
#2897=DIRECTION('center_axis',(0.,0.,-1.));
#2898=DIRECTION('ref_axis',(0.,1.,0.));
#2899=DIRECTION('',(1.,-4.03717463500057E-16,0.));
#2900=DIRECTION('center_axis',(0.,0.,-1.));
#2901=DIRECTION('ref_axis',(1.,0.,0.));
#2902=DIRECTION('',(1.48029736616688E-15,-1.,0.));
#2903=DIRECTION('center_axis',(0.,0.,-1.));
#2904=DIRECTION('ref_axis',(0.,-1.,0.));
#2905=DIRECTION('',(-1.,1.00929365875014E-15,0.));
#2906=DIRECTION('center_axis',(0.,0.,-1.));
#2907=DIRECTION('ref_axis',(1.,0.,0.));
#2908=DIRECTION('center_axis',(0.,0.,-1.));
#2909=DIRECTION('ref_axis',(-1.,0.,0.));
#2910=DIRECTION('',(1.48029736616687E-15,1.,0.));
#2911=DIRECTION('center_axis',(0.,0.,-1.));
#2912=DIRECTION('ref_axis',(1.48029736616688E-15,1.,0.));
#2913=DIRECTION('',(1.,-6.05576195250086E-16,0.));
#2914=DIRECTION('center_axis',(0.,0.,-1.));
#2915=DIRECTION('ref_axis',(1.,0.,0.));
#2916=DIRECTION('',(-1.29526019539602E-15,-1.,0.));
#2917=DIRECTION('center_axis',(0.,0.,-1.));
#2918=DIRECTION('ref_axis',(-7.40148683083438E-16,-1.,0.));
#2919=DIRECTION('',(-1.,2.01858731750028E-16,0.));
#2920=DIRECTION('center_axis',(0.,0.,-1.));
#2921=DIRECTION('ref_axis',(-1.,-2.22044604925031E-15,0.));
#2922=DIRECTION('',(4.93432455388959E-16,1.,0.));
#2923=DIRECTION('center_axis',(0.,0.,-1.));
#2924=DIRECTION('ref_axis',(-2.96059473233375E-15,1.,0.));
#2925=DIRECTION('',(1.,5.12410626750072E-16,0.));
#2926=DIRECTION('center_axis',(0.,0.,-1.));
#2927=DIRECTION('ref_axis',(1.,0.,0.));
#2928=DIRECTION('',(0.,-1.,0.));
#2929=DIRECTION('center_axis',(0.,0.,-1.));
#2930=DIRECTION('ref_axis',(0.,-1.,0.));
#2931=DIRECTION('',(-1.,-1.28102656687518E-16,0.));
#2932=DIRECTION('center_axis',(0.,0.,-1.));
#2933=DIRECTION('ref_axis',(-1.,0.,0.));
#2934=DIRECTION('',(0.,1.,0.));
#2935=DIRECTION('center_axis',(0.,0.,-1.));
#2936=DIRECTION('ref_axis',(0.,1.,0.));
#2937=DIRECTION('',(1.,0.,0.));
#2938=DIRECTION('center_axis',(0.,0.,-1.));
#2939=DIRECTION('ref_axis',(1.,5.9211894646675E-15,0.));
#2940=DIRECTION('',(-2.96059473233374E-15,-1.,0.));
#2941=DIRECTION('center_axis',(0.,0.,-1.));
#2942=DIRECTION('ref_axis',(0.,-1.,0.));
#2943=DIRECTION('',(-1.,2.01858731750028E-16,0.));
#2944=DIRECTION('center_axis',(0.,0.,-1.));
#2945=DIRECTION('ref_axis',(1.,0.,0.));
#2946=DIRECTION('center_axis',(0.,0.,-1.));
#2947=DIRECTION('ref_axis',(1.,0.,0.));
#2948=DIRECTION('center_axis',(0.,0.,-1.));
#2949=DIRECTION('ref_axis',(1.,0.,0.));
#2950=DIRECTION('center_axis',(0.,0.,-1.));
#2951=DIRECTION('ref_axis',(-1.,0.,0.));
#2952=DIRECTION('',(2.03540887847945E-15,1.,0.));
#2953=DIRECTION('center_axis',(0.,0.,-1.));
#2954=DIRECTION('ref_axis',(0.,1.,0.));
#2955=DIRECTION('',(1.,-2.01858731750028E-16,0.));
#2956=DIRECTION('center_axis',(0.,0.,-1.));
#2957=DIRECTION('ref_axis',(1.,0.,0.));
#2958=DIRECTION('',(-4.44089209850063E-15,-1.,0.));
#2959=DIRECTION('center_axis',(0.,0.,-1.));
#2960=DIRECTION('ref_axis',(0.,-1.,0.));
#2961=DIRECTION('',(-1.,2.01858731750028E-16,0.));
#2962=DIRECTION('center_axis',(0.,0.,-1.));
#2963=DIRECTION('ref_axis',(1.,0.,0.));
#2964=DIRECTION('center_axis',(0.,0.,1.));
#2965=DIRECTION('ref_axis',(1.,0.,0.));
#2966=DIRECTION('',(0.,0.,-1.));
#2967=DIRECTION('center_axis',(0.,0.,-1.));
#2968=DIRECTION('ref_axis',(1.,0.,0.));
#2969=DIRECTION('center_axis',(2.01858731750028E-16,1.,0.));
#2970=DIRECTION('ref_axis',(-1.,2.01858731750028E-16,0.));
#2971=DIRECTION('',(-1.,2.01858731750028E-16,0.));
#2972=DIRECTION('',(0.,0.,1.));
#2973=DIRECTION('',(0.,0.,1.));
#2974=DIRECTION('center_axis',(0.,0.,1.));
#2975=DIRECTION('ref_axis',(0.,-1.,0.));
#2976=DIRECTION('center_axis',(0.,0.,-1.));
#2977=DIRECTION('ref_axis',(0.,-1.,0.));
#2978=DIRECTION('',(0.,0.,1.));
#2979=DIRECTION('center_axis',(-1.,4.44089209850063E-15,0.));
#2980=DIRECTION('ref_axis',(-4.44089209850063E-15,-1.,0.));
#2981=DIRECTION('',(-4.44089209850063E-15,-1.,0.));
#2982=DIRECTION('',(0.,0.,1.));
#2983=DIRECTION('center_axis',(0.,0.,1.));
#2984=DIRECTION('ref_axis',(1.,0.,0.));
#2985=DIRECTION('center_axis',(0.,0.,-1.));
#2986=DIRECTION('ref_axis',(1.,0.,0.));
#2987=DIRECTION('',(0.,0.,1.));
#2988=DIRECTION('center_axis',(-2.01858731750028E-16,-1.,0.));
#2989=DIRECTION('ref_axis',(1.,-2.01858731750028E-16,0.));
#2990=DIRECTION('',(1.,-2.01858731750028E-16,0.));
#2991=DIRECTION('',(0.,0.,1.));
#2992=DIRECTION('center_axis',(0.,0.,1.));
#2993=DIRECTION('ref_axis',(0.,1.,0.));
#2994=DIRECTION('center_axis',(0.,0.,-1.));
#2995=DIRECTION('ref_axis',(0.,1.,0.));
#2996=DIRECTION('',(0.,0.,1.));
#2997=DIRECTION('center_axis',(1.,-2.03540887847945E-15,0.));
#2998=DIRECTION('ref_axis',(2.03540887847945E-15,1.,0.));
#2999=DIRECTION('',(2.03540887847945E-15,1.,0.));
#3000=DIRECTION('',(0.,0.,1.));
#3001=DIRECTION('center_axis',(0.,0.,1.));
#3002=DIRECTION('ref_axis',(-1.,0.,0.));
#3003=DIRECTION('center_axis',(0.,0.,-1.));
#3004=DIRECTION('ref_axis',(-1.,0.,0.));
#3005=DIRECTION('center_axis',(0.,0.,1.));
#3006=DIRECTION('ref_axis',(1.,0.,0.));
#3007=DIRECTION('',(0.,0.,-1.));
#3008=DIRECTION('center_axis',(0.,0.,-1.));
#3009=DIRECTION('ref_axis',(1.,0.,0.));
#3010=DIRECTION('center_axis',(0.,0.,1.));
#3011=DIRECTION('ref_axis',(1.,0.,0.));
#3012=DIRECTION('',(0.,0.,-1.));
#3013=DIRECTION('center_axis',(0.,0.,-1.));
#3014=DIRECTION('ref_axis',(1.,0.,0.));
#3015=DIRECTION('center_axis',(0.,0.,1.));
#3016=DIRECTION('ref_axis',(1.,0.,0.));
#3017=DIRECTION('',(0.,0.,-1.));
#3018=DIRECTION('center_axis',(0.,0.,-1.));
#3019=DIRECTION('ref_axis',(1.,0.,0.));
#3020=DIRECTION('center_axis',(2.01858731750028E-16,1.,0.));
#3021=DIRECTION('ref_axis',(-1.,2.01858731750028E-16,0.));
#3022=DIRECTION('',(-1.,2.01858731750028E-16,0.));
#3023=DIRECTION('',(0.,0.,1.));
#3024=DIRECTION('',(0.,0.,1.));
#3025=DIRECTION('center_axis',(0.,0.,1.));
#3026=DIRECTION('ref_axis',(0.,-1.,0.));
#3027=DIRECTION('center_axis',(0.,0.,-1.));
#3028=DIRECTION('ref_axis',(0.,-1.,0.));
#3029=DIRECTION('',(0.,0.,1.));
#3030=DIRECTION('center_axis',(-1.,2.96059473233374E-15,0.));
#3031=DIRECTION('ref_axis',(-2.96059473233374E-15,-1.,0.));
#3032=DIRECTION('',(-2.96059473233374E-15,-1.,0.));
#3033=DIRECTION('',(0.,0.,1.));
#3034=DIRECTION('center_axis',(0.,0.,1.));
#3035=DIRECTION('ref_axis',(1.,5.9211894646675E-15,0.));
#3036=DIRECTION('center_axis',(0.,0.,-1.));
#3037=DIRECTION('ref_axis',(1.,5.9211894646675E-15,0.));
#3038=DIRECTION('',(0.,0.,1.));
#3039=DIRECTION('center_axis',(0.,-1.,0.));
#3040=DIRECTION('ref_axis',(1.,0.,0.));
#3041=DIRECTION('',(1.,0.,0.));
#3042=DIRECTION('',(0.,0.,1.));
#3043=DIRECTION('center_axis',(0.,0.,1.));
#3044=DIRECTION('ref_axis',(0.,1.,0.));
#3045=DIRECTION('center_axis',(0.,0.,-1.));
#3046=DIRECTION('ref_axis',(0.,1.,0.));
#3047=DIRECTION('',(0.,0.,1.));
#3048=DIRECTION('center_axis',(1.,0.,0.));
#3049=DIRECTION('ref_axis',(0.,1.,0.));
#3050=DIRECTION('',(0.,1.,0.));
#3051=DIRECTION('',(0.,0.,1.));
#3052=DIRECTION('center_axis',(0.,0.,1.));
#3053=DIRECTION('ref_axis',(-1.,0.,0.));
#3054=DIRECTION('center_axis',(0.,0.,-1.));
#3055=DIRECTION('ref_axis',(-1.,0.,0.));
#3056=DIRECTION('center_axis',(-1.28102656687518E-16,1.,0.));
#3057=DIRECTION('ref_axis',(-1.,-1.28102656687518E-16,0.));
#3058=DIRECTION('',(-1.,-1.28102656687518E-16,0.));
#3059=DIRECTION('',(0.,0.,1.));
#3060=DIRECTION('',(0.,0.,1.));
#3061=DIRECTION('center_axis',(0.,0.,1.));
#3062=DIRECTION('ref_axis',(0.,-1.,0.));
#3063=DIRECTION('center_axis',(0.,0.,-1.));
#3064=DIRECTION('ref_axis',(0.,-1.,0.));
#3065=DIRECTION('',(0.,0.,1.));
#3066=DIRECTION('center_axis',(-1.,0.,0.));
#3067=DIRECTION('ref_axis',(0.,-1.,0.));
#3068=DIRECTION('',(0.,-1.,0.));
#3069=DIRECTION('',(0.,0.,1.));
#3070=DIRECTION('center_axis',(0.,0.,1.));
#3071=DIRECTION('ref_axis',(1.,0.,0.));
#3072=DIRECTION('center_axis',(0.,0.,-1.));
#3073=DIRECTION('ref_axis',(1.,0.,0.));
#3074=DIRECTION('',(0.,0.,1.));
#3075=DIRECTION('center_axis',(5.12410626750072E-16,-1.,0.));
#3076=DIRECTION('ref_axis',(1.,5.12410626750072E-16,0.));
#3077=DIRECTION('',(1.,5.12410626750072E-16,0.));
#3078=DIRECTION('',(0.,0.,1.));
#3079=DIRECTION('center_axis',(0.,0.,1.));
#3080=DIRECTION('ref_axis',(-2.96059473233375E-15,1.,0.));
#3081=DIRECTION('center_axis',(0.,0.,-1.));
#3082=DIRECTION('ref_axis',(-2.96059473233375E-15,1.,0.));
#3083=DIRECTION('',(0.,0.,1.));
#3084=DIRECTION('center_axis',(1.,-4.93432455388959E-16,0.));
#3085=DIRECTION('ref_axis',(4.93432455388959E-16,1.,0.));
#3086=DIRECTION('',(4.93432455388959E-16,1.,0.));
#3087=DIRECTION('',(0.,0.,1.));
#3088=DIRECTION('center_axis',(0.,0.,1.));
#3089=DIRECTION('ref_axis',(-1.,-2.22044604925031E-15,0.));
#3090=DIRECTION('center_axis',(0.,0.,-1.));
#3091=DIRECTION('ref_axis',(-1.,-2.22044604925031E-15,0.));
#3092=DIRECTION('center_axis',(2.01858731750028E-16,1.,0.));
#3093=DIRECTION('ref_axis',(-1.,2.01858731750028E-16,0.));
#3094=DIRECTION('',(-1.,2.01858731750028E-16,0.));
#3095=DIRECTION('',(0.,0.,1.));
#3096=DIRECTION('',(0.,0.,1.));
#3097=DIRECTION('center_axis',(0.,0.,1.));
#3098=DIRECTION('ref_axis',(-7.40148683083438E-16,-1.,0.));
#3099=DIRECTION('center_axis',(0.,0.,-1.));
#3100=DIRECTION('ref_axis',(-7.40148683083438E-16,-1.,0.));
#3101=DIRECTION('',(0.,0.,1.));
#3102=DIRECTION('center_axis',(-1.,1.29526019539602E-15,0.));
#3103=DIRECTION('ref_axis',(-1.29526019539602E-15,-1.,0.));
#3104=DIRECTION('',(-1.29526019539602E-15,-1.,0.));
#3105=DIRECTION('',(0.,0.,1.));
#3106=DIRECTION('center_axis',(0.,0.,1.));
#3107=DIRECTION('ref_axis',(1.,0.,0.));
#3108=DIRECTION('center_axis',(0.,0.,-1.));
#3109=DIRECTION('ref_axis',(1.,0.,0.));
#3110=DIRECTION('',(0.,0.,1.));
#3111=DIRECTION('center_axis',(-6.05576195250086E-16,-1.,0.));
#3112=DIRECTION('ref_axis',(1.,-6.05576195250086E-16,0.));
#3113=DIRECTION('',(1.,-6.05576195250086E-16,0.));
#3114=DIRECTION('',(0.,0.,1.));
#3115=DIRECTION('center_axis',(0.,0.,1.));
#3116=DIRECTION('ref_axis',(1.48029736616688E-15,1.,0.));
#3117=DIRECTION('center_axis',(0.,0.,-1.));
#3118=DIRECTION('ref_axis',(1.48029736616688E-15,1.,0.));
#3119=DIRECTION('',(0.,0.,1.));
#3120=DIRECTION('center_axis',(1.,-1.48029736616687E-15,0.));
#3121=DIRECTION('ref_axis',(1.48029736616687E-15,1.,0.));
#3122=DIRECTION('',(1.48029736616687E-15,1.,0.));
#3123=DIRECTION('',(0.,0.,1.));
#3124=DIRECTION('center_axis',(0.,0.,1.));
#3125=DIRECTION('ref_axis',(-1.,0.,0.));
#3126=DIRECTION('center_axis',(0.,0.,-1.));
#3127=DIRECTION('ref_axis',(-1.,0.,0.));
#3128=DIRECTION('center_axis',(0.,0.,1.));
#3129=DIRECTION('ref_axis',(1.,0.,0.));
#3130=DIRECTION('',(0.,0.,-1.));
#3131=DIRECTION('center_axis',(0.,0.,-1.));
#3132=DIRECTION('ref_axis',(1.,0.,0.));
#3133=DIRECTION('center_axis',(1.00929365875014E-15,1.,0.));
#3134=DIRECTION('ref_axis',(-1.,1.00929365875014E-15,0.));
#3135=DIRECTION('',(-1.,1.00929365875014E-15,0.));
#3136=DIRECTION('',(0.,0.,1.));
#3137=DIRECTION('',(0.,0.,1.));
#3138=DIRECTION('center_axis',(0.,0.,1.));
#3139=DIRECTION('ref_axis',(0.,-1.,0.));
#3140=DIRECTION('center_axis',(0.,0.,-1.));
#3141=DIRECTION('ref_axis',(0.,-1.,0.));
#3142=DIRECTION('',(0.,0.,1.));
#3143=DIRECTION('center_axis',(-1.,-1.48029736616688E-15,0.));
#3144=DIRECTION('ref_axis',(1.48029736616688E-15,-1.,0.));
#3145=DIRECTION('',(1.48029736616688E-15,-1.,0.));
#3146=DIRECTION('',(0.,0.,1.));
#3147=DIRECTION('center_axis',(0.,0.,1.));
#3148=DIRECTION('ref_axis',(1.,0.,0.));
#3149=DIRECTION('center_axis',(0.,0.,-1.));
#3150=DIRECTION('ref_axis',(1.,0.,0.));
#3151=DIRECTION('',(0.,0.,1.));
#3152=DIRECTION('center_axis',(-4.03717463500057E-16,-1.,0.));
#3153=DIRECTION('ref_axis',(1.,-4.03717463500057E-16,0.));
#3154=DIRECTION('',(1.,-4.03717463500057E-16,0.));
#3155=DIRECTION('',(0.,0.,1.));
#3156=DIRECTION('center_axis',(0.,0.,1.));
#3157=DIRECTION('ref_axis',(0.,1.,0.));
#3158=DIRECTION('center_axis',(0.,0.,-1.));
#3159=DIRECTION('ref_axis',(0.,1.,0.));
#3160=DIRECTION('',(0.,0.,1.));
#3161=DIRECTION('center_axis',(1.,0.,0.));
#3162=DIRECTION('ref_axis',(0.,1.,0.));
#3163=DIRECTION('',(0.,1.,0.));
#3164=DIRECTION('',(0.,0.,1.));
#3165=DIRECTION('center_axis',(0.,0.,1.));
#3166=DIRECTION('ref_axis',(-1.,0.,0.));
#3167=DIRECTION('center_axis',(0.,0.,-1.));
#3168=DIRECTION('ref_axis',(-1.,0.,0.));
#3169=DIRECTION('center_axis',(0.,0.,1.));
#3170=DIRECTION('ref_axis',(1.,0.,0.));
#3171=DIRECTION('',(0.,0.,-1.));
#3172=DIRECTION('center_axis',(0.,0.,-1.));
#3173=DIRECTION('ref_axis',(1.,0.,0.));
#3174=DIRECTION('center_axis',(1.88286217452435E-13,-1.,0.));
#3175=DIRECTION('ref_axis',(1.,1.88286217452435E-13,0.));
#3176=DIRECTION('',(-1.,-1.88286217452435E-13,0.));
#3177=DIRECTION('',(0.,0.,1.));
#3178=DIRECTION('',(0.,0.,1.));
#3179=DIRECTION('center_axis',(1.,4.18952084763964E-16,0.));
#3180=DIRECTION('ref_axis',(-4.18952084763964E-16,1.,0.));
#3181=DIRECTION('',(-4.18952084763964E-16,1.,0.));
#3182=DIRECTION('',(0.,0.,1.));
#3183=DIRECTION('center_axis',(-9.343081863733E-13,1.,0.));
#3184=DIRECTION('ref_axis',(-1.,-9.343081863733E-13,0.));
#3185=DIRECTION('',(-1.,-9.343081863733E-13,0.));
#3186=DIRECTION('',(0.,0.,1.));
#3187=DIRECTION('center_axis',(-1.,-5.02742501717024E-16,0.));
#3188=DIRECTION('ref_axis',(5.02742501717024E-16,-1.,0.));
#3189=DIRECTION('',(5.02742501717024E-16,-1.,0.));
#3190=DIRECTION('',(0.,0.,1.));
#3191=DIRECTION('center_axis',(3.3853481521578E-13,-1.,0.));
#3192=DIRECTION('ref_axis',(1.,3.3853481521578E-13,0.));
#3193=DIRECTION('',(1.,3.3853481521578E-13,0.));
#3194=DIRECTION('',(0.,0.,1.));
#3195=DIRECTION('center_axis',(-0.99999999999953,-9.69926467348805E-7,0.));
#3196=DIRECTION('ref_axis',(9.69926467348805E-7,-0.99999999999953,0.));
#3197=DIRECTION('',(-9.69926467348805E-7,0.99999999999953,0.));
#3198=DIRECTION('',(0.,0.,1.));
#3199=DIRECTION('center_axis',(0.,1.,0.));
#3200=DIRECTION('ref_axis',(-1.,0.,0.));
#3201=DIRECTION('',(-1.,0.,0.));
#3202=DIRECTION('',(0.,0.,1.));
#3203=DIRECTION('center_axis',(0.,0.,1.));
#3204=DIRECTION('ref_axis',(1.,-2.96059473233376E-15,0.));
#3205=DIRECTION('center_axis',(0.,0.,1.));
#3206=DIRECTION('ref_axis',(1.,-2.96059473233376E-15,0.));
#3207=DIRECTION('',(0.,0.,1.));
#3208=DIRECTION('center_axis',(1.,0.,0.));
#3209=DIRECTION('ref_axis',(0.,1.,0.));
#3210=DIRECTION('',(0.,-1.,0.));
#3211=DIRECTION('',(0.,0.,1.));
#3212=DIRECTION('center_axis',(0.,0.,1.));
#3213=DIRECTION('ref_axis',(-5.92118946466754E-15,-1.,0.));
#3214=DIRECTION('center_axis',(0.,0.,1.));
#3215=DIRECTION('ref_axis',(-5.92118946466754E-15,-1.,0.));
#3216=DIRECTION('',(0.,0.,1.));
#3217=DIRECTION('center_axis',(5.65574614295921E-17,-1.,0.));
#3218=DIRECTION('ref_axis',(1.,5.65574614295921E-17,0.));
#3219=DIRECTION('',(-1.,-5.65574614295921E-17,0.));
#3220=DIRECTION('',(0.,0.,1.));
#3221=DIRECTION('center_axis',(0.,0.,1.));
#3222=DIRECTION('ref_axis',(-1.,2.96059473233376E-15,0.));
#3223=DIRECTION('center_axis',(0.,0.,1.));
#3224=DIRECTION('ref_axis',(-1.,2.96059473233376E-15,0.));
#3225=DIRECTION('',(0.,0.,1.));
#3226=DIRECTION('center_axis',(-1.,0.,0.));
#3227=DIRECTION('ref_axis',(0.,-1.,0.));
#3228=DIRECTION('',(0.,1.,0.));
#3229=DIRECTION('',(0.,0.,1.));
#3230=DIRECTION('center_axis',(0.,0.,1.));
#3231=DIRECTION('ref_axis',(5.92118946466753E-15,1.,0.));
#3232=DIRECTION('center_axis',(0.,0.,1.));
#3233=DIRECTION('ref_axis',(5.92118946466753E-15,1.,0.));
#3234=DIRECTION('',(0.,0.,1.));
#3235=DIRECTION('center_axis',(0.,1.,0.));
#3236=DIRECTION('ref_axis',(-1.,0.,0.));
#3237=DIRECTION('',(-1.,0.,0.));
#3238=DIRECTION('',(0.,0.,1.));
#3239=DIRECTION('center_axis',(0.99999999999953,9.69926346076713E-7,0.));
#3240=DIRECTION('ref_axis',(-9.69926346076713E-7,0.99999999999953,0.));
#3241=DIRECTION('',(-9.69926346076713E-7,0.99999999999953,0.));
#3242=DIRECTION('center_axis',(0.,0.,1.));
#3243=DIRECTION('ref_axis',(1.,0.,0.));
#3244=DIRECTION('center_axis',(0.,0.,1.));
#3245=DIRECTION('ref_axis',(1.,0.,0.));
#3246=DIRECTION('center_axis',(0.,0.,-1.));
#3247=DIRECTION('ref_axis',(1.,0.,0.));
#3248=DIRECTION('',(0.,0.,-1.));
#3249=DIRECTION('center_axis',(0.,0.,-1.));
#3250=DIRECTION('ref_axis',(1.,0.,0.));
#3251=DIRECTION('center_axis',(1.00929365875014E-15,1.,0.));
#3252=DIRECTION('ref_axis',(-1.,1.00929365875014E-15,0.));
#3253=DIRECTION('',(-1.,1.00929365875014E-15,0.));
#3254=DIRECTION('',(0.,0.,1.));
#3255=DIRECTION('',(-1.,1.00929365875014E-15,0.));
#3256=DIRECTION('',(0.,0.,1.));
#3257=DIRECTION('center_axis',(0.,0.,1.));
#3258=DIRECTION('ref_axis',(0.,-1.,0.));
#3259=DIRECTION('center_axis',(0.,0.,-1.));
#3260=DIRECTION('ref_axis',(0.,-1.,0.));
#3261=DIRECTION('center_axis',(0.,0.,-1.));
#3262=DIRECTION('ref_axis',(0.,-1.,0.));
#3263=DIRECTION('',(0.,0.,1.));
#3264=DIRECTION('center_axis',(-1.,-1.48029736616688E-15,0.));
#3265=DIRECTION('ref_axis',(1.48029736616688E-15,-1.,0.));
#3266=DIRECTION('',(1.48029736616688E-15,-1.,0.));
#3267=DIRECTION('',(1.48029736616688E-15,-1.,0.));
#3268=DIRECTION('',(0.,0.,1.));
#3269=DIRECTION('center_axis',(0.,0.,1.));
#3270=DIRECTION('ref_axis',(1.,0.,0.));
#3271=DIRECTION('center_axis',(0.,0.,-1.));
#3272=DIRECTION('ref_axis',(1.,0.,0.));
#3273=DIRECTION('center_axis',(0.,0.,-1.));
#3274=DIRECTION('ref_axis',(1.,0.,0.));
#3275=DIRECTION('',(0.,0.,1.));
#3276=DIRECTION('center_axis',(-4.03717463500057E-16,-1.,0.));
#3277=DIRECTION('ref_axis',(1.,-4.03717463500057E-16,0.));
#3278=DIRECTION('',(1.,-4.03717463500057E-16,0.));
#3279=DIRECTION('',(1.,-4.03717463500057E-16,0.));
#3280=DIRECTION('',(0.,0.,1.));
#3281=DIRECTION('center_axis',(0.,0.,1.));
#3282=DIRECTION('ref_axis',(0.,1.,0.));
#3283=DIRECTION('center_axis',(0.,0.,-1.));
#3284=DIRECTION('ref_axis',(0.,1.,0.));
#3285=DIRECTION('center_axis',(0.,0.,-1.));
#3286=DIRECTION('ref_axis',(0.,1.,0.));
#3287=DIRECTION('',(0.,0.,1.));
#3288=DIRECTION('center_axis',(1.,0.,0.));
#3289=DIRECTION('ref_axis',(0.,1.,0.));
#3290=DIRECTION('',(0.,1.,0.));
#3291=DIRECTION('',(0.,1.,0.));
#3292=DIRECTION('',(0.,0.,1.));
#3293=DIRECTION('center_axis',(0.,0.,1.));
#3294=DIRECTION('ref_axis',(-1.,0.,0.));
#3295=DIRECTION('center_axis',(0.,0.,-1.));
#3296=DIRECTION('ref_axis',(-1.,0.,0.));
#3297=DIRECTION('center_axis',(0.,0.,-1.));
#3298=DIRECTION('ref_axis',(-1.,0.,0.));
#3299=DIRECTION('center_axis',(0.,0.,1.));
#3300=DIRECTION('ref_axis',(1.,0.,0.));
#3301=DIRECTION('center_axis',(0.,0.,-1.));
#3302=DIRECTION('ref_axis',(1.,0.,0.));
#3303=DIRECTION('',(0.,0.,-1.));
#3304=DIRECTION('center_axis',(0.,0.,-1.));
#3305=DIRECTION('ref_axis',(1.,0.,0.));
#3306=DIRECTION('center_axis',(0.,0.,1.));
#3307=DIRECTION('ref_axis',(1.,0.,0.));
#3308=DIRECTION('center_axis',(0.,0.,-1.));
#3309=DIRECTION('ref_axis',(1.,0.,0.));
#3310=DIRECTION('',(0.,0.,-1.));
#3311=DIRECTION('center_axis',(0.,0.,-1.));
#3312=DIRECTION('ref_axis',(1.,0.,0.));
#3313=DIRECTION('center_axis',(0.,0.,1.));
#3314=DIRECTION('ref_axis',(1.,0.,0.));
#3315=DIRECTION('center_axis',(0.,0.,-1.));
#3316=DIRECTION('ref_axis',(1.,0.,0.));
#3317=DIRECTION('',(0.,0.,-1.));
#3318=DIRECTION('center_axis',(0.,0.,-1.));
#3319=DIRECTION('ref_axis',(1.,0.,0.));
#3320=DIRECTION('center_axis',(2.01858731750028E-16,1.,0.));
#3321=DIRECTION('ref_axis',(-1.,2.01858731750028E-16,0.));
#3322=DIRECTION('',(-1.,2.01858731750028E-16,0.));
#3323=DIRECTION('',(0.,0.,1.));
#3324=DIRECTION('',(-1.,2.01858731750028E-16,0.));
#3325=DIRECTION('',(0.,0.,1.));
#3326=DIRECTION('center_axis',(0.,0.,1.));
#3327=DIRECTION('ref_axis',(0.,-1.,0.));
#3328=DIRECTION('center_axis',(0.,0.,-1.));
#3329=DIRECTION('ref_axis',(0.,-1.,0.));
#3330=DIRECTION('center_axis',(0.,0.,-1.));
#3331=DIRECTION('ref_axis',(0.,-1.,0.));
#3332=DIRECTION('',(0.,0.,1.));
#3333=DIRECTION('center_axis',(-1.,4.44089209850063E-15,0.));
#3334=DIRECTION('ref_axis',(-4.44089209850063E-15,-1.,0.));
#3335=DIRECTION('',(-4.44089209850063E-15,-1.,0.));
#3336=DIRECTION('',(-4.44089209850063E-15,-1.,0.));
#3337=DIRECTION('',(0.,0.,1.));
#3338=DIRECTION('center_axis',(0.,0.,1.));
#3339=DIRECTION('ref_axis',(1.,0.,0.));
#3340=DIRECTION('center_axis',(0.,0.,-1.));
#3341=DIRECTION('ref_axis',(1.,0.,0.));
#3342=DIRECTION('center_axis',(0.,0.,-1.));
#3343=DIRECTION('ref_axis',(1.,0.,0.));
#3344=DIRECTION('',(0.,0.,1.));
#3345=DIRECTION('center_axis',(-2.01858731750028E-16,-1.,0.));
#3346=DIRECTION('ref_axis',(1.,-2.01858731750028E-16,0.));
#3347=DIRECTION('',(1.,-2.01858731750028E-16,0.));
#3348=DIRECTION('',(1.,-2.01858731750028E-16,0.));
#3349=DIRECTION('',(0.,0.,1.));
#3350=DIRECTION('center_axis',(0.,0.,1.));
#3351=DIRECTION('ref_axis',(0.,1.,0.));
#3352=DIRECTION('center_axis',(0.,0.,-1.));
#3353=DIRECTION('ref_axis',(0.,1.,0.));
#3354=DIRECTION('center_axis',(0.,0.,-1.));
#3355=DIRECTION('ref_axis',(0.,1.,0.));
#3356=DIRECTION('',(0.,0.,1.));
#3357=DIRECTION('center_axis',(1.,-2.03540887847945E-15,0.));
#3358=DIRECTION('ref_axis',(2.03540887847945E-15,1.,0.));
#3359=DIRECTION('',(2.03540887847945E-15,1.,0.));
#3360=DIRECTION('',(2.03540887847945E-15,1.,0.));
#3361=DIRECTION('',(0.,0.,1.));
#3362=DIRECTION('center_axis',(0.,0.,1.));
#3363=DIRECTION('ref_axis',(-1.,0.,0.));
#3364=DIRECTION('center_axis',(0.,0.,-1.));
#3365=DIRECTION('ref_axis',(-1.,0.,0.));
#3366=DIRECTION('center_axis',(0.,0.,-1.));
#3367=DIRECTION('ref_axis',(-1.,0.,0.));
#3368=DIRECTION('center_axis',(0.,0.,1.));
#3369=DIRECTION('ref_axis',(1.,0.,0.));
#3370=DIRECTION('center_axis',(0.,0.,-1.));
#3371=DIRECTION('ref_axis',(1.,0.,0.));
#3372=DIRECTION('',(0.,0.,-1.));
#3373=DIRECTION('center_axis',(0.,0.,-1.));
#3374=DIRECTION('ref_axis',(1.,0.,0.));
#3375=DIRECTION('center_axis',(-1.28102656687518E-16,1.,0.));
#3376=DIRECTION('ref_axis',(-1.,-1.28102656687518E-16,0.));
#3377=DIRECTION('',(-1.,-1.28102656687518E-16,0.));
#3378=DIRECTION('',(0.,0.,1.));
#3379=DIRECTION('',(-1.,-1.28102656687518E-16,0.));
#3380=DIRECTION('',(0.,0.,1.));
#3381=DIRECTION('center_axis',(0.,0.,1.));
#3382=DIRECTION('ref_axis',(0.,-1.,0.));
#3383=DIRECTION('center_axis',(0.,0.,-1.));
#3384=DIRECTION('ref_axis',(0.,-1.,0.));
#3385=DIRECTION('center_axis',(0.,0.,-1.));
#3386=DIRECTION('ref_axis',(0.,-1.,0.));
#3387=DIRECTION('',(0.,0.,1.));
#3388=DIRECTION('center_axis',(-1.,0.,0.));
#3389=DIRECTION('ref_axis',(0.,-1.,0.));
#3390=DIRECTION('',(0.,-1.,0.));
#3391=DIRECTION('',(0.,-1.,0.));
#3392=DIRECTION('',(0.,0.,1.));
#3393=DIRECTION('center_axis',(0.,0.,1.));
#3394=DIRECTION('ref_axis',(1.,0.,0.));
#3395=DIRECTION('center_axis',(0.,0.,-1.));
#3396=DIRECTION('ref_axis',(1.,0.,0.));
#3397=DIRECTION('center_axis',(0.,0.,-1.));
#3398=DIRECTION('ref_axis',(1.,0.,0.));
#3399=DIRECTION('',(0.,0.,1.));
#3400=DIRECTION('center_axis',(5.12410626750072E-16,-1.,0.));
#3401=DIRECTION('ref_axis',(1.,5.12410626750072E-16,0.));
#3402=DIRECTION('',(1.,5.12410626750072E-16,0.));
#3403=DIRECTION('',(1.,5.12410626750072E-16,0.));
#3404=DIRECTION('',(0.,0.,1.));
#3405=DIRECTION('center_axis',(0.,0.,1.));
#3406=DIRECTION('ref_axis',(-2.96059473233375E-15,1.,0.));
#3407=DIRECTION('center_axis',(0.,0.,-1.));
#3408=DIRECTION('ref_axis',(-2.96059473233375E-15,1.,0.));
#3409=DIRECTION('center_axis',(0.,0.,-1.));
#3410=DIRECTION('ref_axis',(-2.96059473233375E-15,1.,0.));
#3411=DIRECTION('',(0.,0.,1.));
#3412=DIRECTION('center_axis',(1.,-4.93432455388959E-16,0.));
#3413=DIRECTION('ref_axis',(4.93432455388959E-16,1.,0.));
#3414=DIRECTION('',(4.93432455388959E-16,1.,0.));
#3415=DIRECTION('',(4.93432455388959E-16,1.,0.));
#3416=DIRECTION('',(0.,0.,1.));
#3417=DIRECTION('center_axis',(0.,0.,1.));
#3418=DIRECTION('ref_axis',(-1.,-2.22044604925031E-15,0.));
#3419=DIRECTION('center_axis',(0.,0.,-1.));
#3420=DIRECTION('ref_axis',(-1.,-2.22044604925031E-15,0.));
#3421=DIRECTION('center_axis',(0.,0.,-1.));
#3422=DIRECTION('ref_axis',(-1.,-2.22044604925031E-15,0.));
#3423=DIRECTION('center_axis',(2.01858731750028E-16,1.,0.));
#3424=DIRECTION('ref_axis',(-1.,2.01858731750028E-16,0.));
#3425=DIRECTION('',(-1.,2.01858731750028E-16,0.));
#3426=DIRECTION('',(0.,0.,1.));
#3427=DIRECTION('',(-1.,2.01858731750028E-16,0.));
#3428=DIRECTION('',(0.,0.,1.));
#3429=DIRECTION('center_axis',(0.,0.,1.));
#3430=DIRECTION('ref_axis',(0.,-1.,0.));
#3431=DIRECTION('center_axis',(0.,0.,-1.));
#3432=DIRECTION('ref_axis',(0.,-1.,0.));
#3433=DIRECTION('center_axis',(0.,0.,-1.));
#3434=DIRECTION('ref_axis',(0.,-1.,0.));
#3435=DIRECTION('',(0.,0.,1.));
#3436=DIRECTION('center_axis',(-1.,2.96059473233374E-15,0.));
#3437=DIRECTION('ref_axis',(-2.96059473233374E-15,-1.,0.));
#3438=DIRECTION('',(-2.96059473233374E-15,-1.,0.));
#3439=DIRECTION('',(-2.96059473233374E-15,-1.,0.));
#3440=DIRECTION('',(0.,0.,1.));
#3441=DIRECTION('center_axis',(0.,0.,1.));
#3442=DIRECTION('ref_axis',(1.,5.9211894646675E-15,0.));
#3443=DIRECTION('center_axis',(0.,0.,-1.));
#3444=DIRECTION('ref_axis',(1.,5.9211894646675E-15,0.));
#3445=DIRECTION('center_axis',(0.,0.,-1.));
#3446=DIRECTION('ref_axis',(1.,5.9211894646675E-15,0.));
#3447=DIRECTION('',(0.,0.,1.));
#3448=DIRECTION('center_axis',(0.,-1.,0.));
#3449=DIRECTION('ref_axis',(1.,0.,0.));
#3450=DIRECTION('',(1.,0.,0.));
#3451=DIRECTION('',(1.,0.,0.));
#3452=DIRECTION('',(0.,0.,1.));
#3453=DIRECTION('center_axis',(0.,0.,1.));
#3454=DIRECTION('ref_axis',(0.,1.,0.));
#3455=DIRECTION('center_axis',(0.,0.,-1.));
#3456=DIRECTION('ref_axis',(0.,1.,0.));
#3457=DIRECTION('center_axis',(0.,0.,-1.));
#3458=DIRECTION('ref_axis',(0.,1.,0.));
#3459=DIRECTION('',(0.,0.,1.));
#3460=DIRECTION('center_axis',(1.,0.,0.));
#3461=DIRECTION('ref_axis',(0.,1.,0.));
#3462=DIRECTION('',(0.,1.,0.));
#3463=DIRECTION('',(0.,1.,0.));
#3464=DIRECTION('',(0.,0.,1.));
#3465=DIRECTION('center_axis',(0.,0.,1.));
#3466=DIRECTION('ref_axis',(-1.,0.,0.));
#3467=DIRECTION('center_axis',(0.,0.,-1.));
#3468=DIRECTION('ref_axis',(-1.,0.,0.));
#3469=DIRECTION('center_axis',(0.,0.,-1.));
#3470=DIRECTION('ref_axis',(-1.,0.,0.));
#3471=DIRECTION('center_axis',(2.01858731750028E-16,1.,0.));
#3472=DIRECTION('ref_axis',(-1.,2.01858731750028E-16,0.));
#3473=DIRECTION('',(-1.,2.01858731750028E-16,0.));
#3474=DIRECTION('',(0.,0.,1.));
#3475=DIRECTION('',(-1.,2.01858731750028E-16,0.));
#3476=DIRECTION('',(0.,0.,1.));
#3477=DIRECTION('center_axis',(0.,0.,1.));
#3478=DIRECTION('ref_axis',(-7.40148683083438E-16,-1.,0.));
#3479=DIRECTION('center_axis',(0.,0.,-1.));
#3480=DIRECTION('ref_axis',(-7.40148683083438E-16,-1.,0.));
#3481=DIRECTION('center_axis',(0.,0.,-1.));
#3482=DIRECTION('ref_axis',(-7.40148683083438E-16,-1.,0.));
#3483=DIRECTION('',(0.,0.,1.));
#3484=DIRECTION('center_axis',(-1.,1.29526019539602E-15,0.));
#3485=DIRECTION('ref_axis',(-1.29526019539602E-15,-1.,0.));
#3486=DIRECTION('',(-1.29526019539602E-15,-1.,0.));
#3487=DIRECTION('',(-1.29526019539602E-15,-1.,0.));
#3488=DIRECTION('',(0.,0.,1.));
#3489=DIRECTION('center_axis',(0.,0.,1.));
#3490=DIRECTION('ref_axis',(1.,0.,0.));
#3491=DIRECTION('center_axis',(0.,0.,-1.));
#3492=DIRECTION('ref_axis',(1.,0.,0.));
#3493=DIRECTION('center_axis',(0.,0.,-1.));
#3494=DIRECTION('ref_axis',(1.,0.,0.));
#3495=DIRECTION('',(0.,0.,1.));
#3496=DIRECTION('center_axis',(-6.05576195250086E-16,-1.,0.));
#3497=DIRECTION('ref_axis',(1.,-6.05576195250086E-16,0.));
#3498=DIRECTION('',(1.,-6.05576195250086E-16,0.));
#3499=DIRECTION('',(1.,-6.05576195250086E-16,0.));
#3500=DIRECTION('',(0.,0.,1.));
#3501=DIRECTION('center_axis',(0.,0.,1.));
#3502=DIRECTION('ref_axis',(1.48029736616688E-15,1.,0.));
#3503=DIRECTION('center_axis',(0.,0.,-1.));
#3504=DIRECTION('ref_axis',(1.48029736616688E-15,1.,0.));
#3505=DIRECTION('center_axis',(0.,0.,-1.));
#3506=DIRECTION('ref_axis',(1.48029736616688E-15,1.,0.));
#3507=DIRECTION('',(0.,0.,1.));
#3508=DIRECTION('center_axis',(1.,-1.48029736616687E-15,0.));
#3509=DIRECTION('ref_axis',(1.48029736616687E-15,1.,0.));
#3510=DIRECTION('',(1.48029736616687E-15,1.,0.));
#3511=DIRECTION('',(1.48029736616687E-15,1.,0.));
#3512=DIRECTION('',(0.,0.,1.));
#3513=DIRECTION('center_axis',(0.,0.,1.));
#3514=DIRECTION('ref_axis',(-1.,0.,0.));
#3515=DIRECTION('center_axis',(0.,0.,-1.));
#3516=DIRECTION('ref_axis',(-1.,0.,0.));
#3517=DIRECTION('center_axis',(0.,0.,-1.));
#3518=DIRECTION('ref_axis',(-1.,0.,0.));
#3519=DIRECTION('center_axis',(0.,0.,1.));
#3520=DIRECTION('ref_axis',(1.,0.,0.));
#3521=DIRECTION('center_axis',(0.,0.,-1.));
#3522=DIRECTION('ref_axis',(1.,0.,0.));
#3523=DIRECTION('',(0.,0.,-1.));
#3524=DIRECTION('center_axis',(0.,0.,-1.));
#3525=DIRECTION('ref_axis',(1.,0.,0.));
#3526=DIRECTION('center_axis',(1.88286217452435E-13,-1.,0.));
#3527=DIRECTION('ref_axis',(1.,1.88286217452435E-13,0.));
#3528=DIRECTION('',(-1.,-1.88286217452435E-13,0.));
#3529=DIRECTION('',(0.,0.,1.));
#3530=DIRECTION('',(1.,1.88286217452435E-13,0.));
#3531=DIRECTION('',(0.,0.,1.));
#3532=DIRECTION('center_axis',(1.,4.18952084763964E-16,0.));
#3533=DIRECTION('ref_axis',(-4.18952084763964E-16,1.,0.));
#3534=DIRECTION('',(-4.18952084763964E-16,1.,0.));
#3535=DIRECTION('',(-4.18952084763964E-16,1.,0.));
#3536=DIRECTION('',(0.,0.,1.));
#3537=DIRECTION('center_axis',(-9.343081863733E-13,1.,0.));
#3538=DIRECTION('ref_axis',(-1.,-9.343081863733E-13,0.));
#3539=DIRECTION('',(-1.,-9.343081863733E-13,0.));
#3540=DIRECTION('',(-1.,-9.343081863733E-13,0.));
#3541=DIRECTION('',(0.,0.,1.));
#3542=DIRECTION('center_axis',(-1.,-5.02742501717024E-16,0.));
#3543=DIRECTION('ref_axis',(5.02742501717024E-16,-1.,0.));
#3544=DIRECTION('',(5.02742501717024E-16,-1.,0.));
#3545=DIRECTION('',(5.02742501717024E-16,-1.,0.));
#3546=DIRECTION('',(0.,0.,1.));
#3547=DIRECTION('center_axis',(3.3853481521578E-13,-1.,0.));
#3548=DIRECTION('ref_axis',(1.,3.3853481521578E-13,0.));
#3549=DIRECTION('',(1.,3.3853481521578E-13,0.));
#3550=DIRECTION('',(1.,3.3853481521578E-13,0.));
#3551=DIRECTION('',(0.,0.,1.));
#3552=DIRECTION('center_axis',(-0.99999999999953,-9.69926467348805E-7,0.));
#3553=DIRECTION('ref_axis',(9.69926467348805E-7,-0.99999999999953,0.));
#3554=DIRECTION('',(-9.69926467348805E-7,0.99999999999953,0.));
#3555=DIRECTION('',(9.69926467348805E-7,-0.99999999999953,0.));
#3556=DIRECTION('',(0.,0.,1.));
#3557=DIRECTION('center_axis',(0.,1.,0.));
#3558=DIRECTION('ref_axis',(-1.,0.,0.));
#3559=DIRECTION('',(-1.,0.,0.));
#3560=DIRECTION('',(-1.,0.,0.));
#3561=DIRECTION('',(0.,0.,1.));
#3562=DIRECTION('center_axis',(0.,0.,1.));
#3563=DIRECTION('ref_axis',(1.,-2.96059473233376E-15,0.));
#3564=DIRECTION('center_axis',(0.,0.,1.));
#3565=DIRECTION('ref_axis',(1.,-2.96059473233376E-15,0.));
#3566=DIRECTION('center_axis',(0.,0.,1.));
#3567=DIRECTION('ref_axis',(1.,-2.96059473233376E-15,0.));
#3568=DIRECTION('',(0.,0.,1.));
#3569=DIRECTION('center_axis',(1.,0.,0.));
#3570=DIRECTION('ref_axis',(0.,1.,0.));
#3571=DIRECTION('',(0.,-1.,0.));
#3572=DIRECTION('',(0.,1.,0.));
#3573=DIRECTION('',(0.,0.,1.));
#3574=DIRECTION('center_axis',(0.,0.,1.));
#3575=DIRECTION('ref_axis',(-5.92118946466754E-15,-1.,0.));
#3576=DIRECTION('center_axis',(0.,0.,1.));
#3577=DIRECTION('ref_axis',(-5.92118946466754E-15,-1.,0.));
#3578=DIRECTION('center_axis',(0.,0.,1.));
#3579=DIRECTION('ref_axis',(-5.92118946466754E-15,-1.,0.));
#3580=DIRECTION('',(0.,0.,1.));
#3581=DIRECTION('center_axis',(5.65574614295921E-17,-1.,0.));
#3582=DIRECTION('ref_axis',(1.,5.65574614295921E-17,0.));
#3583=DIRECTION('',(-1.,-5.65574614295921E-17,0.));
#3584=DIRECTION('',(1.,5.65574614295921E-17,0.));
#3585=DIRECTION('',(0.,0.,1.));
#3586=DIRECTION('center_axis',(0.,0.,1.));
#3587=DIRECTION('ref_axis',(-1.,2.96059473233376E-15,0.));
#3588=DIRECTION('center_axis',(0.,0.,1.));
#3589=DIRECTION('ref_axis',(-1.,2.96059473233376E-15,0.));
#3590=DIRECTION('center_axis',(0.,0.,1.));
#3591=DIRECTION('ref_axis',(-1.,2.96059473233376E-15,0.));
#3592=DIRECTION('',(0.,0.,1.));
#3593=DIRECTION('center_axis',(-1.,0.,0.));
#3594=DIRECTION('ref_axis',(0.,-1.,0.));
#3595=DIRECTION('',(0.,1.,0.));
#3596=DIRECTION('',(0.,-1.,0.));
#3597=DIRECTION('',(0.,0.,1.));
#3598=DIRECTION('center_axis',(0.,0.,1.));
#3599=DIRECTION('ref_axis',(5.92118946466753E-15,1.,0.));
#3600=DIRECTION('center_axis',(0.,0.,1.));
#3601=DIRECTION('ref_axis',(5.92118946466753E-15,1.,0.));
#3602=DIRECTION('center_axis',(0.,0.,1.));
#3603=DIRECTION('ref_axis',(5.92118946466753E-15,1.,0.));
#3604=DIRECTION('',(0.,0.,1.));
#3605=DIRECTION('center_axis',(0.,1.,0.));
#3606=DIRECTION('ref_axis',(-1.,0.,0.));
#3607=DIRECTION('',(-1.,0.,0.));
#3608=DIRECTION('',(-1.,0.,0.));
#3609=DIRECTION('',(0.,0.,1.));
#3610=DIRECTION('center_axis',(0.99999999999953,9.69926346076713E-7,0.));
#3611=DIRECTION('ref_axis',(-9.69926346076713E-7,0.99999999999953,0.));
#3612=DIRECTION('',(-9.69926346076713E-7,0.99999999999953,0.));
#3613=DIRECTION('',(-9.69926346076713E-7,0.99999999999953,0.));
#3614=DIRECTION('center_axis',(0.,0.,1.));
#3615=DIRECTION('ref_axis',(1.,0.,0.));
#3616=DIRECTION('center_axis',(0.,0.,1.));
#3617=DIRECTION('ref_axis',(1.,0.,0.));
#3618=CARTESIAN_POINT('',(0.,0.,0.));
#3619=CARTESIAN_POINT('Origin',(0.,0.,7.));
#3620=CARTESIAN_POINT('',(19.6700020072436,23.0675011573944,7.));
#3621=CARTESIAN_POINT('',(19.6700007463394,24.3675011573941,7.));
#3622=CARTESIAN_POINT('',(19.6700020072436,23.0675011573944,7.));
#3623=CARTESIAN_POINT('',(-39.2600020072423,24.3675011573941,7.));
#3624=CARTESIAN_POINT('',(19.6700007463394,24.3675011573941,7.));
#3625=CARTESIAN_POINT('',(-42.2600020072423,21.3675011573941,7.));
#3626=CARTESIAN_POINT('Origin',(-39.2600020072423,21.3675011573942,7.));
#3627=CARTESIAN_POINT('',(-42.2600020072423,-21.3675011573942,7.));
#3628=CARTESIAN_POINT('',(-42.2600020072423,-21.3675011573941,7.));
#3629=CARTESIAN_POINT('',(-39.2600020072423,-24.3675011573941,7.));
#3630=CARTESIAN_POINT('Origin',(-39.2600020072423,-21.3675011573942,7.));
#3631=CARTESIAN_POINT('',(39.2600020072423,-24.3675011573941,7.));
#3632=CARTESIAN_POINT('',(39.2600020072423,-24.3675011573941,7.));
#3633=CARTESIAN_POINT('',(42.2600020072423,-21.3675011573942,7.));
#3634=CARTESIAN_POINT('Origin',(39.2600020072423,-21.3675011573942,7.));
#3635=CARTESIAN_POINT('',(42.2600020072423,21.3675011573941,7.));
#3636=CARTESIAN_POINT('',(42.2600020072423,21.3675011573941,7.));
#3637=CARTESIAN_POINT('',(39.2600020072423,24.3675011573941,7.));
#3638=CARTESIAN_POINT('Origin',(39.2600020072423,21.3675011573942,7.));
#3639=CARTESIAN_POINT('',(30.3300007463127,24.3675011573941,7.));
#3640=CARTESIAN_POINT('',(39.2600020072423,24.3675011573941,7.));
#3641=CARTESIAN_POINT('',(30.3300020072171,23.0675011573965,7.));
#3642=CARTESIAN_POINT('',(30.3300020072171,23.0675011573965,7.));
#3643=CARTESIAN_POINT('',(35.0000020072423,23.0675011573981,7.));
#3644=CARTESIAN_POINT('',(30.3300020072171,23.0675011573965,7.));
#3645=CARTESIAN_POINT('',(35.0000020072423,-3.43249884260342,7.));
#3646=CARTESIAN_POINT('',(35.0000020072423,23.0675011573981,7.));
#3647=CARTESIAN_POINT('',(15.0000020072423,-3.4324988426221,7.));
#3648=CARTESIAN_POINT('',(35.0000020072423,-3.43249884260342,7.));
#3649=CARTESIAN_POINT('',(15.0000020072423,23.0675011573935,7.));
#3650=CARTESIAN_POINT('',(15.0000020072423,-3.4324988426221,7.));
#3651=CARTESIAN_POINT('',(19.6700020072436,23.0675011573944,7.));
#3652=CARTESIAN_POINT('',(-40.01,20.3675,7.));
#3653=CARTESIAN_POINT('Origin',(-38.26,20.3675,7.));
#3654=CARTESIAN_POINT('',(23.0749979927577,-13.6875011573943,7.));
#3655=CARTESIAN_POINT('',(21.5749979927577,-12.1875011573943,7.));
#3656=CARTESIAN_POINT('Origin',(23.0749979927577,-12.1875011573943,7.));
#3657=CARTESIAN_POINT('',(21.5749979927577,-9.18750115739428,7.));
#3658=CARTESIAN_POINT('',(21.5749979927577,-12.1875011573943,7.));
#3659=CARTESIAN_POINT('',(23.0749979927577,-7.68750115739429,7.));
#3660=CARTESIAN_POINT('Origin',(23.0749979927577,-9.18750115739428,7.));
#3661=CARTESIAN_POINT('',(34.0749979927577,-7.68750115739429,7.));
#3662=CARTESIAN_POINT('',(23.0749979927577,-7.68750115739428,7.));
#3663=CARTESIAN_POINT('',(35.5749979927577,-9.18750115739429,7.));
#3664=CARTESIAN_POINT('Origin',(34.0749979927577,-9.18750115739429,7.));
#3665=CARTESIAN_POINT('',(35.5749979927577,-12.1875011573943,7.));
#3666=CARTESIAN_POINT('',(35.5749979927577,-12.1875011573943,7.));
#3667=CARTESIAN_POINT('',(34.0749979927577,-13.6875011573943,7.));
#3668=CARTESIAN_POINT('Origin',(34.0749979927577,-12.1875011573943,7.));
#3669=CARTESIAN_POINT('',(23.0749979927577,-13.6875011573943,7.));
#3670=CARTESIAN_POINT('',(36.7350018083424,-0.0994999999942925,7.));
#3671=CARTESIAN_POINT('Origin',(38.2600018083424,-0.0994999999942906,7.));
#3672=CARTESIAN_POINT('',(-15.0250020072423,-13.6875011573943,7.));
#3673=CARTESIAN_POINT('',(-16.5250020072423,-12.1875011573943,7.));
#3674=CARTESIAN_POINT('Origin',(-15.0250020072423,-12.1875011573943,7.));
#3675=CARTESIAN_POINT('',(-16.5250020072423,-9.18750115739428,7.));
#3676=CARTESIAN_POINT('',(-16.5250020072423,-12.1875011573943,7.));
#3677=CARTESIAN_POINT('',(-15.0250020072423,-7.68750115739429,7.));
#3678=CARTESIAN_POINT('Origin',(-15.0250020072423,-9.18750115739428,7.));
#3679=CARTESIAN_POINT('',(-4.02500200724229,-7.68750115739429,7.));
#3680=CARTESIAN_POINT('',(-15.0250020072423,-7.68750115739428,7.));
#3681=CARTESIAN_POINT('',(-2.52500200724229,-9.18750115739429,7.));
#3682=CARTESIAN_POINT('Origin',(-4.02500200724229,-9.18750115739429,7.));
#3683=CARTESIAN_POINT('',(-2.52500200724229,-12.1875011573943,7.));
#3684=CARTESIAN_POINT('',(-2.52500200724229,-12.1875011573943,7.));
#3685=CARTESIAN_POINT('',(-4.02500200724229,-13.6875011573943,7.));
#3686=CARTESIAN_POINT('Origin',(-4.02500200724229,-12.1875011573943,7.));
#3687=CARTESIAN_POINT('',(-15.0250020072423,-13.6875011573943,7.));
#3688=CARTESIAN_POINT('',(-34.6900020072423,1.89750115739417,7.));
#3689=CARTESIAN_POINT('',(-37.6900020072423,4.89750115739416,7.));
#3690=CARTESIAN_POINT('Origin',(-34.6900020072423,4.89750115739417,7.));
#3691=CARTESIAN_POINT('',(-37.6900020072423,13.8975011573941,7.));
#3692=CARTESIAN_POINT('',(-37.6900020072423,4.89750115739416,7.));
#3693=CARTESIAN_POINT('',(-34.6900020072423,16.8975011573941,7.));
#3694=CARTESIAN_POINT('Origin',(-34.6900020072423,13.8975011573941,7.));
#3695=CARTESIAN_POINT('',(-21.6900020072423,16.8975011573941,7.));
#3696=CARTESIAN_POINT('',(-21.6900020072423,16.8975011573941,7.));
#3697=CARTESIAN_POINT('',(-18.6900020072423,13.8975011573942,7.));
#3698=CARTESIAN_POINT('Origin',(-21.6900020072423,13.8975011573942,7.));
#3699=CARTESIAN_POINT('',(-18.6900020072423,4.89750115739416,7.));
#3700=CARTESIAN_POINT('',(-18.6900020072423,4.89750115739416,7.));
#3701=CARTESIAN_POINT('',(-21.6900020072423,1.89750115739417,7.));
#3702=CARTESIAN_POINT('Origin',(-21.6900020072423,4.89750115739416,7.));
#3703=CARTESIAN_POINT('',(-21.6900020072423,1.89750115739417,7.));
#3704=CARTESIAN_POINT('',(-34.0750020072423,-13.6875011573943,7.));
#3705=CARTESIAN_POINT('',(-35.5750020072423,-12.1875011573943,7.));
#3706=CARTESIAN_POINT('Origin',(-34.0750020072423,-12.1875011573943,7.));
#3707=CARTESIAN_POINT('',(-35.5750020072423,-9.18750115739429,7.));
#3708=CARTESIAN_POINT('',(-35.5750020072423,-12.1875011573943,7.));
#3709=CARTESIAN_POINT('',(-34.0750020072423,-7.68750115739429,7.));
#3710=CARTESIAN_POINT('Origin',(-34.0750020072423,-9.18750115739429,7.));
#3711=CARTESIAN_POINT('',(-23.0750020072423,-7.68750115739429,7.));
#3712=CARTESIAN_POINT('',(-34.0750020072423,-7.68750115739429,7.));
#3713=CARTESIAN_POINT('',(-21.5750020072423,-9.18750115739428,7.));
#3714=CARTESIAN_POINT('Origin',(-23.0750020072423,-9.18750115739429,7.));
#3715=CARTESIAN_POINT('',(-21.5750020072423,-12.1875011573943,7.));
#3716=CARTESIAN_POINT('',(-21.5750020072423,-12.1875011573943,7.));
#3717=CARTESIAN_POINT('',(-23.0750020072423,-13.6875011573943,7.));
#3718=CARTESIAN_POINT('Origin',(-23.0750020072423,-12.1875011573943,7.));
#3719=CARTESIAN_POINT('',(-34.0750020072423,-13.6875011573943,7.));
#3720=CARTESIAN_POINT('',(-40.01,-20.3675,7.));
#3721=CARTESIAN_POINT('Origin',(-38.26,-20.3675,7.));
#3722=CARTESIAN_POINT('',(36.5100020072234,-20.3675011573943,7.));
#3723=CARTESIAN_POINT('Origin',(38.2600020072234,-20.3675011573943,7.));
#3724=CARTESIAN_POINT('',(36.5100000000424,20.3675000000065,7.));
#3725=CARTESIAN_POINT('Origin',(38.2600000000424,20.3675000000065,7.));
#3726=CARTESIAN_POINT('',(4.02499799275771,-13.6875011573943,7.));
#3727=CARTESIAN_POINT('',(2.52499799275771,-12.1875011573943,7.));
#3728=CARTESIAN_POINT('Origin',(4.02499799275771,-12.1875011573943,7.));
#3729=CARTESIAN_POINT('',(2.52499799275771,-9.18750115739428,7.));
#3730=CARTESIAN_POINT('',(2.52499799275771,-12.1875011573943,7.));
#3731=CARTESIAN_POINT('',(4.02499799275771,-7.68750115739429,7.));
#3732=CARTESIAN_POINT('Origin',(4.02499799275771,-9.18750115739428,7.));
#3733=CARTESIAN_POINT('',(15.0249979927577,-7.68750115739429,7.));
#3734=CARTESIAN_POINT('',(4.02499799275771,-7.68750115739429,7.));
#3735=CARTESIAN_POINT('',(16.5249979927577,-9.18750115739429,7.));
#3736=CARTESIAN_POINT('Origin',(15.0249979927577,-9.18750115739429,7.));
#3737=CARTESIAN_POINT('',(16.5249979927577,-12.1875011573943,7.));
#3738=CARTESIAN_POINT('',(16.5249979927577,-12.1875011573943,7.));
#3739=CARTESIAN_POINT('',(15.0249979927577,-13.6875011573943,7.));
#3740=CARTESIAN_POINT('Origin',(15.0249979927577,-12.1875011573943,7.));
#3741=CARTESIAN_POINT('',(4.02499799275771,-13.6875011573943,7.));
#3742=CARTESIAN_POINT('',(-39.785,-0.099499999999999,7.));
#3743=CARTESIAN_POINT('Origin',(-38.26,-0.099499999999999,7.));
#3744=CARTESIAN_POINT('Origin',(-38.26,-0.099499999999999,0.));
#3745=CARTESIAN_POINT('',(-39.785,-0.0994999999999992,0.));
#3746=CARTESIAN_POINT('',(-39.785,-0.0994999999999992,0.));
#3747=CARTESIAN_POINT('Origin',(-38.26,-0.099499999999999,0.));
#3748=CARTESIAN_POINT('Origin',(15.0249979927577,-13.6875011573943,0.));
#3749=CARTESIAN_POINT('',(15.0249979927577,-13.6875011573943,0.));
#3750=CARTESIAN_POINT('',(4.02499799275771,-13.6875011573943,0.));
#3751=CARTESIAN_POINT('',(4.02499799275771,-13.6875011573943,0.));
#3752=CARTESIAN_POINT('',(4.02499799275771,-13.6875011573943,0.));
#3753=CARTESIAN_POINT('',(15.0249979927577,-13.6875011573943,0.));
#3754=CARTESIAN_POINT('Origin',(15.0249979927577,-12.1875011573943,0.));
#3755=CARTESIAN_POINT('',(16.5249979927577,-12.1875011573943,0.));
#3756=CARTESIAN_POINT('Origin',(15.0249979927577,-12.1875011573943,0.));
#3757=CARTESIAN_POINT('',(16.5249979927577,-12.1875011573943,0.));
#3758=CARTESIAN_POINT('Origin',(16.5249979927577,-9.18750115739429,0.));
#3759=CARTESIAN_POINT('',(16.5249979927577,-9.18750115739429,0.));
#3760=CARTESIAN_POINT('',(16.5249979927577,-12.1875011573943,0.));
#3761=CARTESIAN_POINT('',(16.5249979927577,-9.18750115739429,0.));
#3762=CARTESIAN_POINT('Origin',(15.0249979927577,-9.18750115739429,0.));
#3763=CARTESIAN_POINT('',(15.0249979927577,-7.68750115739429,0.));
#3764=CARTESIAN_POINT('Origin',(15.0249979927577,-9.18750115739429,0.));
#3765=CARTESIAN_POINT('',(15.0249979927577,-7.68750115739429,0.));
#3766=CARTESIAN_POINT('Origin',(4.02499799275771,-7.68750115739429,0.));
#3767=CARTESIAN_POINT('',(4.02499799275771,-7.68750115739429,0.));
#3768=CARTESIAN_POINT('',(4.02499799275771,-7.68750115739429,0.));
#3769=CARTESIAN_POINT('',(4.02499799275771,-7.68750115739429,0.));
#3770=CARTESIAN_POINT('Origin',(4.02499799275771,-9.18750115739428,0.));
#3771=CARTESIAN_POINT('',(2.52499799275771,-9.18750115739428,0.));
#3772=CARTESIAN_POINT('Origin',(4.02499799275771,-9.18750115739428,0.));
#3773=CARTESIAN_POINT('',(2.52499799275771,-9.18750115739428,0.));
#3774=CARTESIAN_POINT('Origin',(2.52499799275771,-12.1875011573943,0.));
#3775=CARTESIAN_POINT('',(2.52499799275771,-12.1875011573943,0.));
#3776=CARTESIAN_POINT('',(2.52499799275771,-12.1875011573943,0.));
#3777=CARTESIAN_POINT('',(2.52499799275771,-12.1875011573943,0.));
#3778=CARTESIAN_POINT('Origin',(4.02499799275771,-12.1875011573943,0.));
#3779=CARTESIAN_POINT('Origin',(4.02499799275771,-12.1875011573943,0.));
#3780=CARTESIAN_POINT('Origin',(38.2600000000424,20.3675000000065,0.));
#3781=CARTESIAN_POINT('',(36.5100000000424,20.3675000000065,0.));
#3782=CARTESIAN_POINT('',(36.5100000000424,20.3675000000065,0.));
#3783=CARTESIAN_POINT('Origin',(38.2600000000424,20.3675000000065,0.));
#3784=CARTESIAN_POINT('Origin',(38.2600020072234,-20.3675011573943,0.));
#3785=CARTESIAN_POINT('',(36.5100020072234,-20.3675011573943,0.));
#3786=CARTESIAN_POINT('',(36.5100020072234,-20.3675011573943,0.));
#3787=CARTESIAN_POINT('Origin',(38.2600020072234,-20.3675011573943,0.));
#3788=CARTESIAN_POINT('Origin',(-38.26,-20.3675,0.));
#3789=CARTESIAN_POINT('',(-40.01,-20.3675,0.));
#3790=CARTESIAN_POINT('',(-40.01,-20.3675,0.));
#3791=CARTESIAN_POINT('Origin',(-38.26,-20.3675,0.));
#3792=CARTESIAN_POINT('Origin',(-23.0750020072423,-13.6875011573943,0.));
#3793=CARTESIAN_POINT('',(-23.0750020072423,-13.6875011573943,0.));
#3794=CARTESIAN_POINT('',(-34.0750020072423,-13.6875011573943,0.));
#3795=CARTESIAN_POINT('',(-34.0750020072423,-13.6875011573943,0.));
#3796=CARTESIAN_POINT('',(-34.0750020072423,-13.6875011573943,0.));
#3797=CARTESIAN_POINT('',(-23.0750020072423,-13.6875011573943,0.));
#3798=CARTESIAN_POINT('Origin',(-23.0750020072423,-12.1875011573943,0.));
#3799=CARTESIAN_POINT('',(-21.5750020072423,-12.1875011573943,0.));
#3800=CARTESIAN_POINT('Origin',(-23.0750020072423,-12.1875011573943,0.));
#3801=CARTESIAN_POINT('',(-21.5750020072423,-12.1875011573943,0.));
#3802=CARTESIAN_POINT('Origin',(-21.5750020072423,-9.18750115739428,0.));
#3803=CARTESIAN_POINT('',(-21.5750020072423,-9.18750115739428,0.));
#3804=CARTESIAN_POINT('',(-21.5750020072423,-12.1875011573943,0.));
#3805=CARTESIAN_POINT('',(-21.5750020072423,-9.18750115739428,0.));
#3806=CARTESIAN_POINT('Origin',(-23.0750020072423,-9.18750115739429,0.));
#3807=CARTESIAN_POINT('',(-23.0750020072423,-7.68750115739429,0.));
#3808=CARTESIAN_POINT('Origin',(-23.0750020072423,-9.18750115739429,0.));
#3809=CARTESIAN_POINT('',(-23.0750020072423,-7.68750115739429,0.));
#3810=CARTESIAN_POINT('Origin',(-34.0750020072423,-7.68750115739429,0.));
#3811=CARTESIAN_POINT('',(-34.0750020072423,-7.68750115739429,0.));
#3812=CARTESIAN_POINT('',(-34.0750020072423,-7.68750115739429,0.));
#3813=CARTESIAN_POINT('',(-34.0750020072423,-7.68750115739429,0.));
#3814=CARTESIAN_POINT('Origin',(-34.0750020072423,-9.18750115739429,0.));
#3815=CARTESIAN_POINT('',(-35.5750020072423,-9.18750115739429,0.));
#3816=CARTESIAN_POINT('Origin',(-34.0750020072423,-9.18750115739429,0.));
#3817=CARTESIAN_POINT('',(-35.5750020072423,-9.18750115739429,0.));
#3818=CARTESIAN_POINT('Origin',(-35.5750020072423,-12.1875011573943,0.));
#3819=CARTESIAN_POINT('',(-35.5750020072423,-12.1875011573943,0.));
#3820=CARTESIAN_POINT('',(-35.5750020072423,-12.1875011573943,0.));
#3821=CARTESIAN_POINT('',(-35.5750020072423,-12.1875011573943,0.));
#3822=CARTESIAN_POINT('Origin',(-34.0750020072423,-12.1875011573943,0.));
#3823=CARTESIAN_POINT('Origin',(-34.0750020072423,-12.1875011573943,0.));
#3824=CARTESIAN_POINT('Origin',(-21.6900020072423,1.89750115739417,0.));
#3825=CARTESIAN_POINT('',(-21.6900020072423,1.89750115739417,0.));
#3826=CARTESIAN_POINT('',(-34.6900020072423,1.89750115739417,0.));
#3827=CARTESIAN_POINT('',(-21.6900020072423,1.89750115739417,0.));
#3828=CARTESIAN_POINT('',(-34.6900020072423,1.89750115739417,0.));
#3829=CARTESIAN_POINT('',(-21.6900020072423,1.89750115739417,0.));
#3830=CARTESIAN_POINT('Origin',(-21.6900020072423,4.89750115739416,0.));
#3831=CARTESIAN_POINT('',(-18.6900020072423,4.89750115739416,0.));
#3832=CARTESIAN_POINT('Origin',(-21.6900020072423,4.89750115739416,0.));
#3833=CARTESIAN_POINT('',(-18.6900020072423,4.89750115739416,0.));
#3834=CARTESIAN_POINT('Origin',(-18.6900020072423,13.8975011573942,0.));
#3835=CARTESIAN_POINT('',(-18.6900020072423,13.8975011573942,0.));
#3836=CARTESIAN_POINT('',(-18.6900020072423,4.89750115739416,0.));
#3837=CARTESIAN_POINT('',(-18.6900020072423,13.8975011573942,0.));
#3838=CARTESIAN_POINT('Origin',(-21.6900020072423,13.8975011573942,0.));
#3839=CARTESIAN_POINT('',(-21.6900020072423,16.8975011573941,0.));
#3840=CARTESIAN_POINT('Origin',(-21.6900020072423,13.8975011573942,0.));
#3841=CARTESIAN_POINT('',(-21.6900020072423,16.8975011573941,0.));
#3842=CARTESIAN_POINT('Origin',(-34.6900020072423,16.8975011573941,0.));
#3843=CARTESIAN_POINT('',(-34.6900020072423,16.8975011573941,0.));
#3844=CARTESIAN_POINT('',(-21.6900020072423,16.8975011573941,0.));
#3845=CARTESIAN_POINT('',(-34.6900020072423,16.8975011573941,0.));
#3846=CARTESIAN_POINT('Origin',(-34.6900020072423,13.8975011573941,0.));
#3847=CARTESIAN_POINT('',(-37.6900020072423,13.8975011573941,0.));
#3848=CARTESIAN_POINT('Origin',(-34.6900020072423,13.8975011573941,0.));
#3849=CARTESIAN_POINT('',(-37.6900020072423,13.8975011573941,0.));
#3850=CARTESIAN_POINT('Origin',(-37.6900020072423,4.89750115739416,0.));
#3851=CARTESIAN_POINT('',(-37.6900020072423,4.89750115739416,0.));
#3852=CARTESIAN_POINT('',(-37.6900020072423,4.89750115739416,0.));
#3853=CARTESIAN_POINT('',(-37.6900020072423,4.89750115739416,0.));
#3854=CARTESIAN_POINT('Origin',(-34.6900020072423,4.89750115739417,0.));
#3855=CARTESIAN_POINT('Origin',(-34.6900020072423,4.89750115739417,0.));
#3856=CARTESIAN_POINT('Origin',(-4.02500200724229,-13.6875011573943,0.));
#3857=CARTESIAN_POINT('',(-4.02500200724229,-13.6875011573943,0.));
#3858=CARTESIAN_POINT('',(-15.0250020072423,-13.6875011573943,0.));
#3859=CARTESIAN_POINT('',(-15.0250020072423,-13.6875011573943,0.));
#3860=CARTESIAN_POINT('',(-15.0250020072423,-13.6875011573943,0.));
#3861=CARTESIAN_POINT('',(-4.02500200724229,-13.6875011573943,0.));
#3862=CARTESIAN_POINT('Origin',(-4.02500200724229,-12.1875011573943,0.));
#3863=CARTESIAN_POINT('',(-2.52500200724229,-12.1875011573943,0.));
#3864=CARTESIAN_POINT('Origin',(-4.02500200724229,-12.1875011573943,0.));
#3865=CARTESIAN_POINT('',(-2.52500200724229,-12.1875011573943,0.));
#3866=CARTESIAN_POINT('Origin',(-2.52500200724229,-9.18750115739429,0.));
#3867=CARTESIAN_POINT('',(-2.52500200724229,-9.18750115739429,0.));
#3868=CARTESIAN_POINT('',(-2.52500200724229,-12.1875011573943,0.));
#3869=CARTESIAN_POINT('',(-2.52500200724229,-9.18750115739429,0.));
#3870=CARTESIAN_POINT('Origin',(-4.02500200724229,-9.18750115739429,0.));
#3871=CARTESIAN_POINT('',(-4.02500200724229,-7.68750115739429,0.));
#3872=CARTESIAN_POINT('Origin',(-4.02500200724229,-9.18750115739429,0.));
#3873=CARTESIAN_POINT('',(-4.02500200724229,-7.68750115739429,0.));
#3874=CARTESIAN_POINT('Origin',(-15.0250020072423,-7.68750115739428,0.));
#3875=CARTESIAN_POINT('',(-15.0250020072423,-7.68750115739428,0.));
#3876=CARTESIAN_POINT('',(-15.0250020072423,-7.68750115739428,0.));
#3877=CARTESIAN_POINT('',(-15.0250020072423,-7.68750115739428,0.));
#3878=CARTESIAN_POINT('Origin',(-15.0250020072423,-9.18750115739428,0.));
#3879=CARTESIAN_POINT('',(-16.5250020072423,-9.18750115739428,0.));
#3880=CARTESIAN_POINT('Origin',(-15.0250020072423,-9.18750115739428,0.));
#3881=CARTESIAN_POINT('',(-16.5250020072423,-9.18750115739428,0.));
#3882=CARTESIAN_POINT('Origin',(-16.5250020072423,-12.1875011573943,0.));
#3883=CARTESIAN_POINT('',(-16.5250020072423,-12.1875011573943,0.));
#3884=CARTESIAN_POINT('',(-16.5250020072423,-12.1875011573943,0.));
#3885=CARTESIAN_POINT('',(-16.5250020072423,-12.1875011573943,0.));
#3886=CARTESIAN_POINT('Origin',(-15.0250020072423,-12.1875011573943,0.));
#3887=CARTESIAN_POINT('Origin',(-15.0250020072423,-12.1875011573943,0.));
#3888=CARTESIAN_POINT('Origin',(38.2600018083424,-0.0994999999942906,0.));
#3889=CARTESIAN_POINT('',(36.7350018083424,-0.0994999999942908,0.));
#3890=CARTESIAN_POINT('',(36.7350018083424,-0.0994999999942908,0.));
#3891=CARTESIAN_POINT('Origin',(38.2600018083424,-0.0994999999942906,0.));
#3892=CARTESIAN_POINT('Origin',(34.0749979927577,-13.6875011573943,0.));
#3893=CARTESIAN_POINT('',(34.0749979927577,-13.6875011573943,0.));
#3894=CARTESIAN_POINT('',(23.0749979927577,-13.6875011573943,0.));
#3895=CARTESIAN_POINT('',(23.0749979927577,-13.6875011573943,0.));
#3896=CARTESIAN_POINT('',(23.0749979927577,-13.6875011573943,0.));
#3897=CARTESIAN_POINT('',(34.0749979927577,-13.6875011573943,0.));
#3898=CARTESIAN_POINT('Origin',(34.0749979927577,-12.1875011573943,0.));
#3899=CARTESIAN_POINT('',(35.5749979927577,-12.1875011573943,0.));
#3900=CARTESIAN_POINT('Origin',(34.0749979927577,-12.1875011573943,0.));
#3901=CARTESIAN_POINT('',(35.5749979927577,-12.1875011573943,0.));
#3902=CARTESIAN_POINT('Origin',(35.5749979927577,-9.18750115739429,0.));
#3903=CARTESIAN_POINT('',(35.5749979927577,-9.18750115739429,0.));
#3904=CARTESIAN_POINT('',(35.5749979927577,-12.1875011573943,0.));
#3905=CARTESIAN_POINT('',(35.5749979927577,-9.18750115739429,0.));
#3906=CARTESIAN_POINT('Origin',(34.0749979927577,-9.18750115739429,0.));
#3907=CARTESIAN_POINT('',(34.0749979927577,-7.68750115739429,0.));
#3908=CARTESIAN_POINT('Origin',(34.0749979927577,-9.18750115739429,0.));
#3909=CARTESIAN_POINT('',(34.0749979927577,-7.68750115739429,0.));
#3910=CARTESIAN_POINT('Origin',(23.0749979927577,-7.68750115739428,0.));
#3911=CARTESIAN_POINT('',(23.0749979927577,-7.68750115739428,0.));
#3912=CARTESIAN_POINT('',(23.0749979927577,-7.68750115739428,0.));
#3913=CARTESIAN_POINT('',(23.0749979927577,-7.68750115739428,0.));
#3914=CARTESIAN_POINT('Origin',(23.0749979927577,-9.18750115739428,0.));
#3915=CARTESIAN_POINT('',(21.5749979927577,-9.18750115739428,0.));
#3916=CARTESIAN_POINT('Origin',(23.0749979927577,-9.18750115739428,0.));
#3917=CARTESIAN_POINT('',(21.5749979927577,-9.18750115739428,0.));
#3918=CARTESIAN_POINT('Origin',(21.5749979927577,-12.1875011573943,0.));
#3919=CARTESIAN_POINT('',(21.5749979927577,-12.1875011573943,0.));
#3920=CARTESIAN_POINT('',(21.5749979927577,-12.1875011573943,0.));
#3921=CARTESIAN_POINT('',(21.5749979927577,-12.1875011573943,0.));
#3922=CARTESIAN_POINT('Origin',(23.0749979927577,-12.1875011573943,0.));
#3923=CARTESIAN_POINT('Origin',(23.0749979927577,-12.1875011573943,0.));
#3924=CARTESIAN_POINT('Origin',(-38.26,20.3675,0.));
#3925=CARTESIAN_POINT('',(-40.01,20.3675,0.));
#3926=CARTESIAN_POINT('',(-40.01,20.3675,0.));
#3927=CARTESIAN_POINT('Origin',(-38.26,20.3675,0.));
#3928=CARTESIAN_POINT('Origin',(15.0000020072423,23.0675011573935,0.));
#3929=CARTESIAN_POINT('',(19.6700020072436,23.0675011573944,0.));
#3930=CARTESIAN_POINT('',(15.0000020072423,23.0675011573935,0.));
#3931=CARTESIAN_POINT('',(19.6700020072436,23.0675011573944,0.));
#3932=CARTESIAN_POINT('',(19.6700020072436,23.0675011573944,0.));
#3933=CARTESIAN_POINT('',(15.0000020072423,23.0675011573935,0.));
#3934=CARTESIAN_POINT('Origin',(15.0000020072423,-3.4324988426221,0.));
#3935=CARTESIAN_POINT('',(15.0000020072423,-3.4324988426221,0.));
#3936=CARTESIAN_POINT('',(15.0000020072423,-3.4324988426221,0.));
#3937=CARTESIAN_POINT('',(15.0000020072423,-3.4324988426221,0.));
#3938=CARTESIAN_POINT('Origin',(35.0000020072423,-3.43249884260342,0.));
#3939=CARTESIAN_POINT('',(35.0000020072423,-3.43249884260342,0.));
#3940=CARTESIAN_POINT('',(35.0000020072423,-3.43249884260342,0.));
#3941=CARTESIAN_POINT('',(35.0000020072423,-3.43249884260342,0.));
#3942=CARTESIAN_POINT('Origin',(35.0000020072423,23.0675011573981,0.));
#3943=CARTESIAN_POINT('',(35.0000020072423,23.0675011573981,0.));
#3944=CARTESIAN_POINT('',(35.0000020072423,23.0675011573981,0.));
#3945=CARTESIAN_POINT('',(35.0000020072423,23.0675011573981,0.));
#3946=CARTESIAN_POINT('Origin',(30.3300020072171,23.0675011573965,0.));
#3947=CARTESIAN_POINT('',(30.3300020072171,23.0675011573965,0.));
#3948=CARTESIAN_POINT('',(30.3300020072171,23.0675011573965,0.));
#3949=CARTESIAN_POINT('',(30.3300020072171,23.0675011573965,0.));
#3950=CARTESIAN_POINT('Origin',(30.3300007463127,24.3675011573941,0.));
#3951=CARTESIAN_POINT('',(30.3300007463127,24.3675011573941,0.));
#3952=CARTESIAN_POINT('',(30.3300020072171,23.0675011573965,0.));
#3953=CARTESIAN_POINT('',(30.3300007463127,24.3675011573941,0.));
#3954=CARTESIAN_POINT('Origin',(39.2600020072423,24.3675011573941,0.));
#3955=CARTESIAN_POINT('',(39.2600020072423,24.3675011573941,0.));
#3956=CARTESIAN_POINT('',(39.2600020072423,24.3675011573941,0.));
#3957=CARTESIAN_POINT('',(39.2600020072423,24.3675011573941,0.));
#3958=CARTESIAN_POINT('Origin',(39.2600020072423,21.3675011573942,0.));
#3959=CARTESIAN_POINT('',(42.2600020072423,21.3675011573941,0.));
#3960=CARTESIAN_POINT('Origin',(39.2600020072423,21.3675011573942,0.));
#3961=CARTESIAN_POINT('',(42.2600020072423,21.3675011573941,0.));
#3962=CARTESIAN_POINT('Origin',(42.2600020072423,-21.3675011573941,0.));
#3963=CARTESIAN_POINT('',(42.2600020072423,-21.3675011573941,0.));
#3964=CARTESIAN_POINT('',(42.2600020072423,21.3675011573941,0.));
#3965=CARTESIAN_POINT('',(42.2600020072423,-21.3675011573941,0.));
#3966=CARTESIAN_POINT('Origin',(39.2600020072423,-21.3675011573942,0.));
#3967=CARTESIAN_POINT('',(39.2600020072423,-24.3675011573941,0.));
#3968=CARTESIAN_POINT('Origin',(39.2600020072423,-21.3675011573942,0.));
#3969=CARTESIAN_POINT('',(39.2600020072423,-24.3675011573941,0.));
#3970=CARTESIAN_POINT('Origin',(-39.2600020072423,-24.3675011573941,0.));
#3971=CARTESIAN_POINT('',(-39.2600020072423,-24.3675011573941,0.));
#3972=CARTESIAN_POINT('',(39.2600020072423,-24.3675011573941,0.));
#3973=CARTESIAN_POINT('',(-39.2600020072423,-24.3675011573941,0.));
#3974=CARTESIAN_POINT('Origin',(-39.2600020072423,-21.3675011573942,0.));
#3975=CARTESIAN_POINT('',(-42.2600020072423,-21.3675011573941,0.));
#3976=CARTESIAN_POINT('Origin',(-39.2600020072423,-21.3675011573942,0.));
#3977=CARTESIAN_POINT('',(-42.2600020072423,-21.3675011573941,0.));
#3978=CARTESIAN_POINT('Origin',(-42.2600020072423,21.3675011573941,0.));
#3979=CARTESIAN_POINT('',(-42.2600020072423,21.3675011573941,0.));
#3980=CARTESIAN_POINT('',(-42.2600020072423,-21.3675011573941,0.));
#3981=CARTESIAN_POINT('',(-42.2600020072423,21.3675011573941,0.));
#3982=CARTESIAN_POINT('Origin',(-39.2600020072423,21.3675011573942,0.));
#3983=CARTESIAN_POINT('',(-39.2600020072423,24.3675011573941,0.));
#3984=CARTESIAN_POINT('Origin',(-39.2600020072423,21.3675011573942,0.));
#3985=CARTESIAN_POINT('',(-39.2600020072423,24.3675011573941,0.));
#3986=CARTESIAN_POINT('Origin',(19.6700007463394,24.3675011573941,0.));
#3987=CARTESIAN_POINT('',(19.6700007463394,24.3675011573941,0.));
#3988=CARTESIAN_POINT('',(19.6700007463394,24.3675011573941,0.));
#3989=CARTESIAN_POINT('',(19.6700007463394,24.3675011573941,0.));
#3990=CARTESIAN_POINT('Origin',(19.6700020072436,23.0675011573944,0.));
#3991=CARTESIAN_POINT('',(19.6700020072436,23.0675011573944,0.));
#3992=CARTESIAN_POINT('Origin',(0.,0.,0.));
#3993=CARTESIAN_POINT('Origin',(-38.26,20.3675,0.));
#3994=CARTESIAN_POINT('',(-40.01,20.3675,7.));
#3995=CARTESIAN_POINT('Origin',(-38.26,20.3675,7.));
#3996=CARTESIAN_POINT('',(-40.01,20.3675,0.));
#3997=CARTESIAN_POINT('',(-40.01,20.3675,0.));
#3998=CARTESIAN_POINT('Origin',(-38.26,20.3675,0.));
#3999=CARTESIAN_POINT('Origin',(34.0749979927577,-13.6875011573943,0.));
#4000=CARTESIAN_POINT('',(34.0749979927577,-13.6875011573943,0.));
#4001=CARTESIAN_POINT('',(23.0749979927577,-13.6875011573943,0.));
#4002=CARTESIAN_POINT('',(23.0749979927577,-13.6875011573943,0.));
#4003=CARTESIAN_POINT('',(23.0749979927577,-13.6875011573943,7.));
#4004=CARTESIAN_POINT('',(23.0749979927577,-13.6875011573943,0.));
#4005=CARTESIAN_POINT('',(34.0749979927577,-13.6875011573943,7.));
#4006=CARTESIAN_POINT('',(23.0749979927577,-13.6875011573943,7.));
#4007=CARTESIAN_POINT('',(34.0749979927577,-13.6875011573943,0.));
#4008=CARTESIAN_POINT('Origin',(34.0749979927577,-12.1875011573943,0.));
#4009=CARTESIAN_POINT('',(35.5749979927577,-12.1875011573943,0.));
#4010=CARTESIAN_POINT('Origin',(34.0749979927577,-12.1875011573943,0.));
#4011=CARTESIAN_POINT('',(35.5749979927577,-12.1875011573943,7.));
#4012=CARTESIAN_POINT('Origin',(34.0749979927577,-12.1875011573943,7.));
#4013=CARTESIAN_POINT('',(35.5749979927577,-12.1875011573943,0.));
#4014=CARTESIAN_POINT('Origin',(35.5749979927577,-9.18750115739429,0.));
#4015=CARTESIAN_POINT('',(35.5749979927577,-9.18750115739429,0.));
#4016=CARTESIAN_POINT('',(35.5749979927577,-12.1875011573943,0.));
#4017=CARTESIAN_POINT('',(35.5749979927577,-9.18750115739429,7.));
#4018=CARTESIAN_POINT('',(35.5749979927577,-12.1875011573943,7.));
#4019=CARTESIAN_POINT('',(35.5749979927577,-9.18750115739429,0.));
#4020=CARTESIAN_POINT('Origin',(34.0749979927577,-9.18750115739429,0.));
#4021=CARTESIAN_POINT('',(34.0749979927577,-7.68750115739429,0.));
#4022=CARTESIAN_POINT('Origin',(34.0749979927577,-9.18750115739429,0.));
#4023=CARTESIAN_POINT('',(34.0749979927577,-7.68750115739429,7.));
#4024=CARTESIAN_POINT('Origin',(34.0749979927577,-9.18750115739429,7.));
#4025=CARTESIAN_POINT('',(34.0749979927577,-7.68750115739429,0.));
#4026=CARTESIAN_POINT('Origin',(23.0749979927577,-7.68750115739428,0.));
#4027=CARTESIAN_POINT('',(23.0749979927577,-7.68750115739428,0.));
#4028=CARTESIAN_POINT('',(23.0749979927577,-7.68750115739428,0.));
#4029=CARTESIAN_POINT('',(23.0749979927577,-7.68750115739428,7.));
#4030=CARTESIAN_POINT('',(23.0749979927577,-7.68750115739428,7.));
#4031=CARTESIAN_POINT('',(23.0749979927577,-7.68750115739428,0.));
#4032=CARTESIAN_POINT('Origin',(23.0749979927577,-9.18750115739428,0.));
#4033=CARTESIAN_POINT('',(21.5749979927577,-9.18750115739428,0.));
#4034=CARTESIAN_POINT('Origin',(23.0749979927577,-9.18750115739428,0.));
#4035=CARTESIAN_POINT('',(21.5749979927577,-9.18750115739428,7.));
#4036=CARTESIAN_POINT('Origin',(23.0749979927577,-9.18750115739428,7.));
#4037=CARTESIAN_POINT('',(21.5749979927577,-9.18750115739428,0.));
#4038=CARTESIAN_POINT('Origin',(21.5749979927577,-12.1875011573943,0.));
#4039=CARTESIAN_POINT('',(21.5749979927577,-12.1875011573943,0.));
#4040=CARTESIAN_POINT('',(21.5749979927577,-12.1875011573943,0.));
#4041=CARTESIAN_POINT('',(21.5749979927577,-12.1875011573943,7.));
#4042=CARTESIAN_POINT('',(21.5749979927577,-12.1875011573943,7.));
#4043=CARTESIAN_POINT('',(21.5749979927577,-12.1875011573943,0.));
#4044=CARTESIAN_POINT('Origin',(23.0749979927577,-12.1875011573943,0.));
#4045=CARTESIAN_POINT('Origin',(23.0749979927577,-12.1875011573943,0.));
#4046=CARTESIAN_POINT('Origin',(23.0749979927577,-12.1875011573943,7.));
#4047=CARTESIAN_POINT('Origin',(38.2600020072234,-20.3675011573943,0.));
#4048=CARTESIAN_POINT('',(36.5100020072234,-20.3675011573943,7.));
#4049=CARTESIAN_POINT('Origin',(38.2600020072234,-20.3675011573943,7.));
#4050=CARTESIAN_POINT('',(36.5100020072234,-20.3675011573943,0.));
#4051=CARTESIAN_POINT('',(36.5100020072234,-20.3675011573943,0.));
#4052=CARTESIAN_POINT('Origin',(38.2600020072234,-20.3675011573943,0.));
#4053=CARTESIAN_POINT('Origin',(-38.26,-20.3675,0.));
#4054=CARTESIAN_POINT('',(-40.01,-20.3675,7.));
#4055=CARTESIAN_POINT('Origin',(-38.26,-20.3675,7.));
#4056=CARTESIAN_POINT('',(-40.01,-20.3675,0.));
#4057=CARTESIAN_POINT('',(-40.01,-20.3675,0.));
#4058=CARTESIAN_POINT('Origin',(-38.26,-20.3675,0.));
#4059=CARTESIAN_POINT('Origin',(38.2600000000424,20.3675000000065,0.));
#4060=CARTESIAN_POINT('',(36.5100000000424,20.3675000000065,7.));
#4061=CARTESIAN_POINT('Origin',(38.2600000000424,20.3675000000065,7.));
#4062=CARTESIAN_POINT('',(36.5100000000424,20.3675000000065,0.));
#4063=CARTESIAN_POINT('',(36.5100000000424,20.3675000000065,0.));
#4064=CARTESIAN_POINT('Origin',(38.2600000000424,20.3675000000065,0.));
#4065=CARTESIAN_POINT('Origin',(15.0249979927577,-13.6875011573943,0.));
#4066=CARTESIAN_POINT('',(15.0249979927577,-13.6875011573943,0.));
#4067=CARTESIAN_POINT('',(4.02499799275771,-13.6875011573943,0.));
#4068=CARTESIAN_POINT('',(4.02499799275771,-13.6875011573943,0.));
#4069=CARTESIAN_POINT('',(4.02499799275771,-13.6875011573943,7.));
#4070=CARTESIAN_POINT('',(4.02499799275771,-13.6875011573943,0.));
#4071=CARTESIAN_POINT('',(15.0249979927577,-13.6875011573943,7.));
#4072=CARTESIAN_POINT('',(4.02499799275771,-13.6875011573943,7.));
#4073=CARTESIAN_POINT('',(15.0249979927577,-13.6875011573943,0.));
#4074=CARTESIAN_POINT('Origin',(15.0249979927577,-12.1875011573943,0.));
#4075=CARTESIAN_POINT('',(16.5249979927577,-12.1875011573943,0.));
#4076=CARTESIAN_POINT('Origin',(15.0249979927577,-12.1875011573943,0.));
#4077=CARTESIAN_POINT('',(16.5249979927577,-12.1875011573943,7.));
#4078=CARTESIAN_POINT('Origin',(15.0249979927577,-12.1875011573943,7.));
#4079=CARTESIAN_POINT('',(16.5249979927577,-12.1875011573943,0.));
#4080=CARTESIAN_POINT('Origin',(16.5249979927577,-9.18750115739429,0.));
#4081=CARTESIAN_POINT('',(16.5249979927577,-9.18750115739429,0.));
#4082=CARTESIAN_POINT('',(16.5249979927577,-12.1875011573943,0.));
#4083=CARTESIAN_POINT('',(16.5249979927577,-9.18750115739429,7.));
#4084=CARTESIAN_POINT('',(16.5249979927577,-12.1875011573943,7.));
#4085=CARTESIAN_POINT('',(16.5249979927577,-9.18750115739429,0.));
#4086=CARTESIAN_POINT('Origin',(15.0249979927577,-9.18750115739429,0.));
#4087=CARTESIAN_POINT('',(15.0249979927577,-7.68750115739429,0.));
#4088=CARTESIAN_POINT('Origin',(15.0249979927577,-9.18750115739429,0.));
#4089=CARTESIAN_POINT('',(15.0249979927577,-7.68750115739429,7.));
#4090=CARTESIAN_POINT('Origin',(15.0249979927577,-9.18750115739429,7.));
#4091=CARTESIAN_POINT('',(15.0249979927577,-7.68750115739429,0.));
#4092=CARTESIAN_POINT('Origin',(4.02499799275771,-7.68750115739429,0.));
#4093=CARTESIAN_POINT('',(4.02499799275771,-7.68750115739429,0.));
#4094=CARTESIAN_POINT('',(4.02499799275771,-7.68750115739429,0.));
#4095=CARTESIAN_POINT('',(4.02499799275771,-7.68750115739429,7.));
#4096=CARTESIAN_POINT('',(4.02499799275771,-7.68750115739429,7.));
#4097=CARTESIAN_POINT('',(4.02499799275771,-7.68750115739429,0.));
#4098=CARTESIAN_POINT('Origin',(4.02499799275771,-9.18750115739428,0.));
#4099=CARTESIAN_POINT('',(2.52499799275771,-9.18750115739428,0.));
#4100=CARTESIAN_POINT('Origin',(4.02499799275771,-9.18750115739428,0.));
#4101=CARTESIAN_POINT('',(2.52499799275772,-9.18750115739428,7.));
#4102=CARTESIAN_POINT('Origin',(4.02499799275771,-9.18750115739428,7.));
#4103=CARTESIAN_POINT('',(2.52499799275771,-9.18750115739428,0.));
#4104=CARTESIAN_POINT('Origin',(2.52499799275771,-12.1875011573943,0.));
#4105=CARTESIAN_POINT('',(2.52499799275771,-12.1875011573943,0.));
#4106=CARTESIAN_POINT('',(2.52499799275771,-12.1875011573943,0.));
#4107=CARTESIAN_POINT('',(2.52499799275771,-12.1875011573943,7.));
#4108=CARTESIAN_POINT('',(2.52499799275771,-12.1875011573943,7.));
#4109=CARTESIAN_POINT('',(2.52499799275771,-12.1875011573943,0.));
#4110=CARTESIAN_POINT('Origin',(4.02499799275771,-12.1875011573943,0.));
#4111=CARTESIAN_POINT('Origin',(4.02499799275771,-12.1875011573943,0.));
#4112=CARTESIAN_POINT('Origin',(4.02499799275771,-12.1875011573943,7.));
#4113=CARTESIAN_POINT('Origin',(-38.26,-0.099499999999999,0.));
#4114=CARTESIAN_POINT('',(-39.785,-0.0994999999999992,7.));
#4115=CARTESIAN_POINT('Origin',(-38.26,-0.099499999999999,7.));
#4116=CARTESIAN_POINT('',(-39.785,-0.0994999999999992,0.));
#4117=CARTESIAN_POINT('',(-39.785,-0.0994999999999992,0.));
#4118=CARTESIAN_POINT('Origin',(-38.26,-0.099499999999999,0.));
#4119=CARTESIAN_POINT('Origin',(-21.6900020072423,1.89750115739417,0.));
#4120=CARTESIAN_POINT('',(-21.6900020072423,1.89750115739417,0.));
#4121=CARTESIAN_POINT('',(-34.6900020072423,1.89750115739417,0.));
#4122=CARTESIAN_POINT('',(-21.6900020072423,1.89750115739417,0.));
#4123=CARTESIAN_POINT('',(-34.6900020072423,1.89750115739417,7.));
#4124=CARTESIAN_POINT('',(-34.6900020072423,1.89750115739417,0.));
#4125=CARTESIAN_POINT('',(-21.6900020072423,1.89750115739417,7.));
#4126=CARTESIAN_POINT('',(-21.6900020072423,1.89750115739417,7.));
#4127=CARTESIAN_POINT('',(-21.6900020072423,1.89750115739417,0.));
#4128=CARTESIAN_POINT('Origin',(-21.6900020072423,4.89750115739416,0.));
#4129=CARTESIAN_POINT('',(-18.6900020072423,4.89750115739416,0.));
#4130=CARTESIAN_POINT('Origin',(-21.6900020072423,4.89750115739416,0.));
#4131=CARTESIAN_POINT('',(-18.6900020072423,4.89750115739416,7.));
#4132=CARTESIAN_POINT('Origin',(-21.6900020072423,4.89750115739416,7.));
#4133=CARTESIAN_POINT('',(-18.6900020072423,4.89750115739416,0.));
#4134=CARTESIAN_POINT('Origin',(-18.6900020072423,13.8975011573942,0.));
#4135=CARTESIAN_POINT('',(-18.6900020072423,13.8975011573942,0.));
#4136=CARTESIAN_POINT('',(-18.6900020072423,4.89750115739416,0.));
#4137=CARTESIAN_POINT('',(-18.6900020072423,13.8975011573942,7.));
#4138=CARTESIAN_POINT('',(-18.6900020072423,4.89750115739416,7.));
#4139=CARTESIAN_POINT('',(-18.6900020072423,13.8975011573942,0.));
#4140=CARTESIAN_POINT('Origin',(-21.6900020072423,13.8975011573942,0.));
#4141=CARTESIAN_POINT('',(-21.6900020072423,16.8975011573941,0.));
#4142=CARTESIAN_POINT('Origin',(-21.6900020072423,13.8975011573942,0.));
#4143=CARTESIAN_POINT('',(-21.6900020072423,16.8975011573941,7.));
#4144=CARTESIAN_POINT('Origin',(-21.6900020072423,13.8975011573942,7.));
#4145=CARTESIAN_POINT('',(-21.6900020072423,16.8975011573941,0.));
#4146=CARTESIAN_POINT('Origin',(-34.6900020072423,16.8975011573941,0.));
#4147=CARTESIAN_POINT('',(-34.6900020072423,16.8975011573941,0.));
#4148=CARTESIAN_POINT('',(-21.6900020072423,16.8975011573941,0.));
#4149=CARTESIAN_POINT('',(-34.6900020072423,16.8975011573941,7.));
#4150=CARTESIAN_POINT('',(-21.6900020072423,16.8975011573941,7.));
#4151=CARTESIAN_POINT('',(-34.6900020072423,16.8975011573941,0.));
#4152=CARTESIAN_POINT('Origin',(-34.6900020072423,13.8975011573941,0.));
#4153=CARTESIAN_POINT('',(-37.6900020072423,13.8975011573941,0.));
#4154=CARTESIAN_POINT('Origin',(-34.6900020072423,13.8975011573941,0.));
#4155=CARTESIAN_POINT('',(-37.6900020072423,13.8975011573941,7.));
#4156=CARTESIAN_POINT('Origin',(-34.6900020072423,13.8975011573941,7.));
#4157=CARTESIAN_POINT('',(-37.6900020072423,13.8975011573941,0.));
#4158=CARTESIAN_POINT('Origin',(-37.6900020072423,4.89750115739416,0.));
#4159=CARTESIAN_POINT('',(-37.6900020072423,4.89750115739416,0.));
#4160=CARTESIAN_POINT('',(-37.6900020072423,4.89750115739416,0.));
#4161=CARTESIAN_POINT('',(-37.6900020072423,4.89750115739416,7.));
#4162=CARTESIAN_POINT('',(-37.6900020072423,4.89750115739416,7.));
#4163=CARTESIAN_POINT('',(-37.6900020072423,4.89750115739416,0.));
#4164=CARTESIAN_POINT('Origin',(-34.6900020072423,4.89750115739417,0.));
#4165=CARTESIAN_POINT('Origin',(-34.6900020072423,4.89750115739417,0.));
#4166=CARTESIAN_POINT('Origin',(-34.6900020072423,4.89750115739417,7.));
#4167=CARTESIAN_POINT('Origin',(-23.0750020072423,-13.6875011573943,0.));
#4168=CARTESIAN_POINT('',(-23.0750020072423,-13.6875011573943,0.));
#4169=CARTESIAN_POINT('',(-34.0750020072423,-13.6875011573943,0.));
#4170=CARTESIAN_POINT('',(-34.0750020072423,-13.6875011573943,0.));
#4171=CARTESIAN_POINT('',(-34.0750020072423,-13.6875011573943,7.));
#4172=CARTESIAN_POINT('',(-34.0750020072423,-13.6875011573943,0.));
#4173=CARTESIAN_POINT('',(-23.0750020072423,-13.6875011573943,7.));
#4174=CARTESIAN_POINT('',(-34.0750020072423,-13.6875011573943,7.));
#4175=CARTESIAN_POINT('',(-23.0750020072423,-13.6875011573943,0.));
#4176=CARTESIAN_POINT('Origin',(-23.0750020072423,-12.1875011573943,0.));
#4177=CARTESIAN_POINT('',(-21.5750020072423,-12.1875011573943,0.));
#4178=CARTESIAN_POINT('Origin',(-23.0750020072423,-12.1875011573943,0.));
#4179=CARTESIAN_POINT('',(-21.5750020072423,-12.1875011573943,7.));
#4180=CARTESIAN_POINT('Origin',(-23.0750020072423,-12.1875011573943,7.));
#4181=CARTESIAN_POINT('',(-21.5750020072423,-12.1875011573943,0.));
#4182=CARTESIAN_POINT('Origin',(-21.5750020072423,-9.18750115739428,0.));
#4183=CARTESIAN_POINT('',(-21.5750020072423,-9.18750115739428,0.));
#4184=CARTESIAN_POINT('',(-21.5750020072423,-12.1875011573943,0.));
#4185=CARTESIAN_POINT('',(-21.5750020072423,-9.18750115739428,7.));
#4186=CARTESIAN_POINT('',(-21.5750020072423,-12.1875011573943,7.));
#4187=CARTESIAN_POINT('',(-21.5750020072423,-9.18750115739428,0.));
#4188=CARTESIAN_POINT('Origin',(-23.0750020072423,-9.18750115739429,0.));
#4189=CARTESIAN_POINT('',(-23.0750020072423,-7.68750115739429,0.));
#4190=CARTESIAN_POINT('Origin',(-23.0750020072423,-9.18750115739429,0.));
#4191=CARTESIAN_POINT('',(-23.0750020072423,-7.68750115739429,7.));
#4192=CARTESIAN_POINT('Origin',(-23.0750020072423,-9.18750115739429,7.));
#4193=CARTESIAN_POINT('',(-23.0750020072423,-7.68750115739429,0.));
#4194=CARTESIAN_POINT('Origin',(-34.0750020072423,-7.68750115739429,0.));
#4195=CARTESIAN_POINT('',(-34.0750020072423,-7.68750115739429,0.));
#4196=CARTESIAN_POINT('',(-34.0750020072423,-7.68750115739429,0.));
#4197=CARTESIAN_POINT('',(-34.0750020072423,-7.68750115739429,7.));
#4198=CARTESIAN_POINT('',(-34.0750020072423,-7.68750115739429,7.));
#4199=CARTESIAN_POINT('',(-34.0750020072423,-7.68750115739429,0.));
#4200=CARTESIAN_POINT('Origin',(-34.0750020072423,-9.18750115739429,0.));
#4201=CARTESIAN_POINT('',(-35.5750020072423,-9.18750115739429,0.));
#4202=CARTESIAN_POINT('Origin',(-34.0750020072423,-9.18750115739429,0.));
#4203=CARTESIAN_POINT('',(-35.5750020072423,-9.18750115739429,7.));
#4204=CARTESIAN_POINT('Origin',(-34.0750020072423,-9.18750115739429,7.));
#4205=CARTESIAN_POINT('',(-35.5750020072423,-9.18750115739429,0.));
#4206=CARTESIAN_POINT('Origin',(-35.5750020072423,-12.1875011573943,0.));
#4207=CARTESIAN_POINT('',(-35.5750020072423,-12.1875011573943,0.));
#4208=CARTESIAN_POINT('',(-35.5750020072423,-12.1875011573943,0.));
#4209=CARTESIAN_POINT('',(-35.5750020072423,-12.1875011573943,7.));
#4210=CARTESIAN_POINT('',(-35.5750020072423,-12.1875011573943,7.));
#4211=CARTESIAN_POINT('',(-35.5750020072423,-12.1875011573943,0.));
#4212=CARTESIAN_POINT('Origin',(-34.0750020072423,-12.1875011573943,0.));
#4213=CARTESIAN_POINT('Origin',(-34.0750020072423,-12.1875011573943,0.));
#4214=CARTESIAN_POINT('Origin',(-34.0750020072423,-12.1875011573943,7.));
#4215=CARTESIAN_POINT('Origin',(-4.02500200724229,-13.6875011573943,0.));
#4216=CARTESIAN_POINT('',(-4.02500200724229,-13.6875011573943,0.));
#4217=CARTESIAN_POINT('',(-15.0250020072423,-13.6875011573943,0.));
#4218=CARTESIAN_POINT('',(-15.0250020072423,-13.6875011573943,0.));
#4219=CARTESIAN_POINT('',(-15.0250020072423,-13.6875011573943,7.));
#4220=CARTESIAN_POINT('',(-15.0250020072423,-13.6875011573943,0.));
#4221=CARTESIAN_POINT('',(-4.0250020072423,-13.6875011573943,7.));
#4222=CARTESIAN_POINT('',(-15.0250020072423,-13.6875011573943,7.));
#4223=CARTESIAN_POINT('',(-4.02500200724229,-13.6875011573943,0.));
#4224=CARTESIAN_POINT('Origin',(-4.02500200724229,-12.1875011573943,0.));
#4225=CARTESIAN_POINT('',(-2.52500200724229,-12.1875011573943,0.));
#4226=CARTESIAN_POINT('Origin',(-4.02500200724229,-12.1875011573943,0.));
#4227=CARTESIAN_POINT('',(-2.52500200724229,-12.1875011573943,7.));
#4228=CARTESIAN_POINT('Origin',(-4.02500200724229,-12.1875011573943,7.));
#4229=CARTESIAN_POINT('',(-2.52500200724229,-12.1875011573943,0.));
#4230=CARTESIAN_POINT('Origin',(-2.52500200724229,-9.18750115739429,0.));
#4231=CARTESIAN_POINT('',(-2.52500200724229,-9.18750115739429,0.));
#4232=CARTESIAN_POINT('',(-2.52500200724229,-12.1875011573943,0.));
#4233=CARTESIAN_POINT('',(-2.52500200724229,-9.18750115739429,7.));
#4234=CARTESIAN_POINT('',(-2.52500200724229,-12.1875011573943,7.));
#4235=CARTESIAN_POINT('',(-2.52500200724229,-9.18750115739429,0.));
#4236=CARTESIAN_POINT('Origin',(-4.02500200724229,-9.18750115739429,0.));
#4237=CARTESIAN_POINT('',(-4.02500200724229,-7.68750115739429,0.));
#4238=CARTESIAN_POINT('Origin',(-4.02500200724229,-9.18750115739429,0.));
#4239=CARTESIAN_POINT('',(-4.02500200724229,-7.68750115739429,7.));
#4240=CARTESIAN_POINT('Origin',(-4.02500200724229,-9.18750115739429,7.));
#4241=CARTESIAN_POINT('',(-4.02500200724229,-7.68750115739429,0.));
#4242=CARTESIAN_POINT('Origin',(-15.0250020072423,-7.68750115739428,0.));
#4243=CARTESIAN_POINT('',(-15.0250020072423,-7.68750115739428,0.));
#4244=CARTESIAN_POINT('',(-15.0250020072423,-7.68750115739428,0.));
#4245=CARTESIAN_POINT('',(-15.0250020072423,-7.68750115739428,7.));
#4246=CARTESIAN_POINT('',(-15.0250020072423,-7.68750115739428,7.));
#4247=CARTESIAN_POINT('',(-15.0250020072423,-7.68750115739428,0.));
#4248=CARTESIAN_POINT('Origin',(-15.0250020072423,-9.18750115739428,0.));
#4249=CARTESIAN_POINT('',(-16.5250020072423,-9.18750115739428,0.));
#4250=CARTESIAN_POINT('Origin',(-15.0250020072423,-9.18750115739428,0.));
#4251=CARTESIAN_POINT('',(-16.5250020072423,-9.18750115739428,7.));
#4252=CARTESIAN_POINT('Origin',(-15.0250020072423,-9.18750115739428,7.));
#4253=CARTESIAN_POINT('',(-16.5250020072423,-9.18750115739428,0.));
#4254=CARTESIAN_POINT('Origin',(-16.5250020072423,-12.1875011573943,0.));
#4255=CARTESIAN_POINT('',(-16.5250020072423,-12.1875011573943,0.));
#4256=CARTESIAN_POINT('',(-16.5250020072423,-12.1875011573943,0.));
#4257=CARTESIAN_POINT('',(-16.5250020072423,-12.1875011573943,7.));
#4258=CARTESIAN_POINT('',(-16.5250020072423,-12.1875011573943,7.));
#4259=CARTESIAN_POINT('',(-16.5250020072423,-12.1875011573943,0.));
#4260=CARTESIAN_POINT('Origin',(-15.0250020072423,-12.1875011573943,0.));
#4261=CARTESIAN_POINT('Origin',(-15.0250020072423,-12.1875011573943,0.));
#4262=CARTESIAN_POINT('Origin',(-15.0250020072423,-12.1875011573943,7.));
#4263=CARTESIAN_POINT('Origin',(38.2600018083424,-0.0994999999942906,0.));
#4264=CARTESIAN_POINT('',(36.7350018083424,-0.0994999999942908,7.));
#4265=CARTESIAN_POINT('Origin',(38.2600018083424,-0.0994999999942906,7.));
#4266=CARTESIAN_POINT('',(36.7350018083424,-0.0994999999942908,0.));
#4267=CARTESIAN_POINT('',(36.7350018083424,-0.0994999999942908,0.));
#4268=CARTESIAN_POINT('Origin',(38.2600018083424,-0.0994999999942906,0.));
#4269=CARTESIAN_POINT('Origin',(15.0000020072423,23.0675011573935,0.));
#4270=CARTESIAN_POINT('',(19.6700020072436,23.0675011573944,0.));
#4271=CARTESIAN_POINT('',(15.0000020072423,23.0675011573935,0.));
#4272=CARTESIAN_POINT('',(19.6700020072436,23.0675011573944,0.));
#4273=CARTESIAN_POINT('',(19.6700020072436,23.0675011573944,7.));
#4274=CARTESIAN_POINT('',(19.6700020072436,23.0675011573944,0.));
#4275=CARTESIAN_POINT('',(15.0000020072423,23.0675011573935,7.));
#4276=CARTESIAN_POINT('',(19.6700020072436,23.0675011573944,7.));
#4277=CARTESIAN_POINT('',(15.0000020072423,23.0675011573935,0.));
#4278=CARTESIAN_POINT('Origin',(15.0000020072423,-3.4324988426221,0.));
#4279=CARTESIAN_POINT('',(15.0000020072423,-3.4324988426221,0.));
#4280=CARTESIAN_POINT('',(15.0000020072423,-3.4324988426221,0.));
#4281=CARTESIAN_POINT('',(15.0000020072423,-3.4324988426221,7.));
#4282=CARTESIAN_POINT('',(15.0000020072423,-3.4324988426221,7.));
#4283=CARTESIAN_POINT('',(15.0000020072423,-3.4324988426221,0.));
#4284=CARTESIAN_POINT('Origin',(35.0000020072423,-3.43249884260342,0.));
#4285=CARTESIAN_POINT('',(35.0000020072423,-3.43249884260342,0.));
#4286=CARTESIAN_POINT('',(35.0000020072423,-3.43249884260342,0.));
#4287=CARTESIAN_POINT('',(35.0000020072423,-3.43249884260342,7.));
#4288=CARTESIAN_POINT('',(35.0000020072423,-3.43249884260342,7.));
#4289=CARTESIAN_POINT('',(35.0000020072423,-3.43249884260342,0.));
#4290=CARTESIAN_POINT('Origin',(35.0000020072423,23.0675011573981,0.));
#4291=CARTESIAN_POINT('',(35.0000020072423,23.0675011573981,0.));
#4292=CARTESIAN_POINT('',(35.0000020072423,23.0675011573981,0.));
#4293=CARTESIAN_POINT('',(35.0000020072423,23.0675011573981,7.));
#4294=CARTESIAN_POINT('',(35.0000020072423,23.0675011573981,7.));
#4295=CARTESIAN_POINT('',(35.0000020072423,23.0675011573981,0.));
#4296=CARTESIAN_POINT('Origin',(30.3300020072171,23.0675011573965,0.));
#4297=CARTESIAN_POINT('',(30.3300020072171,23.0675011573965,0.));
#4298=CARTESIAN_POINT('',(30.3300020072171,23.0675011573965,0.));
#4299=CARTESIAN_POINT('',(30.3300020072171,23.0675011573965,7.));
#4300=CARTESIAN_POINT('',(30.3300020072171,23.0675011573965,7.));
#4301=CARTESIAN_POINT('',(30.3300020072171,23.0675011573965,0.));
#4302=CARTESIAN_POINT('Origin',(30.3300007463127,24.3675011573941,0.));
#4303=CARTESIAN_POINT('',(30.3300007463127,24.3675011573941,0.));
#4304=CARTESIAN_POINT('',(30.3300020072171,23.0675011573965,0.));
#4305=CARTESIAN_POINT('',(30.3300007463127,24.3675011573941,7.));
#4306=CARTESIAN_POINT('',(30.3300020072171,23.0675011573965,7.));
#4307=CARTESIAN_POINT('',(30.3300007463127,24.3675011573941,0.));
#4308=CARTESIAN_POINT('Origin',(39.2600020072423,24.3675011573941,0.));
#4309=CARTESIAN_POINT('',(39.2600020072423,24.3675011573941,0.));
#4310=CARTESIAN_POINT('',(39.2600020072423,24.3675011573941,0.));
#4311=CARTESIAN_POINT('',(39.2600020072423,24.3675011573941,7.));
#4312=CARTESIAN_POINT('',(39.2600020072423,24.3675011573941,7.));
#4313=CARTESIAN_POINT('',(39.2600020072423,24.3675011573941,0.));
#4314=CARTESIAN_POINT('Origin',(39.2600020072423,21.3675011573942,0.));
#4315=CARTESIAN_POINT('',(42.2600020072423,21.3675011573941,0.));
#4316=CARTESIAN_POINT('Origin',(39.2600020072423,21.3675011573942,0.));
#4317=CARTESIAN_POINT('',(42.2600020072423,21.3675011573941,7.));
#4318=CARTESIAN_POINT('Origin',(39.2600020072423,21.3675011573942,7.));
#4319=CARTESIAN_POINT('',(42.2600020072423,21.3675011573941,0.));
#4320=CARTESIAN_POINT('Origin',(42.2600020072423,-21.3675011573941,0.));
#4321=CARTESIAN_POINT('',(42.2600020072423,-21.3675011573941,0.));
#4322=CARTESIAN_POINT('',(42.2600020072423,21.3675011573941,0.));
#4323=CARTESIAN_POINT('',(42.2600020072423,-21.3675011573941,7.));
#4324=CARTESIAN_POINT('',(42.2600020072423,21.3675011573941,7.));
#4325=CARTESIAN_POINT('',(42.2600020072423,-21.3675011573941,0.));
#4326=CARTESIAN_POINT('Origin',(39.2600020072423,-21.3675011573942,0.));
#4327=CARTESIAN_POINT('',(39.2600020072423,-24.3675011573941,0.));
#4328=CARTESIAN_POINT('Origin',(39.2600020072423,-21.3675011573942,0.));
#4329=CARTESIAN_POINT('',(39.2600020072423,-24.3675011573941,7.));
#4330=CARTESIAN_POINT('Origin',(39.2600020072423,-21.3675011573942,7.));
#4331=CARTESIAN_POINT('',(39.2600020072423,-24.3675011573941,0.));
#4332=CARTESIAN_POINT('Origin',(-39.2600020072423,-24.3675011573941,0.));
#4333=CARTESIAN_POINT('',(-39.2600020072423,-24.3675011573941,0.));
#4334=CARTESIAN_POINT('',(39.2600020072423,-24.3675011573941,0.));
#4335=CARTESIAN_POINT('',(-39.2600020072423,-24.3675011573941,7.));
#4336=CARTESIAN_POINT('',(39.2600020072423,-24.3675011573941,7.));
#4337=CARTESIAN_POINT('',(-39.2600020072423,-24.3675011573941,0.));
#4338=CARTESIAN_POINT('Origin',(-39.2600020072423,-21.3675011573942,0.));
#4339=CARTESIAN_POINT('',(-42.2600020072423,-21.3675011573941,0.));
#4340=CARTESIAN_POINT('Origin',(-39.2600020072423,-21.3675011573942,0.));
#4341=CARTESIAN_POINT('',(-42.2600020072423,-21.3675011573941,7.));
#4342=CARTESIAN_POINT('Origin',(-39.2600020072423,-21.3675011573942,7.));
#4343=CARTESIAN_POINT('',(-42.2600020072423,-21.3675011573941,0.));
#4344=CARTESIAN_POINT('Origin',(-42.2600020072423,21.3675011573941,0.));
#4345=CARTESIAN_POINT('',(-42.2600020072423,21.3675011573941,0.));
#4346=CARTESIAN_POINT('',(-42.2600020072423,-21.3675011573941,0.));
#4347=CARTESIAN_POINT('',(-42.2600020072423,21.3675011573941,7.));
#4348=CARTESIAN_POINT('',(-42.2600020072423,-21.3675011573941,7.));
#4349=CARTESIAN_POINT('',(-42.2600020072423,21.3675011573941,0.));
#4350=CARTESIAN_POINT('Origin',(-39.2600020072423,21.3675011573942,0.));
#4351=CARTESIAN_POINT('',(-39.2600020072423,24.3675011573941,0.));
#4352=CARTESIAN_POINT('Origin',(-39.2600020072423,21.3675011573942,0.));
#4353=CARTESIAN_POINT('',(-39.2600020072423,24.3675011573941,7.));
#4354=CARTESIAN_POINT('Origin',(-39.2600020072423,21.3675011573942,7.));
#4355=CARTESIAN_POINT('',(-39.2600020072423,24.3675011573941,0.));
#4356=CARTESIAN_POINT('Origin',(19.6700007463394,24.3675011573941,0.));
#4357=CARTESIAN_POINT('',(19.6700007463394,24.3675011573941,0.));
#4358=CARTESIAN_POINT('',(19.6700007463394,24.3675011573941,0.));
#4359=CARTESIAN_POINT('',(19.6700007463394,24.3675011573941,7.));
#4360=CARTESIAN_POINT('',(19.6700007463394,24.3675011573941,7.));
#4361=CARTESIAN_POINT('',(19.6700007463394,24.3675011573941,0.));
#4362=CARTESIAN_POINT('Origin',(19.6700020072436,23.0675011573944,0.));
#4363=CARTESIAN_POINT('',(19.6700020072436,23.0675011573944,0.));
#4364=CARTESIAN_POINT('',(19.6700020072436,23.0675011573944,7.));
#4365=CARTESIAN_POINT('Origin',(0.,0.,7.));
#4366=CARTESIAN_POINT('Origin',(0.,0.,0.));
#4367=UNCERTAINTY_MEASURE_WITH_UNIT(LENGTH_MEASURE(0.01),#4371,
'DISTANCE_ACCURACY_VALUE',
'Maximum model space distance between geometric entities at asserted c
onnectivities');
#4368=UNCERTAINTY_MEASURE_WITH_UNIT(LENGTH_MEASURE(0.01),#4371,
'DISTANCE_ACCURACY_VALUE',
'Maximum model space distance between geometric entities at asserted c
onnectivities');
#4369=(
GEOMETRIC_REPRESENTATION_CONTEXT(3)
GLOBAL_UNCERTAINTY_ASSIGNED_CONTEXT((#4367))
GLOBAL_UNIT_ASSIGNED_CONTEXT((#4371,#4373,#4374))
REPRESENTATION_CONTEXT('','3D')
);
#4370=(
GEOMETRIC_REPRESENTATION_CONTEXT(3)
GLOBAL_UNCERTAINTY_ASSIGNED_CONTEXT((#4368))
GLOBAL_UNIT_ASSIGNED_CONTEXT((#4371,#4373,#4374))
REPRESENTATION_CONTEXT('','3D')
);
#4371=(
LENGTH_UNIT()
NAMED_UNIT(*)
SI_UNIT(.MILLI.,.METRE.)
);
#4372=(
LENGTH_UNIT()
NAMED_UNIT(*)
SI_UNIT($,.METRE.)
);
#4373=(
NAMED_UNIT(*)
PLANE_ANGLE_UNIT()
SI_UNIT($,.RADIAN.)
);
#4374=(
NAMED_UNIT(*)
SI_UNIT($,.STERADIAN.)
SOLID_ANGLE_UNIT()
);
#4375=SHAPE_DEFINITION_REPRESENTATION(#4376,#4377);
#4376=PRODUCT_DEFINITION_SHAPE('',$,#4379);
#4377=SHAPE_REPRESENTATION('',(#2619),#4369);
#4378=PRODUCT_DEFINITION_CONTEXT('part definition',#4383,'design');
#4379=PRODUCT_DEFINITION('2026-09-20-19-27-11-121',
'Hayai Lower midplate',#4380,#4378);
#4380=PRODUCT_DEFINITION_FORMATION('',$,#4385);
#4381=PRODUCT_RELATED_PRODUCT_CATEGORY('Hayai Lower midplate',
'Hayai Lower midplate',(#4385));
#4382=APPLICATION_PROTOCOL_DEFINITION('international standard',
'automotive_design',2009,#4383);
#4383=APPLICATION_CONTEXT(
'Core Data for Automotive Mechanical Design Process');
#4384=PRODUCT_CONTEXT('part definition',#4383,'mechanical');
#4385=PRODUCT('2026-09-20-19-27-11-121','Hayai Lower midplate',$,(#4384));
#4386=PRESENTATION_STYLE_ASSIGNMENT((#4387));
#4387=SURFACE_STYLE_USAGE(.BOTH.,#4388);
#4388=SURFACE_SIDE_STYLE('',(#4389));
#4389=SURFACE_STYLE_FILL_AREA(#4390);
#4390=FILL_AREA_STYLE('Steel - Satin',(#4391));
#4391=FILL_AREA_STYLE_COLOUR('Steel - Satin',#4392);
#4392=COLOUR_RGB('Steel - Satin',0.627450980392157,0.627450980392157,0.627450980392157);
ENDSEC;
END-ISO-10303-21;
