ISO-10303-21;
HEADER;
/* Generated by software containing ST-Developer
 * from STEP Tools, Inc. (www.steptools.com) 
 */

FILE_DESCRIPTION(
/* description */ (''),
/* implementation_level */ '2;1');

FILE_NAME(
/* name */ 'Hayai Upper midplate.step',
/* time_stamp */ '2026-09-20T22:36:41+02:00',
/* author */ (''),
/* organization */ (''),
/* preprocessor_version */ 'ST-DEVELOPER v20.2',
/* originating_system */ 'Autodesk Translation Framework v15.15.0.0',
/* authorisation */ '');

FILE_SCHEMA (('AUTOMOTIVE_DESIGN { 1 0 10303 214 3 1 1 }'));
ENDSEC;

DATA;
#10=MECHANICAL_DESIGN_GEOMETRIC_PRESENTATION_REPRESENTATION('',(#13,#14,
#15),#5267);
#11=SHAPE_REPRESENTATION_RELATIONSHIP('SRR','None',#5274,#12);
#12=ADVANCED_BREP_SHAPE_REPRESENTATION('',(#16,#17,#18),#5266);
#13=STYLED_ITEM('',(#5283),#16);
#14=STYLED_ITEM('',(#5283),#17);
#15=STYLED_ITEM('',(#5283),#18);
#16=MANIFOLD_SOLID_BREP('Body9',#3253);
#17=MANIFOLD_SOLID_BREP('Body10',#3254);
#18=MANIFOLD_SOLID_BREP('Body11',#3255);
#19=FACE_BOUND('',#424,.T.);
#20=FACE_BOUND('',#425,.T.);
#21=FACE_BOUND('',#426,.T.);
#22=FACE_BOUND('',#427,.T.);
#23=FACE_BOUND('',#428,.T.);
#24=FACE_BOUND('',#429,.T.);
#25=FACE_BOUND('',#430,.T.);
#26=FACE_BOUND('',#431,.T.);
#27=FACE_BOUND('',#432,.T.);
#28=FACE_BOUND('',#433,.T.);
#29=FACE_BOUND('',#434,.T.);
#30=FACE_BOUND('',#435,.T.);
#31=FACE_BOUND('',#437,.T.);
#32=FACE_BOUND('',#438,.T.);
#33=FACE_BOUND('',#439,.T.);
#34=FACE_BOUND('',#440,.T.);
#35=FACE_BOUND('',#441,.T.);
#36=FACE_BOUND('',#442,.T.);
#37=FACE_BOUND('',#443,.T.);
#38=FACE_BOUND('',#444,.T.);
#39=FACE_BOUND('',#445,.T.);
#40=FACE_BOUND('',#446,.T.);
#41=FACE_BOUND('',#447,.T.);
#42=FACE_BOUND('',#448,.T.);
#43=FACE_BOUND('',#500,.T.);
#44=FACE_BOUND('',#501,.T.);
#45=FACE_BOUND('',#502,.T.);
#46=FACE_BOUND('',#503,.T.);
#47=FACE_BOUND('',#504,.T.);
#48=FACE_BOUND('',#505,.T.);
#49=FACE_BOUND('',#506,.T.);
#50=FACE_BOUND('',#507,.T.);
#51=FACE_BOUND('',#508,.T.);
#52=FACE_BOUND('',#509,.T.);
#53=FACE_BOUND('',#510,.T.);
#54=FACE_BOUND('',#511,.T.);
#55=FACE_BOUND('',#513,.T.);
#56=FACE_BOUND('',#514,.T.);
#57=FACE_BOUND('',#515,.T.);
#58=FACE_BOUND('',#516,.T.);
#59=FACE_BOUND('',#517,.T.);
#60=FACE_BOUND('',#518,.T.);
#61=FACE_BOUND('',#519,.T.);
#62=FACE_BOUND('',#520,.T.);
#63=FACE_BOUND('',#521,.T.);
#64=FACE_BOUND('',#522,.T.);
#65=FACE_BOUND('',#523,.T.);
#66=FACE_BOUND('',#524,.T.);
#67=FACE_BOUND('',#576,.T.);
#68=FACE_BOUND('',#577,.T.);
#69=FACE_BOUND('',#578,.T.);
#70=FACE_BOUND('',#579,.T.);
#71=FACE_BOUND('',#580,.T.);
#72=FACE_BOUND('',#581,.T.);
#73=FACE_BOUND('',#582,.T.);
#74=FACE_BOUND('',#583,.T.);
#75=FACE_BOUND('',#584,.T.);
#76=FACE_BOUND('',#585,.T.);
#77=FACE_BOUND('',#586,.T.);
#78=FACE_BOUND('',#587,.T.);
#79=FACE_BOUND('',#589,.T.);
#80=FACE_BOUND('',#590,.T.);
#81=FACE_BOUND('',#591,.T.);
#82=FACE_BOUND('',#592,.T.);
#83=FACE_BOUND('',#593,.T.);
#84=FACE_BOUND('',#594,.T.);
#85=FACE_BOUND('',#595,.T.);
#86=FACE_BOUND('',#596,.T.);
#87=FACE_BOUND('',#597,.T.);
#88=FACE_BOUND('',#598,.T.);
#89=FACE_BOUND('',#599,.T.);
#90=FACE_BOUND('',#600,.T.);
#91=CIRCLE('',#3287,2.);
#92=CIRCLE('',#3288,2.);
#93=CIRCLE('',#3291,2.);
#94=CIRCLE('',#3292,2.);
#95=CIRCLE('',#3295,2.);
#96=CIRCLE('',#3296,2.);
#97=CIRCLE('',#3299,2.);
#98=CIRCLE('',#3300,2.);
#99=CIRCLE('',#3302,1.6);
#100=CIRCLE('',#3303,1.6);
#101=CIRCLE('',#3305,1.6);
#102=CIRCLE('',#3306,1.6);
#103=CIRCLE('',#3308,1.6);
#104=CIRCLE('',#3309,1.6);
#105=CIRCLE('',#3311,1.6);
#106=CIRCLE('',#3312,1.6);
#107=CIRCLE('',#3314,1.6);
#108=CIRCLE('',#3315,1.6);
#109=CIRCLE('',#3329,1.6);
#110=CIRCLE('',#3330,1.6);
#111=CIRCLE('',#3333,2.99999999999999);
#112=CIRCLE('',#3334,2.99999999999999);
#113=CIRCLE('',#3337,2.99999999999998);
#114=CIRCLE('',#3338,2.99999999999998);
#115=CIRCLE('',#3341,2.99999999999999);
#116=CIRCLE('',#3342,2.99999999999999);
#117=CIRCLE('',#3345,2.99999999999998);
#118=CIRCLE('',#3346,2.99999999999998);
#119=CIRCLE('',#3366,1.6);
#120=CIRCLE('',#3367,1.6);
#121=CIRCLE('',#3369,1.6);
#122=CIRCLE('',#3370,1.6);
#123=CIRCLE('',#3372,1.6);
#124=CIRCLE('',#3373,1.6);
#125=CIRCLE('',#3375,1.6);
#126=CIRCLE('',#3376,1.6);
#127=CIRCLE('',#3379,2.);
#128=CIRCLE('',#3380,2.);
#129=CIRCLE('',#3383,2.);
#130=CIRCLE('',#3384,2.);
#131=CIRCLE('',#3387,2.);
#132=CIRCLE('',#3388,2.);
#133=CIRCLE('',#3391,2.);
#134=CIRCLE('',#3392,2.);
#135=CIRCLE('',#3406,1.6);
#136=CIRCLE('',#3407,1.6);
#137=CIRCLE('',#3409,1.6);
#138=CIRCLE('',#3410,1.6);
#139=CIRCLE('',#3413,2.99999999999999);
#140=CIRCLE('',#3414,2.99999999999999);
#141=CIRCLE('',#3417,2.99999999999998);
#142=CIRCLE('',#3418,2.99999999999998);
#143=CIRCLE('',#3421,2.99999999999999);
#144=CIRCLE('',#3422,2.99999999999999);
#145=CIRCLE('',#3425,2.99999999999998);
#146=CIRCLE('',#3426,2.99999999999998);
#147=CIRCLE('',#3431,2.);
#148=CIRCLE('',#3432,2.);
#149=CIRCLE('',#3435,2.);
#150=CIRCLE('',#3436,2.);
#151=CIRCLE('',#3439,2.);
#152=CIRCLE('',#3440,2.);
#153=CIRCLE('',#3443,2.);
#154=CIRCLE('',#3444,2.);
#155=CIRCLE('',#3470,1.6);
#156=CIRCLE('',#3471,1.6);
#157=CIRCLE('',#3477,1.6);
#158=CIRCLE('',#3478,1.6);
#159=CIRCLE('',#3480,1.6);
#160=CIRCLE('',#3481,1.6);
#161=CIRCLE('',#3483,1.6);
#162=CIRCLE('',#3484,1.6);
#163=CIRCLE('',#3486,1.6);
#164=CIRCLE('',#3487,1.6);
#165=CIRCLE('',#3489,1.6);
#166=CIRCLE('',#3490,1.6);
#167=CIRCLE('',#3493,2.99999999999999);
#168=CIRCLE('',#3494,2.99999999999999);
#169=CIRCLE('',#3497,2.99999999999998);
#170=CIRCLE('',#3498,2.99999999999998);
#171=CIRCLE('',#3501,2.99999999999999);
#172=CIRCLE('',#3502,2.99999999999999);
#173=CIRCLE('',#3505,2.99999999999998);
#174=CIRCLE('',#3506,2.99999999999998);
#175=CYLINDRICAL_SURFACE('',#3286,2.);
#176=CYLINDRICAL_SURFACE('',#3290,2.);
#177=CYLINDRICAL_SURFACE('',#3294,2.);
#178=CYLINDRICAL_SURFACE('',#3298,2.);
#179=CYLINDRICAL_SURFACE('',#3301,1.6);
#180=CYLINDRICAL_SURFACE('',#3304,1.6);
#181=CYLINDRICAL_SURFACE('',#3307,1.6);
#182=CYLINDRICAL_SURFACE('',#3310,1.6);
#183=CYLINDRICAL_SURFACE('',#3313,1.6);
#184=CYLINDRICAL_SURFACE('',#3328,1.6);
#185=CYLINDRICAL_SURFACE('',#3332,2.99999999999999);
#186=CYLINDRICAL_SURFACE('',#3336,2.99999999999998);
#187=CYLINDRICAL_SURFACE('',#3340,2.99999999999999);
#188=CYLINDRICAL_SURFACE('',#3344,2.99999999999998);
#189=CYLINDRICAL_SURFACE('',#3365,1.6);
#190=CYLINDRICAL_SURFACE('',#3368,1.6);
#191=CYLINDRICAL_SURFACE('',#3371,1.6);
#192=CYLINDRICAL_SURFACE('',#3374,1.6);
#193=CYLINDRICAL_SURFACE('',#3378,2.);
#194=CYLINDRICAL_SURFACE('',#3382,2.);
#195=CYLINDRICAL_SURFACE('',#3386,2.);
#196=CYLINDRICAL_SURFACE('',#3390,2.);
#197=CYLINDRICAL_SURFACE('',#3405,1.6);
#198=CYLINDRICAL_SURFACE('',#3408,1.6);
#199=CYLINDRICAL_SURFACE('',#3412,2.99999999999999);
#200=CYLINDRICAL_SURFACE('',#3416,2.99999999999998);
#201=CYLINDRICAL_SURFACE('',#3420,2.99999999999999);
#202=CYLINDRICAL_SURFACE('',#3424,2.99999999999998);
#203=CYLINDRICAL_SURFACE('',#3430,2.);
#204=CYLINDRICAL_SURFACE('',#3434,2.);
#205=CYLINDRICAL_SURFACE('',#3438,2.);
#206=CYLINDRICAL_SURFACE('',#3442,2.);
#207=CYLINDRICAL_SURFACE('',#3469,1.6);
#208=CYLINDRICAL_SURFACE('',#3476,1.6);
#209=CYLINDRICAL_SURFACE('',#3479,1.6);
#210=CYLINDRICAL_SURFACE('',#3482,1.6);
#211=CYLINDRICAL_SURFACE('',#3485,1.6);
#212=CYLINDRICAL_SURFACE('',#3488,1.6);
#213=CYLINDRICAL_SURFACE('',#3492,2.99999999999999);
#214=CYLINDRICAL_SURFACE('',#3496,2.99999999999998);
#215=CYLINDRICAL_SURFACE('',#3500,2.99999999999999);
#216=CYLINDRICAL_SURFACE('',#3504,2.99999999999998);
#217=FACE_OUTER_BOUND('',#373,.T.);
#218=FACE_OUTER_BOUND('',#374,.T.);
#219=FACE_OUTER_BOUND('',#375,.T.);
#220=FACE_OUTER_BOUND('',#376,.T.);
#221=FACE_OUTER_BOUND('',#377,.T.);
#222=FACE_OUTER_BOUND('',#378,.T.);
#223=FACE_OUTER_BOUND('',#379,.T.);
#224=FACE_OUTER_BOUND('',#380,.T.);
#225=FACE_OUTER_BOUND('',#381,.T.);
#226=FACE_OUTER_BOUND('',#382,.T.);
#227=FACE_OUTER_BOUND('',#383,.T.);
#228=FACE_OUTER_BOUND('',#384,.T.);
#229=FACE_OUTER_BOUND('',#385,.T.);
#230=FACE_OUTER_BOUND('',#386,.T.);
#231=FACE_OUTER_BOUND('',#387,.T.);
#232=FACE_OUTER_BOUND('',#388,.T.);
#233=FACE_OUTER_BOUND('',#389,.T.);
#234=FACE_OUTER_BOUND('',#390,.T.);
#235=FACE_OUTER_BOUND('',#391,.T.);
#236=FACE_OUTER_BOUND('',#392,.T.);
#237=FACE_OUTER_BOUND('',#393,.T.);
#238=FACE_OUTER_BOUND('',#394,.T.);
#239=FACE_OUTER_BOUND('',#395,.T.);
#240=FACE_OUTER_BOUND('',#396,.T.);
#241=FACE_OUTER_BOUND('',#397,.T.);
#242=FACE_OUTER_BOUND('',#398,.T.);
#243=FACE_OUTER_BOUND('',#399,.T.);
#244=FACE_OUTER_BOUND('',#400,.T.);
#245=FACE_OUTER_BOUND('',#401,.T.);
#246=FACE_OUTER_BOUND('',#402,.T.);
#247=FACE_OUTER_BOUND('',#403,.T.);
#248=FACE_OUTER_BOUND('',#404,.T.);
#249=FACE_OUTER_BOUND('',#405,.T.);
#250=FACE_OUTER_BOUND('',#406,.T.);
#251=FACE_OUTER_BOUND('',#407,.T.);
#252=FACE_OUTER_BOUND('',#408,.T.);
#253=FACE_OUTER_BOUND('',#409,.T.);
#254=FACE_OUTER_BOUND('',#410,.T.);
#255=FACE_OUTER_BOUND('',#411,.T.);
#256=FACE_OUTER_BOUND('',#412,.T.);
#257=FACE_OUTER_BOUND('',#413,.T.);
#258=FACE_OUTER_BOUND('',#414,.T.);
#259=FACE_OUTER_BOUND('',#415,.T.);
#260=FACE_OUTER_BOUND('',#416,.T.);
#261=FACE_OUTER_BOUND('',#417,.T.);
#262=FACE_OUTER_BOUND('',#418,.T.);
#263=FACE_OUTER_BOUND('',#419,.T.);
#264=FACE_OUTER_BOUND('',#420,.T.);
#265=FACE_OUTER_BOUND('',#421,.T.);
#266=FACE_OUTER_BOUND('',#422,.T.);
#267=FACE_OUTER_BOUND('',#423,.T.);
#268=FACE_OUTER_BOUND('',#436,.T.);
#269=FACE_OUTER_BOUND('',#449,.T.);
#270=FACE_OUTER_BOUND('',#450,.T.);
#271=FACE_OUTER_BOUND('',#451,.T.);
#272=FACE_OUTER_BOUND('',#452,.T.);
#273=FACE_OUTER_BOUND('',#453,.T.);
#274=FACE_OUTER_BOUND('',#454,.T.);
#275=FACE_OUTER_BOUND('',#455,.T.);
#276=FACE_OUTER_BOUND('',#456,.T.);
#277=FACE_OUTER_BOUND('',#457,.T.);
#278=FACE_OUTER_BOUND('',#458,.T.);
#279=FACE_OUTER_BOUND('',#459,.T.);
#280=FACE_OUTER_BOUND('',#460,.T.);
#281=FACE_OUTER_BOUND('',#461,.T.);
#282=FACE_OUTER_BOUND('',#462,.T.);
#283=FACE_OUTER_BOUND('',#463,.T.);
#284=FACE_OUTER_BOUND('',#464,.T.);
#285=FACE_OUTER_BOUND('',#465,.T.);
#286=FACE_OUTER_BOUND('',#466,.T.);
#287=FACE_OUTER_BOUND('',#467,.T.);
#288=FACE_OUTER_BOUND('',#468,.T.);
#289=FACE_OUTER_BOUND('',#469,.T.);
#290=FACE_OUTER_BOUND('',#470,.T.);
#291=FACE_OUTER_BOUND('',#471,.T.);
#292=FACE_OUTER_BOUND('',#472,.T.);
#293=FACE_OUTER_BOUND('',#473,.T.);
#294=FACE_OUTER_BOUND('',#474,.T.);
#295=FACE_OUTER_BOUND('',#475,.T.);
#296=FACE_OUTER_BOUND('',#476,.T.);
#297=FACE_OUTER_BOUND('',#477,.T.);
#298=FACE_OUTER_BOUND('',#478,.T.);
#299=FACE_OUTER_BOUND('',#479,.T.);
#300=FACE_OUTER_BOUND('',#480,.T.);
#301=FACE_OUTER_BOUND('',#481,.T.);
#302=FACE_OUTER_BOUND('',#482,.T.);
#303=FACE_OUTER_BOUND('',#483,.T.);
#304=FACE_OUTER_BOUND('',#484,.T.);
#305=FACE_OUTER_BOUND('',#485,.T.);
#306=FACE_OUTER_BOUND('',#486,.T.);
#307=FACE_OUTER_BOUND('',#487,.T.);
#308=FACE_OUTER_BOUND('',#488,.T.);
#309=FACE_OUTER_BOUND('',#489,.T.);
#310=FACE_OUTER_BOUND('',#490,.T.);
#311=FACE_OUTER_BOUND('',#491,.T.);
#312=FACE_OUTER_BOUND('',#492,.T.);
#313=FACE_OUTER_BOUND('',#493,.T.);
#314=FACE_OUTER_BOUND('',#494,.T.);
#315=FACE_OUTER_BOUND('',#495,.T.);
#316=FACE_OUTER_BOUND('',#496,.T.);
#317=FACE_OUTER_BOUND('',#497,.T.);
#318=FACE_OUTER_BOUND('',#498,.T.);
#319=FACE_OUTER_BOUND('',#499,.T.);
#320=FACE_OUTER_BOUND('',#512,.T.);
#321=FACE_OUTER_BOUND('',#525,.T.);
#322=FACE_OUTER_BOUND('',#526,.T.);
#323=FACE_OUTER_BOUND('',#527,.T.);
#324=FACE_OUTER_BOUND('',#528,.T.);
#325=FACE_OUTER_BOUND('',#529,.T.);
#326=FACE_OUTER_BOUND('',#530,.T.);
#327=FACE_OUTER_BOUND('',#531,.T.);
#328=FACE_OUTER_BOUND('',#532,.T.);
#329=FACE_OUTER_BOUND('',#533,.T.);
#330=FACE_OUTER_BOUND('',#534,.T.);
#331=FACE_OUTER_BOUND('',#535,.T.);
#332=FACE_OUTER_BOUND('',#536,.T.);
#333=FACE_OUTER_BOUND('',#537,.T.);
#334=FACE_OUTER_BOUND('',#538,.T.);
#335=FACE_OUTER_BOUND('',#539,.T.);
#336=FACE_OUTER_BOUND('',#540,.T.);
#337=FACE_OUTER_BOUND('',#541,.T.);
#338=FACE_OUTER_BOUND('',#542,.T.);
#339=FACE_OUTER_BOUND('',#543,.T.);
#340=FACE_OUTER_BOUND('',#544,.T.);
#341=FACE_OUTER_BOUND('',#545,.T.);
#342=FACE_OUTER_BOUND('',#546,.T.);
#343=FACE_OUTER_BOUND('',#547,.T.);
#344=FACE_OUTER_BOUND('',#548,.T.);
#345=FACE_OUTER_BOUND('',#549,.T.);
#346=FACE_OUTER_BOUND('',#550,.T.);
#347=FACE_OUTER_BOUND('',#551,.T.);
#348=FACE_OUTER_BOUND('',#552,.T.);
#349=FACE_OUTER_BOUND('',#553,.T.);
#350=FACE_OUTER_BOUND('',#554,.T.);
#351=FACE_OUTER_BOUND('',#555,.T.);
#352=FACE_OUTER_BOUND('',#556,.T.);
#353=FACE_OUTER_BOUND('',#557,.T.);
#354=FACE_OUTER_BOUND('',#558,.T.);
#355=FACE_OUTER_BOUND('',#559,.T.);
#356=FACE_OUTER_BOUND('',#560,.T.);
#357=FACE_OUTER_BOUND('',#561,.T.);
#358=FACE_OUTER_BOUND('',#562,.T.);
#359=FACE_OUTER_BOUND('',#563,.T.);
#360=FACE_OUTER_BOUND('',#564,.T.);
#361=FACE_OUTER_BOUND('',#565,.T.);
#362=FACE_OUTER_BOUND('',#566,.T.);
#363=FACE_OUTER_BOUND('',#567,.T.);
#364=FACE_OUTER_BOUND('',#568,.T.);
#365=FACE_OUTER_BOUND('',#569,.T.);
#366=FACE_OUTER_BOUND('',#570,.T.);
#367=FACE_OUTER_BOUND('',#571,.T.);
#368=FACE_OUTER_BOUND('',#572,.T.);
#369=FACE_OUTER_BOUND('',#573,.T.);
#370=FACE_OUTER_BOUND('',#574,.T.);
#371=FACE_OUTER_BOUND('',#575,.T.);
#372=FACE_OUTER_BOUND('',#588,.T.);
#373=EDGE_LOOP('',(#2083,#2084,#2085,#2086));
#374=EDGE_LOOP('',(#2087,#2088,#2089,#2090));
#375=EDGE_LOOP('',(#2091,#2092,#2093,#2094));
#376=EDGE_LOOP('',(#2095,#2096,#2097,#2098));
#377=EDGE_LOOP('',(#2099,#2100,#2101,#2102));
#378=EDGE_LOOP('',(#2103,#2104,#2105,#2106));
#379=EDGE_LOOP('',(#2107,#2108,#2109,#2110));
#380=EDGE_LOOP('',(#2111,#2112,#2113,#2114));
#381=EDGE_LOOP('',(#2115,#2116,#2117,#2118));
#382=EDGE_LOOP('',(#2119,#2120,#2121,#2122));
#383=EDGE_LOOP('',(#2123,#2124,#2125,#2126));
#384=EDGE_LOOP('',(#2127,#2128,#2129,#2130));
#385=EDGE_LOOP('',(#2131,#2132,#2133,#2134));
#386=EDGE_LOOP('',(#2135,#2136,#2137,#2138));
#387=EDGE_LOOP('',(#2139,#2140,#2141,#2142));
#388=EDGE_LOOP('',(#2143,#2144,#2145,#2146));
#389=EDGE_LOOP('',(#2147,#2148,#2149,#2150));
#390=EDGE_LOOP('',(#2151,#2152,#2153,#2154));
#391=EDGE_LOOP('',(#2155,#2156,#2157,#2158));
#392=EDGE_LOOP('',(#2159,#2160,#2161,#2162));
#393=EDGE_LOOP('',(#2163,#2164,#2165,#2166));
#394=EDGE_LOOP('',(#2167,#2168,#2169,#2170));
#395=EDGE_LOOP('',(#2171,#2172,#2173,#2174));
#396=EDGE_LOOP('',(#2175,#2176,#2177,#2178));
#397=EDGE_LOOP('',(#2179,#2180,#2181,#2182));
#398=EDGE_LOOP('',(#2183,#2184,#2185,#2186));
#399=EDGE_LOOP('',(#2187,#2188,#2189,#2190));
#400=EDGE_LOOP('',(#2191,#2192,#2193,#2194));
#401=EDGE_LOOP('',(#2195,#2196,#2197,#2198));
#402=EDGE_LOOP('',(#2199,#2200,#2201,#2202));
#403=EDGE_LOOP('',(#2203,#2204,#2205,#2206));
#404=EDGE_LOOP('',(#2207,#2208,#2209,#2210));
#405=EDGE_LOOP('',(#2211,#2212,#2213,#2214));
#406=EDGE_LOOP('',(#2215,#2216,#2217,#2218));
#407=EDGE_LOOP('',(#2219,#2220,#2221,#2222));
#408=EDGE_LOOP('',(#2223,#2224,#2225,#2226));
#409=EDGE_LOOP('',(#2227,#2228,#2229,#2230));
#410=EDGE_LOOP('',(#2231,#2232,#2233,#2234));
#411=EDGE_LOOP('',(#2235,#2236,#2237,#2238));
#412=EDGE_LOOP('',(#2239,#2240,#2241,#2242));
#413=EDGE_LOOP('',(#2243,#2244,#2245,#2246));
#414=EDGE_LOOP('',(#2247,#2248,#2249,#2250));
#415=EDGE_LOOP('',(#2251,#2252,#2253,#2254));
#416=EDGE_LOOP('',(#2255,#2256,#2257,#2258));
#417=EDGE_LOOP('',(#2259,#2260,#2261,#2262));
#418=EDGE_LOOP('',(#2263,#2264,#2265,#2266));
#419=EDGE_LOOP('',(#2267,#2268,#2269,#2270));
#420=EDGE_LOOP('',(#2271,#2272,#2273,#2274));
#421=EDGE_LOOP('',(#2275,#2276,#2277,#2278));
#422=EDGE_LOOP('',(#2279,#2280,#2281,#2282));
#423=EDGE_LOOP('',(#2283,#2284,#2285,#2286,#2287,#2288,#2289,#2290));
#424=EDGE_LOOP('',(#2291,#2292,#2293,#2294,#2295,#2296,#2297,#2298));
#425=EDGE_LOOP('',(#2299));
#426=EDGE_LOOP('',(#2300,#2301,#2302,#2303,#2304,#2305,#2306,#2307,#2308,
#2309,#2310,#2311));
#427=EDGE_LOOP('',(#2312));
#428=EDGE_LOOP('',(#2313));
#429=EDGE_LOOP('',(#2314));
#430=EDGE_LOOP('',(#2315));
#431=EDGE_LOOP('',(#2316));
#432=EDGE_LOOP('',(#2317,#2318,#2319,#2320));
#433=EDGE_LOOP('',(#2321,#2322,#2323,#2324));
#434=EDGE_LOOP('',(#2325,#2326,#2327,#2328));
#435=EDGE_LOOP('',(#2329,#2330,#2331,#2332));
#436=EDGE_LOOP('',(#2333,#2334,#2335,#2336,#2337,#2338,#2339,#2340));
#437=EDGE_LOOP('',(#2341,#2342,#2343,#2344,#2345,#2346,#2347,#2348));
#438=EDGE_LOOP('',(#2349));
#439=EDGE_LOOP('',(#2350,#2351,#2352,#2353,#2354,#2355,#2356,#2357,#2358,
#2359,#2360,#2361));
#440=EDGE_LOOP('',(#2362));
#441=EDGE_LOOP('',(#2363));
#442=EDGE_LOOP('',(#2364));
#443=EDGE_LOOP('',(#2365));
#444=EDGE_LOOP('',(#2366));
#445=EDGE_LOOP('',(#2367,#2368,#2369,#2370));
#446=EDGE_LOOP('',(#2371,#2372,#2373,#2374));
#447=EDGE_LOOP('',(#2375,#2376,#2377,#2378));
#448=EDGE_LOOP('',(#2379,#2380,#2381,#2382));
#449=EDGE_LOOP('',(#2383,#2384,#2385,#2386));
#450=EDGE_LOOP('',(#2387,#2388,#2389,#2390));
#451=EDGE_LOOP('',(#2391,#2392,#2393,#2394));
#452=EDGE_LOOP('',(#2395,#2396,#2397,#2398));
#453=EDGE_LOOP('',(#2399,#2400,#2401,#2402));
#454=EDGE_LOOP('',(#2403,#2404,#2405,#2406));
#455=EDGE_LOOP('',(#2407,#2408,#2409,#2410));
#456=EDGE_LOOP('',(#2411,#2412,#2413,#2414));
#457=EDGE_LOOP('',(#2415,#2416,#2417,#2418));
#458=EDGE_LOOP('',(#2419,#2420,#2421,#2422));
#459=EDGE_LOOP('',(#2423,#2424,#2425,#2426));
#460=EDGE_LOOP('',(#2427,#2428,#2429,#2430));
#461=EDGE_LOOP('',(#2431,#2432,#2433,#2434));
#462=EDGE_LOOP('',(#2435,#2436,#2437,#2438));
#463=EDGE_LOOP('',(#2439,#2440,#2441,#2442));
#464=EDGE_LOOP('',(#2443,#2444,#2445,#2446));
#465=EDGE_LOOP('',(#2447,#2448,#2449,#2450));
#466=EDGE_LOOP('',(#2451,#2452,#2453,#2454));
#467=EDGE_LOOP('',(#2455,#2456,#2457,#2458));
#468=EDGE_LOOP('',(#2459,#2460,#2461,#2462));
#469=EDGE_LOOP('',(#2463,#2464,#2465,#2466));
#470=EDGE_LOOP('',(#2467,#2468,#2469,#2470));
#471=EDGE_LOOP('',(#2471,#2472,#2473,#2474));
#472=EDGE_LOOP('',(#2475,#2476,#2477,#2478));
#473=EDGE_LOOP('',(#2479,#2480,#2481,#2482));
#474=EDGE_LOOP('',(#2483,#2484,#2485,#2486));
#475=EDGE_LOOP('',(#2487,#2488,#2489,#2490));
#476=EDGE_LOOP('',(#2491,#2492,#2493,#2494));
#477=EDGE_LOOP('',(#2495,#2496,#2497,#2498));
#478=EDGE_LOOP('',(#2499,#2500,#2501,#2502));
#479=EDGE_LOOP('',(#2503,#2504,#2505,#2506));
#480=EDGE_LOOP('',(#2507,#2508,#2509,#2510));
#481=EDGE_LOOP('',(#2511,#2512,#2513,#2514));
#482=EDGE_LOOP('',(#2515,#2516,#2517,#2518));
#483=EDGE_LOOP('',(#2519,#2520,#2521,#2522));
#484=EDGE_LOOP('',(#2523,#2524,#2525,#2526));
#485=EDGE_LOOP('',(#2527,#2528,#2529,#2530));
#486=EDGE_LOOP('',(#2531,#2532,#2533,#2534));
#487=EDGE_LOOP('',(#2535,#2536,#2537,#2538));
#488=EDGE_LOOP('',(#2539,#2540,#2541,#2542));
#489=EDGE_LOOP('',(#2543,#2544,#2545,#2546));
#490=EDGE_LOOP('',(#2547,#2548,#2549,#2550));
#491=EDGE_LOOP('',(#2551,#2552,#2553,#2554));
#492=EDGE_LOOP('',(#2555,#2556,#2557,#2558));
#493=EDGE_LOOP('',(#2559,#2560,#2561,#2562));
#494=EDGE_LOOP('',(#2563,#2564,#2565,#2566));
#495=EDGE_LOOP('',(#2567,#2568,#2569,#2570));
#496=EDGE_LOOP('',(#2571,#2572,#2573,#2574));
#497=EDGE_LOOP('',(#2575,#2576,#2577,#2578));
#498=EDGE_LOOP('',(#2579,#2580,#2581,#2582));
#499=EDGE_LOOP('',(#2583,#2584,#2585,#2586,#2587,#2588,#2589,#2590));
#500=EDGE_LOOP('',(#2591));
#501=EDGE_LOOP('',(#2592));
#502=EDGE_LOOP('',(#2593));
#503=EDGE_LOOP('',(#2594));
#504=EDGE_LOOP('',(#2595,#2596,#2597,#2598,#2599,#2600,#2601,#2602));
#505=EDGE_LOOP('',(#2603,#2604,#2605,#2606,#2607,#2608,#2609,#2610,#2611,
#2612,#2613,#2614));
#506=EDGE_LOOP('',(#2615));
#507=EDGE_LOOP('',(#2616));
#508=EDGE_LOOP('',(#2617,#2618,#2619,#2620));
#509=EDGE_LOOP('',(#2621,#2622,#2623,#2624));
#510=EDGE_LOOP('',(#2625,#2626,#2627,#2628));
#511=EDGE_LOOP('',(#2629,#2630,#2631,#2632));
#512=EDGE_LOOP('',(#2633,#2634,#2635,#2636,#2637,#2638,#2639,#2640));
#513=EDGE_LOOP('',(#2641));
#514=EDGE_LOOP('',(#2642));
#515=EDGE_LOOP('',(#2643));
#516=EDGE_LOOP('',(#2644));
#517=EDGE_LOOP('',(#2645,#2646,#2647,#2648,#2649,#2650,#2651,#2652));
#518=EDGE_LOOP('',(#2653,#2654,#2655,#2656,#2657,#2658,#2659,#2660,#2661,
#2662,#2663,#2664));
#519=EDGE_LOOP('',(#2665));
#520=EDGE_LOOP('',(#2666));
#521=EDGE_LOOP('',(#2667,#2668,#2669,#2670));
#522=EDGE_LOOP('',(#2671,#2672,#2673,#2674));
#523=EDGE_LOOP('',(#2675,#2676,#2677,#2678));
#524=EDGE_LOOP('',(#2679,#2680,#2681,#2682));
#525=EDGE_LOOP('',(#2683,#2684,#2685,#2686));
#526=EDGE_LOOP('',(#2687,#2688,#2689,#2690));
#527=EDGE_LOOP('',(#2691,#2692,#2693,#2694));
#528=EDGE_LOOP('',(#2695,#2696,#2697,#2698));
#529=EDGE_LOOP('',(#2699,#2700,#2701,#2702));
#530=EDGE_LOOP('',(#2703,#2704,#2705,#2706));
#531=EDGE_LOOP('',(#2707,#2708,#2709,#2710));
#532=EDGE_LOOP('',(#2711,#2712,#2713,#2714));
#533=EDGE_LOOP('',(#2715,#2716,#2717,#2718));
#534=EDGE_LOOP('',(#2719,#2720,#2721,#2722));
#535=EDGE_LOOP('',(#2723,#2724,#2725,#2726));
#536=EDGE_LOOP('',(#2727,#2728,#2729,#2730));
#537=EDGE_LOOP('',(#2731,#2732,#2733,#2734));
#538=EDGE_LOOP('',(#2735,#2736,#2737,#2738));
#539=EDGE_LOOP('',(#2739,#2740,#2741,#2742));
#540=EDGE_LOOP('',(#2743,#2744,#2745,#2746));
#541=EDGE_LOOP('',(#2747,#2748,#2749,#2750));
#542=EDGE_LOOP('',(#2751,#2752,#2753,#2754));
#543=EDGE_LOOP('',(#2755,#2756,#2757,#2758));
#544=EDGE_LOOP('',(#2759,#2760,#2761,#2762));
#545=EDGE_LOOP('',(#2763,#2764,#2765,#2766));
#546=EDGE_LOOP('',(#2767,#2768,#2769,#2770));
#547=EDGE_LOOP('',(#2771,#2772,#2773,#2774));
#548=EDGE_LOOP('',(#2775,#2776,#2777,#2778));
#549=EDGE_LOOP('',(#2779,#2780,#2781,#2782));
#550=EDGE_LOOP('',(#2783,#2784,#2785,#2786));
#551=EDGE_LOOP('',(#2787,#2788,#2789,#2790));
#552=EDGE_LOOP('',(#2791,#2792,#2793,#2794));
#553=EDGE_LOOP('',(#2795,#2796,#2797,#2798));
#554=EDGE_LOOP('',(#2799,#2800,#2801,#2802));
#555=EDGE_LOOP('',(#2803,#2804,#2805,#2806));
#556=EDGE_LOOP('',(#2807,#2808,#2809,#2810));
#557=EDGE_LOOP('',(#2811,#2812,#2813,#2814));
#558=EDGE_LOOP('',(#2815,#2816,#2817,#2818));
#559=EDGE_LOOP('',(#2819,#2820,#2821,#2822));
#560=EDGE_LOOP('',(#2823,#2824,#2825,#2826));
#561=EDGE_LOOP('',(#2827,#2828,#2829,#2830));
#562=EDGE_LOOP('',(#2831,#2832,#2833,#2834));
#563=EDGE_LOOP('',(#2835,#2836,#2837,#2838));
#564=EDGE_LOOP('',(#2839,#2840,#2841,#2842));
#565=EDGE_LOOP('',(#2843,#2844,#2845,#2846));
#566=EDGE_LOOP('',(#2847,#2848,#2849,#2850));
#567=EDGE_LOOP('',(#2851,#2852,#2853,#2854));
#568=EDGE_LOOP('',(#2855,#2856,#2857,#2858));
#569=EDGE_LOOP('',(#2859,#2860,#2861,#2862));
#570=EDGE_LOOP('',(#2863,#2864,#2865,#2866));
#571=EDGE_LOOP('',(#2867,#2868,#2869,#2870));
#572=EDGE_LOOP('',(#2871,#2872,#2873,#2874));
#573=EDGE_LOOP('',(#2875,#2876,#2877,#2878));
#574=EDGE_LOOP('',(#2879,#2880,#2881,#2882));
#575=EDGE_LOOP('',(#2883,#2884,#2885,#2886,#2887,#2888,#2889,#2890));
#576=EDGE_LOOP('',(#2891));
#577=EDGE_LOOP('',(#2892));
#578=EDGE_LOOP('',(#2893));
#579=EDGE_LOOP('',(#2894));
#580=EDGE_LOOP('',(#2895));
#581=EDGE_LOOP('',(#2896,#2897,#2898,#2899));
#582=EDGE_LOOP('',(#2900));
#583=EDGE_LOOP('',(#2901,#2902,#2903,#2904));
#584=EDGE_LOOP('',(#2905,#2906,#2907,#2908));
#585=EDGE_LOOP('',(#2909,#2910,#2911,#2912));
#586=EDGE_LOOP('',(#2913,#2914,#2915,#2916,#2917,#2918,#2919,#2920,#2921,
#2922,#2923,#2924));
#587=EDGE_LOOP('',(#2925,#2926,#2927,#2928,#2929,#2930,#2931,#2932));
#588=EDGE_LOOP('',(#2933,#2934,#2935,#2936,#2937,#2938,#2939,#2940));
#589=EDGE_LOOP('',(#2941));
#590=EDGE_LOOP('',(#2942));
#591=EDGE_LOOP('',(#2943));
#592=EDGE_LOOP('',(#2944));
#593=EDGE_LOOP('',(#2945));
#594=EDGE_LOOP('',(#2946,#2947,#2948,#2949));
#595=EDGE_LOOP('',(#2950));
#596=EDGE_LOOP('',(#2951,#2952,#2953,#2954));
#597=EDGE_LOOP('',(#2955,#2956,#2957,#2958));
#598=EDGE_LOOP('',(#2959,#2960,#2961,#2962));
#599=EDGE_LOOP('',(#2963,#2964,#2965,#2966,#2967,#2968,#2969,#2970,#2971,
#2972,#2973,#2974));
#600=EDGE_LOOP('',(#2975,#2976,#2977,#2978,#2979,#2980,#2981,#2982));
#601=LINE('',#4361,#967);
#602=LINE('',#4363,#968);
#603=LINE('',#4365,#969);
#604=LINE('',#4366,#970);
#605=LINE('',#4369,#971);
#606=LINE('',#4371,#972);
#607=LINE('',#4372,#973);
#608=LINE('',#4375,#974);
#609=LINE('',#4377,#975);
#610=LINE('',#4378,#976);
#611=LINE('',#4380,#977);
#612=LINE('',#4381,#978);
#613=LINE('',#4385,#979);
#614=LINE('',#4387,#980);
#615=LINE('',#4389,#981);
#616=LINE('',#4390,#982);
#617=LINE('',#4393,#983);
#618=LINE('',#4395,#984);
#619=LINE('',#4396,#985);
#620=LINE('',#4399,#986);
#621=LINE('',#4401,#987);
#622=LINE('',#4402,#988);
#623=LINE('',#4404,#989);
#624=LINE('',#4405,#990);
#625=LINE('',#4409,#991);
#626=LINE('',#4411,#992);
#627=LINE('',#4413,#993);
#628=LINE('',#4414,#994);
#629=LINE('',#4417,#995);
#630=LINE('',#4419,#996);
#631=LINE('',#4420,#997);
#632=LINE('',#4423,#998);
#633=LINE('',#4425,#999);
#634=LINE('',#4426,#1000);
#635=LINE('',#4428,#1001);
#636=LINE('',#4429,#1002);
#637=LINE('',#4433,#1003);
#638=LINE('',#4435,#1004);
#639=LINE('',#4437,#1005);
#640=LINE('',#4438,#1006);
#641=LINE('',#4441,#1007);
#642=LINE('',#4443,#1008);
#643=LINE('',#4444,#1009);
#644=LINE('',#4447,#1010);
#645=LINE('',#4449,#1011);
#646=LINE('',#4450,#1012);
#647=LINE('',#4452,#1013);
#648=LINE('',#4453,#1014);
#649=LINE('',#4457,#1015);
#650=LINE('',#4459,#1016);
#651=LINE('',#4461,#1017);
#652=LINE('',#4462,#1018);
#653=LINE('',#4467,#1019);
#654=LINE('',#4471,#1020);
#655=LINE('',#4473,#1021);
#656=LINE('',#4474,#1022);
#657=LINE('',#4479,#1023);
#658=LINE('',#4483,#1024);
#659=LINE('',#4485,#1025);
#660=LINE('',#4486,#1026);
#661=LINE('',#4491,#1027);
#662=LINE('',#4495,#1028);
#663=LINE('',#4497,#1029);
#664=LINE('',#4498,#1030);
#665=LINE('',#4506,#1031);
#666=LINE('',#4512,#1032);
#667=LINE('',#4518,#1033);
#668=LINE('',#4524,#1034);
#669=LINE('',#4530,#1035);
#670=LINE('',#4535,#1036);
#671=LINE('',#4537,#1037);
#672=LINE('',#4539,#1038);
#673=LINE('',#4540,#1039);
#674=LINE('',#4543,#1040);
#675=LINE('',#4545,#1041);
#676=LINE('',#4546,#1042);
#677=LINE('',#4549,#1043);
#678=LINE('',#4551,#1044);
#679=LINE('',#4552,#1045);
#680=LINE('',#4555,#1046);
#681=LINE('',#4557,#1047);
#682=LINE('',#4558,#1048);
#683=LINE('',#4561,#1049);
#684=LINE('',#4563,#1050);
#685=LINE('',#4564,#1051);
#686=LINE('',#4567,#1052);
#687=LINE('',#4569,#1053);
#688=LINE('',#4570,#1054);
#689=LINE('',#4573,#1055);
#690=LINE('',#4575,#1056);
#691=LINE('',#4576,#1057);
#692=LINE('',#4579,#1058);
#693=LINE('',#4581,#1059);
#694=LINE('',#4582,#1060);
#695=LINE('',#4585,#1061);
#696=LINE('',#4587,#1062);
#697=LINE('',#4588,#1063);
#698=LINE('',#4591,#1064);
#699=LINE('',#4593,#1065);
#700=LINE('',#4594,#1066);
#701=LINE('',#4597,#1067);
#702=LINE('',#4599,#1068);
#703=LINE('',#4600,#1069);
#704=LINE('',#4602,#1070);
#705=LINE('',#4603,#1071);
#706=LINE('',#4608,#1072);
#707=LINE('',#4613,#1073);
#708=LINE('',#4615,#1074);
#709=LINE('',#4617,#1075);
#710=LINE('',#4618,#1076);
#711=LINE('',#4624,#1077);
#712=LINE('',#4627,#1078);
#713=LINE('',#4629,#1079);
#714=LINE('',#4630,#1080);
#715=LINE('',#4636,#1081);
#716=LINE('',#4639,#1082);
#717=LINE('',#4641,#1083);
#718=LINE('',#4642,#1084);
#719=LINE('',#4648,#1085);
#720=LINE('',#4651,#1086);
#721=LINE('',#4653,#1087);
#722=LINE('',#4654,#1088);
#723=LINE('',#4663,#1089);
#724=LINE('',#4665,#1090);
#725=LINE('',#4667,#1091);
#726=LINE('',#4668,#1092);
#727=LINE('',#4671,#1093);
#728=LINE('',#4673,#1094);
#729=LINE('',#4674,#1095);
#730=LINE('',#4677,#1096);
#731=LINE('',#4679,#1097);
#732=LINE('',#4680,#1098);
#733=LINE('',#4682,#1099);
#734=LINE('',#4683,#1100);
#735=LINE('',#4687,#1101);
#736=LINE('',#4689,#1102);
#737=LINE('',#4691,#1103);
#738=LINE('',#4692,#1104);
#739=LINE('',#4695,#1105);
#740=LINE('',#4697,#1106);
#741=LINE('',#4698,#1107);
#742=LINE('',#4701,#1108);
#743=LINE('',#4703,#1109);
#744=LINE('',#4704,#1110);
#745=LINE('',#4706,#1111);
#746=LINE('',#4707,#1112);
#747=LINE('',#4711,#1113);
#748=LINE('',#4713,#1114);
#749=LINE('',#4715,#1115);
#750=LINE('',#4716,#1116);
#751=LINE('',#4719,#1117);
#752=LINE('',#4721,#1118);
#753=LINE('',#4722,#1119);
#754=LINE('',#4725,#1120);
#755=LINE('',#4727,#1121);
#756=LINE('',#4728,#1122);
#757=LINE('',#4730,#1123);
#758=LINE('',#4731,#1124);
#759=LINE('',#4735,#1125);
#760=LINE('',#4737,#1126);
#761=LINE('',#4739,#1127);
#762=LINE('',#4740,#1128);
#763=LINE('',#4743,#1129);
#764=LINE('',#4745,#1130);
#765=LINE('',#4746,#1131);
#766=LINE('',#4749,#1132);
#767=LINE('',#4751,#1133);
#768=LINE('',#4752,#1134);
#769=LINE('',#4754,#1135);
#770=LINE('',#4755,#1136);
#771=LINE('',#4760,#1137);
#772=LINE('',#4766,#1138);
#773=LINE('',#4772,#1139);
#774=LINE('',#4778,#1140);
#775=LINE('',#4783,#1141);
#776=LINE('',#4785,#1142);
#777=LINE('',#4787,#1143);
#778=LINE('',#4788,#1144);
#779=LINE('',#4794,#1145);
#780=LINE('',#4797,#1146);
#781=LINE('',#4799,#1147);
#782=LINE('',#4800,#1148);
#783=LINE('',#4806,#1149);
#784=LINE('',#4809,#1150);
#785=LINE('',#4811,#1151);
#786=LINE('',#4812,#1152);
#787=LINE('',#4818,#1153);
#788=LINE('',#4821,#1154);
#789=LINE('',#4823,#1155);
#790=LINE('',#4824,#1156);
#791=LINE('',#4831,#1157);
#792=LINE('',#4833,#1158);
#793=LINE('',#4835,#1159);
#794=LINE('',#4836,#1160);
#795=LINE('',#4839,#1161);
#796=LINE('',#4841,#1162);
#797=LINE('',#4842,#1163);
#798=LINE('',#4845,#1164);
#799=LINE('',#4847,#1165);
#800=LINE('',#4848,#1166);
#801=LINE('',#4851,#1167);
#802=LINE('',#4853,#1168);
#803=LINE('',#4854,#1169);
#804=LINE('',#4857,#1170);
#805=LINE('',#4859,#1171);
#806=LINE('',#4860,#1172);
#807=LINE('',#4863,#1173);
#808=LINE('',#4865,#1174);
#809=LINE('',#4866,#1175);
#810=LINE('',#4869,#1176);
#811=LINE('',#4871,#1177);
#812=LINE('',#4872,#1178);
#813=LINE('',#4875,#1179);
#814=LINE('',#4877,#1180);
#815=LINE('',#4878,#1181);
#816=LINE('',#4881,#1182);
#817=LINE('',#4883,#1183);
#818=LINE('',#4884,#1184);
#819=LINE('',#4887,#1185);
#820=LINE('',#4889,#1186);
#821=LINE('',#4890,#1187);
#822=LINE('',#4893,#1188);
#823=LINE('',#4895,#1189);
#824=LINE('',#4896,#1190);
#825=LINE('',#4898,#1191);
#826=LINE('',#4899,#1192);
#827=LINE('',#4904,#1193);
#828=LINE('',#4910,#1194);
#829=LINE('',#4915,#1195);
#830=LINE('',#4917,#1196);
#831=LINE('',#4919,#1197);
#832=LINE('',#4920,#1198);
#833=LINE('',#4926,#1199);
#834=LINE('',#4929,#1200);
#835=LINE('',#4931,#1201);
#836=LINE('',#4932,#1202);
#837=LINE('',#4938,#1203);
#838=LINE('',#4941,#1204);
#839=LINE('',#4943,#1205);
#840=LINE('',#4944,#1206);
#841=LINE('',#4950,#1207);
#842=LINE('',#4953,#1208);
#843=LINE('',#4955,#1209);
#844=LINE('',#4956,#1210);
#845=LINE('',#4965,#1211);
#846=LINE('',#4967,#1212);
#847=LINE('',#4969,#1213);
#848=LINE('',#4970,#1214);
#849=LINE('',#4976,#1215);
#850=LINE('',#4979,#1216);
#851=LINE('',#4981,#1217);
#852=LINE('',#4982,#1218);
#853=LINE('',#4988,#1219);
#854=LINE('',#4991,#1220);
#855=LINE('',#4993,#1221);
#856=LINE('',#4994,#1222);
#857=LINE('',#5000,#1223);
#858=LINE('',#5003,#1224);
#859=LINE('',#5005,#1225);
#860=LINE('',#5006,#1226);
#861=LINE('',#5013,#1227);
#862=LINE('',#5015,#1228);
#863=LINE('',#5017,#1229);
#864=LINE('',#5018,#1230);
#865=LINE('',#5021,#1231);
#866=LINE('',#5023,#1232);
#867=LINE('',#5024,#1233);
#868=LINE('',#5027,#1234);
#869=LINE('',#5029,#1235);
#870=LINE('',#5030,#1236);
#871=LINE('',#5033,#1237);
#872=LINE('',#5035,#1238);
#873=LINE('',#5036,#1239);
#874=LINE('',#5039,#1240);
#875=LINE('',#5041,#1241);
#876=LINE('',#5042,#1242);
#877=LINE('',#5045,#1243);
#878=LINE('',#5047,#1244);
#879=LINE('',#5048,#1245);
#880=LINE('',#5051,#1246);
#881=LINE('',#5053,#1247);
#882=LINE('',#5054,#1248);
#883=LINE('',#5057,#1249);
#884=LINE('',#5059,#1250);
#885=LINE('',#5060,#1251);
#886=LINE('',#5063,#1252);
#887=LINE('',#5065,#1253);
#888=LINE('',#5066,#1254);
#889=LINE('',#5069,#1255);
#890=LINE('',#5071,#1256);
#891=LINE('',#5072,#1257);
#892=LINE('',#5075,#1258);
#893=LINE('',#5077,#1259);
#894=LINE('',#5078,#1260);
#895=LINE('',#5080,#1261);
#896=LINE('',#5081,#1262);
#897=LINE('',#5085,#1263);
#898=LINE('',#5087,#1264);
#899=LINE('',#5089,#1265);
#900=LINE('',#5090,#1266);
#901=LINE('',#5093,#1267);
#902=LINE('',#5095,#1268);
#903=LINE('',#5096,#1269);
#904=LINE('',#5099,#1270);
#905=LINE('',#5101,#1271);
#906=LINE('',#5102,#1272);
#907=LINE('',#5104,#1273);
#908=LINE('',#5105,#1274);
#909=LINE('',#5109,#1275);
#910=LINE('',#5111,#1276);
#911=LINE('',#5113,#1277);
#912=LINE('',#5114,#1278);
#913=LINE('',#5117,#1279);
#914=LINE('',#5119,#1280);
#915=LINE('',#5120,#1281);
#916=LINE('',#5123,#1282);
#917=LINE('',#5125,#1283);
#918=LINE('',#5126,#1284);
#919=LINE('',#5128,#1285);
#920=LINE('',#5129,#1286);
#921=LINE('',#5133,#1287);
#922=LINE('',#5135,#1288);
#923=LINE('',#5137,#1289);
#924=LINE('',#5138,#1290);
#925=LINE('',#5141,#1291);
#926=LINE('',#5143,#1292);
#927=LINE('',#5144,#1293);
#928=LINE('',#5147,#1294);
#929=LINE('',#5149,#1295);
#930=LINE('',#5150,#1296);
#931=LINE('',#5152,#1297);
#932=LINE('',#5153,#1298);
#933=LINE('',#5158,#1299);
#934=LINE('',#5163,#1300);
#935=LINE('',#5165,#1301);
#936=LINE('',#5167,#1302);
#937=LINE('',#5168,#1303);
#938=LINE('',#5171,#1304);
#939=LINE('',#5173,#1305);
#940=LINE('',#5174,#1306);
#941=LINE('',#5177,#1307);
#942=LINE('',#5179,#1308);
#943=LINE('',#5180,#1309);
#944=LINE('',#5182,#1310);
#945=LINE('',#5183,#1311);
#946=LINE('',#5188,#1312);
#947=LINE('',#5194,#1313);
#948=LINE('',#5200,#1314);
#949=LINE('',#5206,#1315);
#950=LINE('',#5212,#1316);
#951=LINE('',#5217,#1317);
#952=LINE('',#5219,#1318);
#953=LINE('',#5221,#1319);
#954=LINE('',#5222,#1320);
#955=LINE('',#5228,#1321);
#956=LINE('',#5231,#1322);
#957=LINE('',#5233,#1323);
#958=LINE('',#5234,#1324);
#959=LINE('',#5240,#1325);
#960=LINE('',#5243,#1326);
#961=LINE('',#5245,#1327);
#962=LINE('',#5246,#1328);
#963=LINE('',#5252,#1329);
#964=LINE('',#5255,#1330);
#965=LINE('',#5257,#1331);
#966=LINE('',#5258,#1332);
#967=VECTOR('',#3513,10.);
#968=VECTOR('',#3514,10.);
#969=VECTOR('',#3515,10.);
#970=VECTOR('',#3516,10.);
#971=VECTOR('',#3519,10.);
#972=VECTOR('',#3520,10.);
#973=VECTOR('',#3521,10.);
#974=VECTOR('',#3524,10.);
#975=VECTOR('',#3525,10.);
#976=VECTOR('',#3526,10.);
#977=VECTOR('',#3529,10.);
#978=VECTOR('',#3530,10.);
#979=VECTOR('',#3533,10.);
#980=VECTOR('',#3534,10.);
#981=VECTOR('',#3535,10.);
#982=VECTOR('',#3536,10.);
#983=VECTOR('',#3539,10.);
#984=VECTOR('',#3540,10.);
#985=VECTOR('',#3541,10.);
#986=VECTOR('',#3544,10.);
#987=VECTOR('',#3545,10.);
#988=VECTOR('',#3546,10.);
#989=VECTOR('',#3549,10.);
#990=VECTOR('',#3550,10.);
#991=VECTOR('',#3553,10.);
#992=VECTOR('',#3554,10.);
#993=VECTOR('',#3555,10.);
#994=VECTOR('',#3556,10.);
#995=VECTOR('',#3559,10.);
#996=VECTOR('',#3560,10.);
#997=VECTOR('',#3561,10.);
#998=VECTOR('',#3564,10.);
#999=VECTOR('',#3565,10.);
#1000=VECTOR('',#3566,10.);
#1001=VECTOR('',#3569,10.);
#1002=VECTOR('',#3570,10.);
#1003=VECTOR('',#3573,10.);
#1004=VECTOR('',#3574,10.);
#1005=VECTOR('',#3575,10.);
#1006=VECTOR('',#3576,10.);
#1007=VECTOR('',#3579,10.);
#1008=VECTOR('',#3580,10.);
#1009=VECTOR('',#3581,10.);
#1010=VECTOR('',#3584,10.);
#1011=VECTOR('',#3585,10.);
#1012=VECTOR('',#3586,10.);
#1013=VECTOR('',#3589,10.);
#1014=VECTOR('',#3590,10.);
#1015=VECTOR('',#3593,10.);
#1016=VECTOR('',#3594,10.);
#1017=VECTOR('',#3595,10.);
#1018=VECTOR('',#3596,10.);
#1019=VECTOR('',#3601,10.);
#1020=VECTOR('',#3606,10.);
#1021=VECTOR('',#3607,10.);
#1022=VECTOR('',#3608,10.);
#1023=VECTOR('',#3613,10.);
#1024=VECTOR('',#3618,10.);
#1025=VECTOR('',#3619,10.);
#1026=VECTOR('',#3620,10.);
#1027=VECTOR('',#3625,10.);
#1028=VECTOR('',#3630,10.);
#1029=VECTOR('',#3631,10.);
#1030=VECTOR('',#3632,10.);
#1031=VECTOR('',#3643,1.6);
#1032=VECTOR('',#3650,1.6);
#1033=VECTOR('',#3657,1.6);
#1034=VECTOR('',#3664,1.6);
#1035=VECTOR('',#3671,1.6);
#1036=VECTOR('',#3676,10.);
#1037=VECTOR('',#3677,10.);
#1038=VECTOR('',#3678,10.);
#1039=VECTOR('',#3679,10.);
#1040=VECTOR('',#3682,10.);
#1041=VECTOR('',#3683,10.);
#1042=VECTOR('',#3684,10.);
#1043=VECTOR('',#3687,10.);
#1044=VECTOR('',#3688,10.);
#1045=VECTOR('',#3689,10.);
#1046=VECTOR('',#3692,10.);
#1047=VECTOR('',#3693,10.);
#1048=VECTOR('',#3694,10.);
#1049=VECTOR('',#3697,10.);
#1050=VECTOR('',#3698,10.);
#1051=VECTOR('',#3699,10.);
#1052=VECTOR('',#3702,10.);
#1053=VECTOR('',#3703,10.);
#1054=VECTOR('',#3704,10.);
#1055=VECTOR('',#3707,10.);
#1056=VECTOR('',#3708,10.);
#1057=VECTOR('',#3709,10.);
#1058=VECTOR('',#3712,10.);
#1059=VECTOR('',#3713,10.);
#1060=VECTOR('',#3714,10.);
#1061=VECTOR('',#3717,10.);
#1062=VECTOR('',#3718,10.);
#1063=VECTOR('',#3719,10.);
#1064=VECTOR('',#3722,10.);
#1065=VECTOR('',#3723,10.);
#1066=VECTOR('',#3724,10.);
#1067=VECTOR('',#3727,10.);
#1068=VECTOR('',#3728,10.);
#1069=VECTOR('',#3729,10.);
#1070=VECTOR('',#3732,10.);
#1071=VECTOR('',#3733,10.);
#1072=VECTOR('',#3738,1.6);
#1073=VECTOR('',#3743,10.);
#1074=VECTOR('',#3744,10.);
#1075=VECTOR('',#3745,10.);
#1076=VECTOR('',#3746,10.);
#1077=VECTOR('',#3753,10.);
#1078=VECTOR('',#3756,10.);
#1079=VECTOR('',#3757,10.);
#1080=VECTOR('',#3758,10.);
#1081=VECTOR('',#3765,10.);
#1082=VECTOR('',#3768,10.);
#1083=VECTOR('',#3769,10.);
#1084=VECTOR('',#3770,10.);
#1085=VECTOR('',#3777,10.);
#1086=VECTOR('',#3780,10.);
#1087=VECTOR('',#3781,10.);
#1088=VECTOR('',#3782,10.);
#1089=VECTOR('',#3795,10.);
#1090=VECTOR('',#3796,10.);
#1091=VECTOR('',#3797,10.);
#1092=VECTOR('',#3798,10.);
#1093=VECTOR('',#3801,10.);
#1094=VECTOR('',#3802,10.);
#1095=VECTOR('',#3803,10.);
#1096=VECTOR('',#3806,10.);
#1097=VECTOR('',#3807,10.);
#1098=VECTOR('',#3808,10.);
#1099=VECTOR('',#3811,10.);
#1100=VECTOR('',#3812,10.);
#1101=VECTOR('',#3815,10.);
#1102=VECTOR('',#3816,10.);
#1103=VECTOR('',#3817,10.);
#1104=VECTOR('',#3818,10.);
#1105=VECTOR('',#3821,10.);
#1106=VECTOR('',#3822,10.);
#1107=VECTOR('',#3823,10.);
#1108=VECTOR('',#3826,10.);
#1109=VECTOR('',#3827,10.);
#1110=VECTOR('',#3828,10.);
#1111=VECTOR('',#3831,10.);
#1112=VECTOR('',#3832,10.);
#1113=VECTOR('',#3835,10.);
#1114=VECTOR('',#3836,10.);
#1115=VECTOR('',#3837,10.);
#1116=VECTOR('',#3838,10.);
#1117=VECTOR('',#3841,10.);
#1118=VECTOR('',#3842,10.);
#1119=VECTOR('',#3843,10.);
#1120=VECTOR('',#3846,10.);
#1121=VECTOR('',#3847,10.);
#1122=VECTOR('',#3848,10.);
#1123=VECTOR('',#3851,10.);
#1124=VECTOR('',#3852,10.);
#1125=VECTOR('',#3855,10.);
#1126=VECTOR('',#3856,10.);
#1127=VECTOR('',#3857,10.);
#1128=VECTOR('',#3858,10.);
#1129=VECTOR('',#3861,10.);
#1130=VECTOR('',#3862,10.);
#1131=VECTOR('',#3863,10.);
#1132=VECTOR('',#3866,10.);
#1133=VECTOR('',#3867,10.);
#1134=VECTOR('',#3868,10.);
#1135=VECTOR('',#3871,10.);
#1136=VECTOR('',#3872,10.);
#1137=VECTOR('',#3877,1.6);
#1138=VECTOR('',#3884,1.6);
#1139=VECTOR('',#3891,1.6);
#1140=VECTOR('',#3898,1.6);
#1141=VECTOR('',#3903,10.);
#1142=VECTOR('',#3904,10.);
#1143=VECTOR('',#3905,10.);
#1144=VECTOR('',#3906,10.);
#1145=VECTOR('',#3913,10.);
#1146=VECTOR('',#3916,10.);
#1147=VECTOR('',#3917,10.);
#1148=VECTOR('',#3918,10.);
#1149=VECTOR('',#3925,10.);
#1150=VECTOR('',#3928,10.);
#1151=VECTOR('',#3929,10.);
#1152=VECTOR('',#3930,10.);
#1153=VECTOR('',#3937,10.);
#1154=VECTOR('',#3940,10.);
#1155=VECTOR('',#3941,10.);
#1156=VECTOR('',#3942,10.);
#1157=VECTOR('',#3951,10.);
#1158=VECTOR('',#3952,10.);
#1159=VECTOR('',#3953,10.);
#1160=VECTOR('',#3954,10.);
#1161=VECTOR('',#3957,10.);
#1162=VECTOR('',#3958,10.);
#1163=VECTOR('',#3959,10.);
#1164=VECTOR('',#3962,10.);
#1165=VECTOR('',#3963,10.);
#1166=VECTOR('',#3964,10.);
#1167=VECTOR('',#3967,10.);
#1168=VECTOR('',#3968,10.);
#1169=VECTOR('',#3969,10.);
#1170=VECTOR('',#3972,10.);
#1171=VECTOR('',#3973,10.);
#1172=VECTOR('',#3974,10.);
#1173=VECTOR('',#3977,10.);
#1174=VECTOR('',#3978,10.);
#1175=VECTOR('',#3979,10.);
#1176=VECTOR('',#3982,10.);
#1177=VECTOR('',#3983,10.);
#1178=VECTOR('',#3984,10.);
#1179=VECTOR('',#3987,10.);
#1180=VECTOR('',#3988,10.);
#1181=VECTOR('',#3989,10.);
#1182=VECTOR('',#3992,10.);
#1183=VECTOR('',#3993,10.);
#1184=VECTOR('',#3994,10.);
#1185=VECTOR('',#3997,10.);
#1186=VECTOR('',#3998,10.);
#1187=VECTOR('',#3999,10.);
#1188=VECTOR('',#4002,10.);
#1189=VECTOR('',#4003,10.);
#1190=VECTOR('',#4004,10.);
#1191=VECTOR('',#4007,10.);
#1192=VECTOR('',#4008,10.);
#1193=VECTOR('',#4013,1.6);
#1194=VECTOR('',#4020,1.6);
#1195=VECTOR('',#4025,10.);
#1196=VECTOR('',#4026,10.);
#1197=VECTOR('',#4027,10.);
#1198=VECTOR('',#4028,10.);
#1199=VECTOR('',#4035,10.);
#1200=VECTOR('',#4038,10.);
#1201=VECTOR('',#4039,10.);
#1202=VECTOR('',#4040,10.);
#1203=VECTOR('',#4047,10.);
#1204=VECTOR('',#4050,10.);
#1205=VECTOR('',#4051,10.);
#1206=VECTOR('',#4052,10.);
#1207=VECTOR('',#4059,10.);
#1208=VECTOR('',#4062,10.);
#1209=VECTOR('',#4063,10.);
#1210=VECTOR('',#4064,10.);
#1211=VECTOR('',#4077,10.);
#1212=VECTOR('',#4078,10.);
#1213=VECTOR('',#4079,10.);
#1214=VECTOR('',#4080,10.);
#1215=VECTOR('',#4087,10.);
#1216=VECTOR('',#4090,10.);
#1217=VECTOR('',#4091,10.);
#1218=VECTOR('',#4092,10.);
#1219=VECTOR('',#4099,10.);
#1220=VECTOR('',#4102,10.);
#1221=VECTOR('',#4103,10.);
#1222=VECTOR('',#4104,10.);
#1223=VECTOR('',#4111,10.);
#1224=VECTOR('',#4114,10.);
#1225=VECTOR('',#4115,10.);
#1226=VECTOR('',#4116,10.);
#1227=VECTOR('',#4125,10.);
#1228=VECTOR('',#4126,10.);
#1229=VECTOR('',#4127,10.);
#1230=VECTOR('',#4128,10.);
#1231=VECTOR('',#4131,10.);
#1232=VECTOR('',#4132,10.);
#1233=VECTOR('',#4133,10.);
#1234=VECTOR('',#4136,10.);
#1235=VECTOR('',#4137,10.);
#1236=VECTOR('',#4138,10.);
#1237=VECTOR('',#4141,10.);
#1238=VECTOR('',#4142,10.);
#1239=VECTOR('',#4143,10.);
#1240=VECTOR('',#4146,10.);
#1241=VECTOR('',#4147,10.);
#1242=VECTOR('',#4148,10.);
#1243=VECTOR('',#4151,10.);
#1244=VECTOR('',#4152,10.);
#1245=VECTOR('',#4153,10.);
#1246=VECTOR('',#4156,10.);
#1247=VECTOR('',#4157,10.);
#1248=VECTOR('',#4158,10.);
#1249=VECTOR('',#4161,10.);
#1250=VECTOR('',#4162,10.);
#1251=VECTOR('',#4163,10.);
#1252=VECTOR('',#4166,10.);
#1253=VECTOR('',#4167,10.);
#1254=VECTOR('',#4168,10.);
#1255=VECTOR('',#4171,10.);
#1256=VECTOR('',#4172,10.);
#1257=VECTOR('',#4173,10.);
#1258=VECTOR('',#4176,10.);
#1259=VECTOR('',#4177,10.);
#1260=VECTOR('',#4178,10.);
#1261=VECTOR('',#4181,10.);
#1262=VECTOR('',#4182,10.);
#1263=VECTOR('',#4185,10.);
#1264=VECTOR('',#4186,10.);
#1265=VECTOR('',#4187,10.);
#1266=VECTOR('',#4188,10.);
#1267=VECTOR('',#4191,10.);
#1268=VECTOR('',#4192,10.);
#1269=VECTOR('',#4193,10.);
#1270=VECTOR('',#4196,10.);
#1271=VECTOR('',#4197,10.);
#1272=VECTOR('',#4198,10.);
#1273=VECTOR('',#4201,10.);
#1274=VECTOR('',#4202,10.);
#1275=VECTOR('',#4205,10.);
#1276=VECTOR('',#4206,10.);
#1277=VECTOR('',#4207,10.);
#1278=VECTOR('',#4208,10.);
#1279=VECTOR('',#4211,10.);
#1280=VECTOR('',#4212,10.);
#1281=VECTOR('',#4213,10.);
#1282=VECTOR('',#4216,10.);
#1283=VECTOR('',#4217,10.);
#1284=VECTOR('',#4218,10.);
#1285=VECTOR('',#4221,10.);
#1286=VECTOR('',#4222,10.);
#1287=VECTOR('',#4225,10.);
#1288=VECTOR('',#4226,10.);
#1289=VECTOR('',#4227,10.);
#1290=VECTOR('',#4228,10.);
#1291=VECTOR('',#4231,10.);
#1292=VECTOR('',#4232,10.);
#1293=VECTOR('',#4233,10.);
#1294=VECTOR('',#4236,10.);
#1295=VECTOR('',#4237,10.);
#1296=VECTOR('',#4238,10.);
#1297=VECTOR('',#4241,10.);
#1298=VECTOR('',#4242,10.);
#1299=VECTOR('',#4247,1.6);
#1300=VECTOR('',#4252,10.);
#1301=VECTOR('',#4253,10.);
#1302=VECTOR('',#4254,10.);
#1303=VECTOR('',#4255,10.);
#1304=VECTOR('',#4258,10.);
#1305=VECTOR('',#4259,10.);
#1306=VECTOR('',#4260,10.);
#1307=VECTOR('',#4263,10.);
#1308=VECTOR('',#4264,10.);
#1309=VECTOR('',#4265,10.);
#1310=VECTOR('',#4268,10.);
#1311=VECTOR('',#4269,10.);
#1312=VECTOR('',#4274,1.6);
#1313=VECTOR('',#4281,1.6);
#1314=VECTOR('',#4288,1.6);
#1315=VECTOR('',#4295,1.6);
#1316=VECTOR('',#4302,1.6);
#1317=VECTOR('',#4307,10.);
#1318=VECTOR('',#4308,10.);
#1319=VECTOR('',#4309,10.);
#1320=VECTOR('',#4310,10.);
#1321=VECTOR('',#4317,10.);
#1322=VECTOR('',#4320,10.);
#1323=VECTOR('',#4321,10.);
#1324=VECTOR('',#4322,10.);
#1325=VECTOR('',#4329,10.);
#1326=VECTOR('',#4332,10.);
#1327=VECTOR('',#4333,10.);
#1328=VECTOR('',#4334,10.);
#1329=VECTOR('',#4341,10.);
#1330=VECTOR('',#4344,10.);
#1331=VECTOR('',#4345,10.);
#1332=VECTOR('',#4346,10.);
#1333=VERTEX_POINT('',#4359);
#1334=VERTEX_POINT('',#4360);
#1335=VERTEX_POINT('',#4362);
#1336=VERTEX_POINT('',#4364);
#1337=VERTEX_POINT('',#4368);
#1338=VERTEX_POINT('',#4370);
#1339=VERTEX_POINT('',#4374);
#1340=VERTEX_POINT('',#4376);
#1341=VERTEX_POINT('',#4383);
#1342=VERTEX_POINT('',#4384);
#1343=VERTEX_POINT('',#4386);
#1344=VERTEX_POINT('',#4388);
#1345=VERTEX_POINT('',#4392);
#1346=VERTEX_POINT('',#4394);
#1347=VERTEX_POINT('',#4398);
#1348=VERTEX_POINT('',#4400);
#1349=VERTEX_POINT('',#4407);
#1350=VERTEX_POINT('',#4408);
#1351=VERTEX_POINT('',#4410);
#1352=VERTEX_POINT('',#4412);
#1353=VERTEX_POINT('',#4416);
#1354=VERTEX_POINT('',#4418);
#1355=VERTEX_POINT('',#4422);
#1356=VERTEX_POINT('',#4424);
#1357=VERTEX_POINT('',#4431);
#1358=VERTEX_POINT('',#4432);
#1359=VERTEX_POINT('',#4434);
#1360=VERTEX_POINT('',#4436);
#1361=VERTEX_POINT('',#4440);
#1362=VERTEX_POINT('',#4442);
#1363=VERTEX_POINT('',#4446);
#1364=VERTEX_POINT('',#4448);
#1365=VERTEX_POINT('',#4455);
#1366=VERTEX_POINT('',#4456);
#1367=VERTEX_POINT('',#4458);
#1368=VERTEX_POINT('',#4460);
#1369=VERTEX_POINT('',#4464);
#1370=VERTEX_POINT('',#4466);
#1371=VERTEX_POINT('',#4470);
#1372=VERTEX_POINT('',#4472);
#1373=VERTEX_POINT('',#4476);
#1374=VERTEX_POINT('',#4478);
#1375=VERTEX_POINT('',#4482);
#1376=VERTEX_POINT('',#4484);
#1377=VERTEX_POINT('',#4488);
#1378=VERTEX_POINT('',#4490);
#1379=VERTEX_POINT('',#4494);
#1380=VERTEX_POINT('',#4496);
#1381=VERTEX_POINT('',#4503);
#1382=VERTEX_POINT('',#4505);
#1383=VERTEX_POINT('',#4509);
#1384=VERTEX_POINT('',#4511);
#1385=VERTEX_POINT('',#4515);
#1386=VERTEX_POINT('',#4517);
#1387=VERTEX_POINT('',#4521);
#1388=VERTEX_POINT('',#4523);
#1389=VERTEX_POINT('',#4527);
#1390=VERTEX_POINT('',#4529);
#1391=VERTEX_POINT('',#4533);
#1392=VERTEX_POINT('',#4534);
#1393=VERTEX_POINT('',#4536);
#1394=VERTEX_POINT('',#4538);
#1395=VERTEX_POINT('',#4542);
#1396=VERTEX_POINT('',#4544);
#1397=VERTEX_POINT('',#4548);
#1398=VERTEX_POINT('',#4550);
#1399=VERTEX_POINT('',#4554);
#1400=VERTEX_POINT('',#4556);
#1401=VERTEX_POINT('',#4560);
#1402=VERTEX_POINT('',#4562);
#1403=VERTEX_POINT('',#4566);
#1404=VERTEX_POINT('',#4568);
#1405=VERTEX_POINT('',#4572);
#1406=VERTEX_POINT('',#4574);
#1407=VERTEX_POINT('',#4578);
#1408=VERTEX_POINT('',#4580);
#1409=VERTEX_POINT('',#4584);
#1410=VERTEX_POINT('',#4586);
#1411=VERTEX_POINT('',#4590);
#1412=VERTEX_POINT('',#4592);
#1413=VERTEX_POINT('',#4596);
#1414=VERTEX_POINT('',#4598);
#1415=VERTEX_POINT('',#4605);
#1416=VERTEX_POINT('',#4607);
#1417=VERTEX_POINT('',#4611);
#1418=VERTEX_POINT('',#4612);
#1419=VERTEX_POINT('',#4614);
#1420=VERTEX_POINT('',#4616);
#1421=VERTEX_POINT('',#4620);
#1422=VERTEX_POINT('',#4622);
#1423=VERTEX_POINT('',#4626);
#1424=VERTEX_POINT('',#4628);
#1425=VERTEX_POINT('',#4632);
#1426=VERTEX_POINT('',#4634);
#1427=VERTEX_POINT('',#4638);
#1428=VERTEX_POINT('',#4640);
#1429=VERTEX_POINT('',#4644);
#1430=VERTEX_POINT('',#4646);
#1431=VERTEX_POINT('',#4650);
#1432=VERTEX_POINT('',#4652);
#1433=VERTEX_POINT('',#4661);
#1434=VERTEX_POINT('',#4662);
#1435=VERTEX_POINT('',#4664);
#1436=VERTEX_POINT('',#4666);
#1437=VERTEX_POINT('',#4670);
#1438=VERTEX_POINT('',#4672);
#1439=VERTEX_POINT('',#4676);
#1440=VERTEX_POINT('',#4678);
#1441=VERTEX_POINT('',#4685);
#1442=VERTEX_POINT('',#4686);
#1443=VERTEX_POINT('',#4688);
#1444=VERTEX_POINT('',#4690);
#1445=VERTEX_POINT('',#4694);
#1446=VERTEX_POINT('',#4696);
#1447=VERTEX_POINT('',#4700);
#1448=VERTEX_POINT('',#4702);
#1449=VERTEX_POINT('',#4709);
#1450=VERTEX_POINT('',#4710);
#1451=VERTEX_POINT('',#4712);
#1452=VERTEX_POINT('',#4714);
#1453=VERTEX_POINT('',#4718);
#1454=VERTEX_POINT('',#4720);
#1455=VERTEX_POINT('',#4724);
#1456=VERTEX_POINT('',#4726);
#1457=VERTEX_POINT('',#4733);
#1458=VERTEX_POINT('',#4734);
#1459=VERTEX_POINT('',#4736);
#1460=VERTEX_POINT('',#4738);
#1461=VERTEX_POINT('',#4742);
#1462=VERTEX_POINT('',#4744);
#1463=VERTEX_POINT('',#4748);
#1464=VERTEX_POINT('',#4750);
#1465=VERTEX_POINT('',#4757);
#1466=VERTEX_POINT('',#4759);
#1467=VERTEX_POINT('',#4763);
#1468=VERTEX_POINT('',#4765);
#1469=VERTEX_POINT('',#4769);
#1470=VERTEX_POINT('',#4771);
#1471=VERTEX_POINT('',#4775);
#1472=VERTEX_POINT('',#4777);
#1473=VERTEX_POINT('',#4781);
#1474=VERTEX_POINT('',#4782);
#1475=VERTEX_POINT('',#4784);
#1476=VERTEX_POINT('',#4786);
#1477=VERTEX_POINT('',#4790);
#1478=VERTEX_POINT('',#4792);
#1479=VERTEX_POINT('',#4796);
#1480=VERTEX_POINT('',#4798);
#1481=VERTEX_POINT('',#4802);
#1482=VERTEX_POINT('',#4804);
#1483=VERTEX_POINT('',#4808);
#1484=VERTEX_POINT('',#4810);
#1485=VERTEX_POINT('',#4814);
#1486=VERTEX_POINT('',#4816);
#1487=VERTEX_POINT('',#4820);
#1488=VERTEX_POINT('',#4822);
#1489=VERTEX_POINT('',#4829);
#1490=VERTEX_POINT('',#4830);
#1491=VERTEX_POINT('',#4832);
#1492=VERTEX_POINT('',#4834);
#1493=VERTEX_POINT('',#4838);
#1494=VERTEX_POINT('',#4840);
#1495=VERTEX_POINT('',#4844);
#1496=VERTEX_POINT('',#4846);
#1497=VERTEX_POINT('',#4850);
#1498=VERTEX_POINT('',#4852);
#1499=VERTEX_POINT('',#4856);
#1500=VERTEX_POINT('',#4858);
#1501=VERTEX_POINT('',#4862);
#1502=VERTEX_POINT('',#4864);
#1503=VERTEX_POINT('',#4868);
#1504=VERTEX_POINT('',#4870);
#1505=VERTEX_POINT('',#4874);
#1506=VERTEX_POINT('',#4876);
#1507=VERTEX_POINT('',#4880);
#1508=VERTEX_POINT('',#4882);
#1509=VERTEX_POINT('',#4886);
#1510=VERTEX_POINT('',#4888);
#1511=VERTEX_POINT('',#4892);
#1512=VERTEX_POINT('',#4894);
#1513=VERTEX_POINT('',#4901);
#1514=VERTEX_POINT('',#4903);
#1515=VERTEX_POINT('',#4907);
#1516=VERTEX_POINT('',#4909);
#1517=VERTEX_POINT('',#4913);
#1518=VERTEX_POINT('',#4914);
#1519=VERTEX_POINT('',#4916);
#1520=VERTEX_POINT('',#4918);
#1521=VERTEX_POINT('',#4922);
#1522=VERTEX_POINT('',#4924);
#1523=VERTEX_POINT('',#4928);
#1524=VERTEX_POINT('',#4930);
#1525=VERTEX_POINT('',#4934);
#1526=VERTEX_POINT('',#4936);
#1527=VERTEX_POINT('',#4940);
#1528=VERTEX_POINT('',#4942);
#1529=VERTEX_POINT('',#4946);
#1530=VERTEX_POINT('',#4948);
#1531=VERTEX_POINT('',#4952);
#1532=VERTEX_POINT('',#4954);
#1533=VERTEX_POINT('',#4963);
#1534=VERTEX_POINT('',#4964);
#1535=VERTEX_POINT('',#4966);
#1536=VERTEX_POINT('',#4968);
#1537=VERTEX_POINT('',#4972);
#1538=VERTEX_POINT('',#4974);
#1539=VERTEX_POINT('',#4978);
#1540=VERTEX_POINT('',#4980);
#1541=VERTEX_POINT('',#4984);
#1542=VERTEX_POINT('',#4986);
#1543=VERTEX_POINT('',#4990);
#1544=VERTEX_POINT('',#4992);
#1545=VERTEX_POINT('',#4996);
#1546=VERTEX_POINT('',#4998);
#1547=VERTEX_POINT('',#5002);
#1548=VERTEX_POINT('',#5004);
#1549=VERTEX_POINT('',#5011);
#1550=VERTEX_POINT('',#5012);
#1551=VERTEX_POINT('',#5014);
#1552=VERTEX_POINT('',#5016);
#1553=VERTEX_POINT('',#5020);
#1554=VERTEX_POINT('',#5022);
#1555=VERTEX_POINT('',#5026);
#1556=VERTEX_POINT('',#5028);
#1557=VERTEX_POINT('',#5032);
#1558=VERTEX_POINT('',#5034);
#1559=VERTEX_POINT('',#5038);
#1560=VERTEX_POINT('',#5040);
#1561=VERTEX_POINT('',#5044);
#1562=VERTEX_POINT('',#5046);
#1563=VERTEX_POINT('',#5050);
#1564=VERTEX_POINT('',#5052);
#1565=VERTEX_POINT('',#5056);
#1566=VERTEX_POINT('',#5058);
#1567=VERTEX_POINT('',#5062);
#1568=VERTEX_POINT('',#5064);
#1569=VERTEX_POINT('',#5068);
#1570=VERTEX_POINT('',#5070);
#1571=VERTEX_POINT('',#5074);
#1572=VERTEX_POINT('',#5076);
#1573=VERTEX_POINT('',#5083);
#1574=VERTEX_POINT('',#5084);
#1575=VERTEX_POINT('',#5086);
#1576=VERTEX_POINT('',#5088);
#1577=VERTEX_POINT('',#5092);
#1578=VERTEX_POINT('',#5094);
#1579=VERTEX_POINT('',#5098);
#1580=VERTEX_POINT('',#5100);
#1581=VERTEX_POINT('',#5107);
#1582=VERTEX_POINT('',#5108);
#1583=VERTEX_POINT('',#5110);
#1584=VERTEX_POINT('',#5112);
#1585=VERTEX_POINT('',#5116);
#1586=VERTEX_POINT('',#5118);
#1587=VERTEX_POINT('',#5122);
#1588=VERTEX_POINT('',#5124);
#1589=VERTEX_POINT('',#5131);
#1590=VERTEX_POINT('',#5132);
#1591=VERTEX_POINT('',#5134);
#1592=VERTEX_POINT('',#5136);
#1593=VERTEX_POINT('',#5140);
#1594=VERTEX_POINT('',#5142);
#1595=VERTEX_POINT('',#5146);
#1596=VERTEX_POINT('',#5148);
#1597=VERTEX_POINT('',#5155);
#1598=VERTEX_POINT('',#5157);
#1599=VERTEX_POINT('',#5161);
#1600=VERTEX_POINT('',#5162);
#1601=VERTEX_POINT('',#5164);
#1602=VERTEX_POINT('',#5166);
#1603=VERTEX_POINT('',#5170);
#1604=VERTEX_POINT('',#5172);
#1605=VERTEX_POINT('',#5176);
#1606=VERTEX_POINT('',#5178);
#1607=VERTEX_POINT('',#5185);
#1608=VERTEX_POINT('',#5187);
#1609=VERTEX_POINT('',#5191);
#1610=VERTEX_POINT('',#5193);
#1611=VERTEX_POINT('',#5197);
#1612=VERTEX_POINT('',#5199);
#1613=VERTEX_POINT('',#5203);
#1614=VERTEX_POINT('',#5205);
#1615=VERTEX_POINT('',#5209);
#1616=VERTEX_POINT('',#5211);
#1617=VERTEX_POINT('',#5215);
#1618=VERTEX_POINT('',#5216);
#1619=VERTEX_POINT('',#5218);
#1620=VERTEX_POINT('',#5220);
#1621=VERTEX_POINT('',#5224);
#1622=VERTEX_POINT('',#5226);
#1623=VERTEX_POINT('',#5230);
#1624=VERTEX_POINT('',#5232);
#1625=VERTEX_POINT('',#5236);
#1626=VERTEX_POINT('',#5238);
#1627=VERTEX_POINT('',#5242);
#1628=VERTEX_POINT('',#5244);
#1629=VERTEX_POINT('',#5248);
#1630=VERTEX_POINT('',#5250);
#1631=VERTEX_POINT('',#5254);
#1632=VERTEX_POINT('',#5256);
#1633=EDGE_CURVE('',#1333,#1334,#601,.T.);
#1634=EDGE_CURVE('',#1333,#1335,#602,.T.);
#1635=EDGE_CURVE('',#1336,#1335,#603,.T.);
#1636=EDGE_CURVE('',#1334,#1336,#604,.T.);
#1637=EDGE_CURVE('',#1337,#1333,#605,.T.);
#1638=EDGE_CURVE('',#1337,#1338,#606,.T.);
#1639=EDGE_CURVE('',#1335,#1338,#607,.T.);
#1640=EDGE_CURVE('',#1339,#1337,#608,.T.);
#1641=EDGE_CURVE('',#1339,#1340,#609,.T.);
#1642=EDGE_CURVE('',#1338,#1340,#610,.T.);
#1643=EDGE_CURVE('',#1334,#1339,#611,.T.);
#1644=EDGE_CURVE('',#1340,#1336,#612,.T.);
#1645=EDGE_CURVE('',#1341,#1342,#613,.T.);
#1646=EDGE_CURVE('',#1341,#1343,#614,.T.);
#1647=EDGE_CURVE('',#1344,#1343,#615,.T.);
#1648=EDGE_CURVE('',#1342,#1344,#616,.T.);
#1649=EDGE_CURVE('',#1345,#1341,#617,.T.);
#1650=EDGE_CURVE('',#1345,#1346,#618,.T.);
#1651=EDGE_CURVE('',#1343,#1346,#619,.T.);
#1652=EDGE_CURVE('',#1347,#1345,#620,.T.);
#1653=EDGE_CURVE('',#1347,#1348,#621,.T.);
#1654=EDGE_CURVE('',#1346,#1348,#622,.T.);
#1655=EDGE_CURVE('',#1342,#1347,#623,.T.);
#1656=EDGE_CURVE('',#1348,#1344,#624,.T.);
#1657=EDGE_CURVE('',#1349,#1350,#625,.T.);
#1658=EDGE_CURVE('',#1349,#1351,#626,.T.);
#1659=EDGE_CURVE('',#1352,#1351,#627,.T.);
#1660=EDGE_CURVE('',#1350,#1352,#628,.T.);
#1661=EDGE_CURVE('',#1353,#1349,#629,.T.);
#1662=EDGE_CURVE('',#1353,#1354,#630,.T.);
#1663=EDGE_CURVE('',#1351,#1354,#631,.T.);
#1664=EDGE_CURVE('',#1355,#1353,#632,.T.);
#1665=EDGE_CURVE('',#1355,#1356,#633,.T.);
#1666=EDGE_CURVE('',#1354,#1356,#634,.T.);
#1667=EDGE_CURVE('',#1350,#1355,#635,.T.);
#1668=EDGE_CURVE('',#1356,#1352,#636,.T.);
#1669=EDGE_CURVE('',#1357,#1358,#637,.T.);
#1670=EDGE_CURVE('',#1357,#1359,#638,.T.);
#1671=EDGE_CURVE('',#1360,#1359,#639,.T.);
#1672=EDGE_CURVE('',#1358,#1360,#640,.T.);
#1673=EDGE_CURVE('',#1361,#1357,#641,.T.);
#1674=EDGE_CURVE('',#1361,#1362,#642,.T.);
#1675=EDGE_CURVE('',#1359,#1362,#643,.T.);
#1676=EDGE_CURVE('',#1363,#1361,#644,.T.);
#1677=EDGE_CURVE('',#1363,#1364,#645,.T.);
#1678=EDGE_CURVE('',#1362,#1364,#646,.T.);
#1679=EDGE_CURVE('',#1358,#1363,#647,.T.);
#1680=EDGE_CURVE('',#1364,#1360,#648,.T.);
#1681=EDGE_CURVE('',#1365,#1366,#649,.T.);
#1682=EDGE_CURVE('',#1365,#1367,#650,.T.);
#1683=EDGE_CURVE('',#1368,#1367,#651,.T.);
#1684=EDGE_CURVE('',#1366,#1368,#652,.T.);
#1685=EDGE_CURVE('',#1369,#1365,#91,.T.);
#1686=EDGE_CURVE('',#1369,#1370,#653,.T.);
#1687=EDGE_CURVE('',#1367,#1370,#92,.T.);
#1688=EDGE_CURVE('',#1371,#1369,#654,.T.);
#1689=EDGE_CURVE('',#1371,#1372,#655,.T.);
#1690=EDGE_CURVE('',#1370,#1372,#656,.T.);
#1691=EDGE_CURVE('',#1373,#1371,#93,.T.);
#1692=EDGE_CURVE('',#1373,#1374,#657,.T.);
#1693=EDGE_CURVE('',#1372,#1374,#94,.T.);
#1694=EDGE_CURVE('',#1375,#1373,#658,.T.);
#1695=EDGE_CURVE('',#1375,#1376,#659,.T.);
#1696=EDGE_CURVE('',#1374,#1376,#660,.T.);
#1697=EDGE_CURVE('',#1377,#1375,#95,.T.);
#1698=EDGE_CURVE('',#1377,#1378,#661,.T.);
#1699=EDGE_CURVE('',#1376,#1378,#96,.T.);
#1700=EDGE_CURVE('',#1379,#1377,#662,.T.);
#1701=EDGE_CURVE('',#1379,#1380,#663,.T.);
#1702=EDGE_CURVE('',#1378,#1380,#664,.T.);
#1703=EDGE_CURVE('',#1366,#1379,#97,.T.);
#1704=EDGE_CURVE('',#1380,#1368,#98,.T.);
#1705=EDGE_CURVE('',#1381,#1381,#99,.T.);
#1706=EDGE_CURVE('',#1381,#1382,#665,.T.);
#1707=EDGE_CURVE('',#1382,#1382,#100,.T.);
#1708=EDGE_CURVE('',#1383,#1383,#101,.T.);
#1709=EDGE_CURVE('',#1383,#1384,#666,.T.);
#1710=EDGE_CURVE('',#1384,#1384,#102,.T.);
#1711=EDGE_CURVE('',#1385,#1385,#103,.T.);
#1712=EDGE_CURVE('',#1385,#1386,#667,.T.);
#1713=EDGE_CURVE('',#1386,#1386,#104,.T.);
#1714=EDGE_CURVE('',#1387,#1387,#105,.T.);
#1715=EDGE_CURVE('',#1387,#1388,#668,.T.);
#1716=EDGE_CURVE('',#1388,#1388,#106,.T.);
#1717=EDGE_CURVE('',#1389,#1389,#107,.T.);
#1718=EDGE_CURVE('',#1389,#1390,#669,.T.);
#1719=EDGE_CURVE('',#1390,#1390,#108,.T.);
#1720=EDGE_CURVE('',#1391,#1392,#670,.T.);
#1721=EDGE_CURVE('',#1392,#1393,#671,.T.);
#1722=EDGE_CURVE('',#1394,#1393,#672,.T.);
#1723=EDGE_CURVE('',#1391,#1394,#673,.T.);
#1724=EDGE_CURVE('',#1395,#1391,#674,.T.);
#1725=EDGE_CURVE('',#1396,#1394,#675,.T.);
#1726=EDGE_CURVE('',#1395,#1396,#676,.T.);
#1727=EDGE_CURVE('',#1397,#1395,#677,.T.);
#1728=EDGE_CURVE('',#1398,#1396,#678,.T.);
#1729=EDGE_CURVE('',#1397,#1398,#679,.T.);
#1730=EDGE_CURVE('',#1399,#1397,#680,.T.);
#1731=EDGE_CURVE('',#1400,#1398,#681,.T.);
#1732=EDGE_CURVE('',#1399,#1400,#682,.T.);
#1733=EDGE_CURVE('',#1401,#1399,#683,.T.);
#1734=EDGE_CURVE('',#1402,#1400,#684,.T.);
#1735=EDGE_CURVE('',#1401,#1402,#685,.T.);
#1736=EDGE_CURVE('',#1403,#1401,#686,.T.);
#1737=EDGE_CURVE('',#1404,#1402,#687,.T.);
#1738=EDGE_CURVE('',#1403,#1404,#688,.T.);
#1739=EDGE_CURVE('',#1405,#1403,#689,.T.);
#1740=EDGE_CURVE('',#1406,#1404,#690,.T.);
#1741=EDGE_CURVE('',#1405,#1406,#691,.T.);
#1742=EDGE_CURVE('',#1407,#1405,#692,.T.);
#1743=EDGE_CURVE('',#1408,#1406,#693,.T.);
#1744=EDGE_CURVE('',#1407,#1408,#694,.T.);
#1745=EDGE_CURVE('',#1409,#1407,#695,.T.);
#1746=EDGE_CURVE('',#1410,#1408,#696,.T.);
#1747=EDGE_CURVE('',#1409,#1410,#697,.T.);
#1748=EDGE_CURVE('',#1411,#1409,#698,.T.);
#1749=EDGE_CURVE('',#1412,#1410,#699,.T.);
#1750=EDGE_CURVE('',#1411,#1412,#700,.T.);
#1751=EDGE_CURVE('',#1413,#1411,#701,.T.);
#1752=EDGE_CURVE('',#1414,#1412,#702,.T.);
#1753=EDGE_CURVE('',#1413,#1414,#703,.T.);
#1754=EDGE_CURVE('',#1392,#1413,#704,.T.);
#1755=EDGE_CURVE('',#1393,#1414,#705,.T.);
#1756=EDGE_CURVE('',#1415,#1415,#109,.T.);
#1757=EDGE_CURVE('',#1415,#1416,#706,.T.);
#1758=EDGE_CURVE('',#1416,#1416,#110,.T.);
#1759=EDGE_CURVE('',#1417,#1418,#707,.T.);
#1760=EDGE_CURVE('',#1417,#1419,#708,.T.);
#1761=EDGE_CURVE('',#1420,#1419,#709,.T.);
#1762=EDGE_CURVE('',#1418,#1420,#710,.T.);
#1763=EDGE_CURVE('',#1421,#1418,#111,.T.);
#1764=EDGE_CURVE('',#1422,#1420,#112,.T.);
#1765=EDGE_CURVE('',#1421,#1422,#711,.T.);
#1766=EDGE_CURVE('',#1421,#1423,#712,.T.);
#1767=EDGE_CURVE('',#1424,#1422,#713,.T.);
#1768=EDGE_CURVE('',#1423,#1424,#714,.T.);
#1769=EDGE_CURVE('',#1425,#1423,#113,.T.);
#1770=EDGE_CURVE('',#1426,#1424,#114,.T.);
#1771=EDGE_CURVE('',#1425,#1426,#715,.T.);
#1772=EDGE_CURVE('',#1425,#1427,#716,.T.);
#1773=EDGE_CURVE('',#1428,#1426,#717,.T.);
#1774=EDGE_CURVE('',#1427,#1428,#718,.T.);
#1775=EDGE_CURVE('',#1429,#1427,#115,.T.);
#1776=EDGE_CURVE('',#1430,#1428,#116,.T.);
#1777=EDGE_CURVE('',#1429,#1430,#719,.T.);
#1778=EDGE_CURVE('',#1429,#1431,#720,.T.);
#1779=EDGE_CURVE('',#1432,#1430,#721,.T.);
#1780=EDGE_CURVE('',#1431,#1432,#722,.T.);
#1781=EDGE_CURVE('',#1417,#1431,#117,.T.);
#1782=EDGE_CURVE('',#1419,#1432,#118,.T.);
#1783=EDGE_CURVE('',#1433,#1434,#723,.T.);
#1784=EDGE_CURVE('',#1433,#1435,#724,.T.);
#1785=EDGE_CURVE('',#1436,#1435,#725,.T.);
#1786=EDGE_CURVE('',#1434,#1436,#726,.T.);
#1787=EDGE_CURVE('',#1437,#1433,#727,.T.);
#1788=EDGE_CURVE('',#1437,#1438,#728,.T.);
#1789=EDGE_CURVE('',#1435,#1438,#729,.T.);
#1790=EDGE_CURVE('',#1439,#1437,#730,.T.);
#1791=EDGE_CURVE('',#1439,#1440,#731,.T.);
#1792=EDGE_CURVE('',#1438,#1440,#732,.T.);
#1793=EDGE_CURVE('',#1434,#1439,#733,.T.);
#1794=EDGE_CURVE('',#1440,#1436,#734,.T.);
#1795=EDGE_CURVE('',#1441,#1442,#735,.T.);
#1796=EDGE_CURVE('',#1441,#1443,#736,.T.);
#1797=EDGE_CURVE('',#1444,#1443,#737,.T.);
#1798=EDGE_CURVE('',#1442,#1444,#738,.T.);
#1799=EDGE_CURVE('',#1445,#1441,#739,.T.);
#1800=EDGE_CURVE('',#1445,#1446,#740,.T.);
#1801=EDGE_CURVE('',#1443,#1446,#741,.T.);
#1802=EDGE_CURVE('',#1447,#1445,#742,.T.);
#1803=EDGE_CURVE('',#1447,#1448,#743,.T.);
#1804=EDGE_CURVE('',#1446,#1448,#744,.T.);
#1805=EDGE_CURVE('',#1442,#1447,#745,.T.);
#1806=EDGE_CURVE('',#1448,#1444,#746,.T.);
#1807=EDGE_CURVE('',#1449,#1450,#747,.T.);
#1808=EDGE_CURVE('',#1449,#1451,#748,.T.);
#1809=EDGE_CURVE('',#1452,#1451,#749,.T.);
#1810=EDGE_CURVE('',#1450,#1452,#750,.T.);
#1811=EDGE_CURVE('',#1453,#1449,#751,.T.);
#1812=EDGE_CURVE('',#1453,#1454,#752,.T.);
#1813=EDGE_CURVE('',#1451,#1454,#753,.T.);
#1814=EDGE_CURVE('',#1455,#1453,#754,.T.);
#1815=EDGE_CURVE('',#1455,#1456,#755,.T.);
#1816=EDGE_CURVE('',#1454,#1456,#756,.T.);
#1817=EDGE_CURVE('',#1450,#1455,#757,.T.);
#1818=EDGE_CURVE('',#1456,#1452,#758,.T.);
#1819=EDGE_CURVE('',#1457,#1458,#759,.T.);
#1820=EDGE_CURVE('',#1457,#1459,#760,.T.);
#1821=EDGE_CURVE('',#1460,#1459,#761,.T.);
#1822=EDGE_CURVE('',#1458,#1460,#762,.T.);
#1823=EDGE_CURVE('',#1461,#1457,#763,.T.);
#1824=EDGE_CURVE('',#1461,#1462,#764,.T.);
#1825=EDGE_CURVE('',#1459,#1462,#765,.T.);
#1826=EDGE_CURVE('',#1463,#1461,#766,.T.);
#1827=EDGE_CURVE('',#1463,#1464,#767,.T.);
#1828=EDGE_CURVE('',#1462,#1464,#768,.T.);
#1829=EDGE_CURVE('',#1458,#1463,#769,.T.);
#1830=EDGE_CURVE('',#1464,#1460,#770,.T.);
#1831=EDGE_CURVE('',#1465,#1465,#119,.T.);
#1832=EDGE_CURVE('',#1465,#1466,#771,.T.);
#1833=EDGE_CURVE('',#1466,#1466,#120,.T.);
#1834=EDGE_CURVE('',#1467,#1467,#121,.T.);
#1835=EDGE_CURVE('',#1467,#1468,#772,.T.);
#1836=EDGE_CURVE('',#1468,#1468,#122,.T.);
#1837=EDGE_CURVE('',#1469,#1469,#123,.T.);
#1838=EDGE_CURVE('',#1469,#1470,#773,.T.);
#1839=EDGE_CURVE('',#1470,#1470,#124,.T.);
#1840=EDGE_CURVE('',#1471,#1471,#125,.T.);
#1841=EDGE_CURVE('',#1471,#1472,#774,.T.);
#1842=EDGE_CURVE('',#1472,#1472,#126,.T.);
#1843=EDGE_CURVE('',#1473,#1474,#775,.T.);
#1844=EDGE_CURVE('',#1474,#1475,#776,.T.);
#1845=EDGE_CURVE('',#1476,#1475,#777,.T.);
#1846=EDGE_CURVE('',#1473,#1476,#778,.T.);
#1847=EDGE_CURVE('',#1477,#1473,#127,.T.);
#1848=EDGE_CURVE('',#1478,#1476,#128,.T.);
#1849=EDGE_CURVE('',#1477,#1478,#779,.T.);
#1850=EDGE_CURVE('',#1479,#1477,#780,.T.);
#1851=EDGE_CURVE('',#1480,#1478,#781,.T.);
#1852=EDGE_CURVE('',#1479,#1480,#782,.T.);
#1853=EDGE_CURVE('',#1481,#1479,#129,.T.);
#1854=EDGE_CURVE('',#1482,#1480,#130,.T.);
#1855=EDGE_CURVE('',#1481,#1482,#783,.T.);
#1856=EDGE_CURVE('',#1483,#1481,#784,.T.);
#1857=EDGE_CURVE('',#1484,#1482,#785,.T.);
#1858=EDGE_CURVE('',#1483,#1484,#786,.T.);
#1859=EDGE_CURVE('',#1485,#1483,#131,.T.);
#1860=EDGE_CURVE('',#1486,#1484,#132,.T.);
#1861=EDGE_CURVE('',#1485,#1486,#787,.T.);
#1862=EDGE_CURVE('',#1487,#1485,#788,.T.);
#1863=EDGE_CURVE('',#1488,#1486,#789,.T.);
#1864=EDGE_CURVE('',#1487,#1488,#790,.T.);
#1865=EDGE_CURVE('',#1474,#1487,#133,.T.);
#1866=EDGE_CURVE('',#1475,#1488,#134,.T.);
#1867=EDGE_CURVE('',#1489,#1490,#791,.T.);
#1868=EDGE_CURVE('',#1490,#1491,#792,.T.);
#1869=EDGE_CURVE('',#1492,#1491,#793,.T.);
#1870=EDGE_CURVE('',#1489,#1492,#794,.T.);
#1871=EDGE_CURVE('',#1493,#1489,#795,.T.);
#1872=EDGE_CURVE('',#1494,#1492,#796,.T.);
#1873=EDGE_CURVE('',#1493,#1494,#797,.T.);
#1874=EDGE_CURVE('',#1495,#1493,#798,.T.);
#1875=EDGE_CURVE('',#1496,#1494,#799,.T.);
#1876=EDGE_CURVE('',#1495,#1496,#800,.T.);
#1877=EDGE_CURVE('',#1497,#1495,#801,.T.);
#1878=EDGE_CURVE('',#1498,#1496,#802,.T.);
#1879=EDGE_CURVE('',#1497,#1498,#803,.T.);
#1880=EDGE_CURVE('',#1499,#1497,#804,.T.);
#1881=EDGE_CURVE('',#1500,#1498,#805,.T.);
#1882=EDGE_CURVE('',#1499,#1500,#806,.T.);
#1883=EDGE_CURVE('',#1501,#1499,#807,.T.);
#1884=EDGE_CURVE('',#1502,#1500,#808,.T.);
#1885=EDGE_CURVE('',#1501,#1502,#809,.T.);
#1886=EDGE_CURVE('',#1503,#1501,#810,.T.);
#1887=EDGE_CURVE('',#1504,#1502,#811,.T.);
#1888=EDGE_CURVE('',#1503,#1504,#812,.T.);
#1889=EDGE_CURVE('',#1505,#1503,#813,.T.);
#1890=EDGE_CURVE('',#1506,#1504,#814,.T.);
#1891=EDGE_CURVE('',#1505,#1506,#815,.T.);
#1892=EDGE_CURVE('',#1507,#1505,#816,.T.);
#1893=EDGE_CURVE('',#1508,#1506,#817,.T.);
#1894=EDGE_CURVE('',#1507,#1508,#818,.T.);
#1895=EDGE_CURVE('',#1509,#1507,#819,.T.);
#1896=EDGE_CURVE('',#1510,#1508,#820,.T.);
#1897=EDGE_CURVE('',#1509,#1510,#821,.T.);
#1898=EDGE_CURVE('',#1511,#1509,#822,.T.);
#1899=EDGE_CURVE('',#1512,#1510,#823,.T.);
#1900=EDGE_CURVE('',#1511,#1512,#824,.T.);
#1901=EDGE_CURVE('',#1490,#1511,#825,.T.);
#1902=EDGE_CURVE('',#1491,#1512,#826,.T.);
#1903=EDGE_CURVE('',#1513,#1513,#135,.T.);
#1904=EDGE_CURVE('',#1513,#1514,#827,.T.);
#1905=EDGE_CURVE('',#1514,#1514,#136,.T.);
#1906=EDGE_CURVE('',#1515,#1515,#137,.T.);
#1907=EDGE_CURVE('',#1515,#1516,#828,.T.);
#1908=EDGE_CURVE('',#1516,#1516,#138,.T.);
#1909=EDGE_CURVE('',#1517,#1518,#829,.T.);
#1910=EDGE_CURVE('',#1517,#1519,#830,.T.);
#1911=EDGE_CURVE('',#1520,#1519,#831,.T.);
#1912=EDGE_CURVE('',#1518,#1520,#832,.T.);
#1913=EDGE_CURVE('',#1521,#1518,#139,.T.);
#1914=EDGE_CURVE('',#1522,#1520,#140,.T.);
#1915=EDGE_CURVE('',#1521,#1522,#833,.T.);
#1916=EDGE_CURVE('',#1521,#1523,#834,.T.);
#1917=EDGE_CURVE('',#1524,#1522,#835,.T.);
#1918=EDGE_CURVE('',#1523,#1524,#836,.T.);
#1919=EDGE_CURVE('',#1525,#1523,#141,.T.);
#1920=EDGE_CURVE('',#1526,#1524,#142,.T.);
#1921=EDGE_CURVE('',#1525,#1526,#837,.T.);
#1922=EDGE_CURVE('',#1525,#1527,#838,.T.);
#1923=EDGE_CURVE('',#1528,#1526,#839,.T.);
#1924=EDGE_CURVE('',#1527,#1528,#840,.T.);
#1925=EDGE_CURVE('',#1529,#1527,#143,.T.);
#1926=EDGE_CURVE('',#1530,#1528,#144,.T.);
#1927=EDGE_CURVE('',#1529,#1530,#841,.T.);
#1928=EDGE_CURVE('',#1529,#1531,#842,.T.);
#1929=EDGE_CURVE('',#1532,#1530,#843,.T.);
#1930=EDGE_CURVE('',#1531,#1532,#844,.T.);
#1931=EDGE_CURVE('',#1517,#1531,#145,.T.);
#1932=EDGE_CURVE('',#1519,#1532,#146,.T.);
#1933=EDGE_CURVE('',#1533,#1534,#845,.T.);
#1934=EDGE_CURVE('',#1534,#1535,#846,.T.);
#1935=EDGE_CURVE('',#1536,#1535,#847,.T.);
#1936=EDGE_CURVE('',#1533,#1536,#848,.T.);
#1937=EDGE_CURVE('',#1537,#1533,#147,.T.);
#1938=EDGE_CURVE('',#1538,#1536,#148,.T.);
#1939=EDGE_CURVE('',#1537,#1538,#849,.T.);
#1940=EDGE_CURVE('',#1539,#1537,#850,.T.);
#1941=EDGE_CURVE('',#1540,#1538,#851,.T.);
#1942=EDGE_CURVE('',#1539,#1540,#852,.T.);
#1943=EDGE_CURVE('',#1541,#1539,#149,.T.);
#1944=EDGE_CURVE('',#1542,#1540,#150,.T.);
#1945=EDGE_CURVE('',#1541,#1542,#853,.T.);
#1946=EDGE_CURVE('',#1543,#1541,#854,.T.);
#1947=EDGE_CURVE('',#1544,#1542,#855,.T.);
#1948=EDGE_CURVE('',#1543,#1544,#856,.T.);
#1949=EDGE_CURVE('',#1545,#1543,#151,.T.);
#1950=EDGE_CURVE('',#1546,#1544,#152,.T.);
#1951=EDGE_CURVE('',#1545,#1546,#857,.T.);
#1952=EDGE_CURVE('',#1547,#1545,#858,.T.);
#1953=EDGE_CURVE('',#1548,#1546,#859,.T.);
#1954=EDGE_CURVE('',#1547,#1548,#860,.T.);
#1955=EDGE_CURVE('',#1534,#1547,#153,.T.);
#1956=EDGE_CURVE('',#1535,#1548,#154,.T.);
#1957=EDGE_CURVE('',#1549,#1550,#861,.T.);
#1958=EDGE_CURVE('',#1550,#1551,#862,.T.);
#1959=EDGE_CURVE('',#1552,#1551,#863,.T.);
#1960=EDGE_CURVE('',#1549,#1552,#864,.T.);
#1961=EDGE_CURVE('',#1553,#1549,#865,.T.);
#1962=EDGE_CURVE('',#1554,#1552,#866,.T.);
#1963=EDGE_CURVE('',#1553,#1554,#867,.T.);
#1964=EDGE_CURVE('',#1555,#1553,#868,.T.);
#1965=EDGE_CURVE('',#1556,#1554,#869,.T.);
#1966=EDGE_CURVE('',#1555,#1556,#870,.T.);
#1967=EDGE_CURVE('',#1557,#1555,#871,.T.);
#1968=EDGE_CURVE('',#1558,#1556,#872,.T.);
#1969=EDGE_CURVE('',#1557,#1558,#873,.T.);
#1970=EDGE_CURVE('',#1559,#1557,#874,.T.);
#1971=EDGE_CURVE('',#1560,#1558,#875,.T.);
#1972=EDGE_CURVE('',#1559,#1560,#876,.T.);
#1973=EDGE_CURVE('',#1561,#1559,#877,.T.);
#1974=EDGE_CURVE('',#1562,#1560,#878,.T.);
#1975=EDGE_CURVE('',#1561,#1562,#879,.T.);
#1976=EDGE_CURVE('',#1563,#1561,#880,.T.);
#1977=EDGE_CURVE('',#1564,#1562,#881,.T.);
#1978=EDGE_CURVE('',#1563,#1564,#882,.T.);
#1979=EDGE_CURVE('',#1565,#1563,#883,.T.);
#1980=EDGE_CURVE('',#1566,#1564,#884,.T.);
#1981=EDGE_CURVE('',#1565,#1566,#885,.T.);
#1982=EDGE_CURVE('',#1567,#1565,#886,.T.);
#1983=EDGE_CURVE('',#1568,#1566,#887,.T.);
#1984=EDGE_CURVE('',#1567,#1568,#888,.T.);
#1985=EDGE_CURVE('',#1569,#1567,#889,.T.);
#1986=EDGE_CURVE('',#1570,#1568,#890,.T.);
#1987=EDGE_CURVE('',#1569,#1570,#891,.T.);
#1988=EDGE_CURVE('',#1571,#1569,#892,.T.);
#1989=EDGE_CURVE('',#1572,#1570,#893,.T.);
#1990=EDGE_CURVE('',#1571,#1572,#894,.T.);
#1991=EDGE_CURVE('',#1550,#1571,#895,.T.);
#1992=EDGE_CURVE('',#1551,#1572,#896,.T.);
#1993=EDGE_CURVE('',#1573,#1574,#897,.T.);
#1994=EDGE_CURVE('',#1574,#1575,#898,.T.);
#1995=EDGE_CURVE('',#1576,#1575,#899,.T.);
#1996=EDGE_CURVE('',#1573,#1576,#900,.T.);
#1997=EDGE_CURVE('',#1577,#1573,#901,.T.);
#1998=EDGE_CURVE('',#1578,#1576,#902,.T.);
#1999=EDGE_CURVE('',#1577,#1578,#903,.T.);
#2000=EDGE_CURVE('',#1579,#1577,#904,.T.);
#2001=EDGE_CURVE('',#1580,#1578,#905,.T.);
#2002=EDGE_CURVE('',#1579,#1580,#906,.T.);
#2003=EDGE_CURVE('',#1574,#1579,#907,.T.);
#2004=EDGE_CURVE('',#1575,#1580,#908,.T.);
#2005=EDGE_CURVE('',#1581,#1582,#909,.T.);
#2006=EDGE_CURVE('',#1582,#1583,#910,.T.);
#2007=EDGE_CURVE('',#1584,#1583,#911,.T.);
#2008=EDGE_CURVE('',#1581,#1584,#912,.T.);
#2009=EDGE_CURVE('',#1585,#1581,#913,.T.);
#2010=EDGE_CURVE('',#1586,#1584,#914,.T.);
#2011=EDGE_CURVE('',#1585,#1586,#915,.T.);
#2012=EDGE_CURVE('',#1587,#1585,#916,.T.);
#2013=EDGE_CURVE('',#1588,#1586,#917,.T.);
#2014=EDGE_CURVE('',#1587,#1588,#918,.T.);
#2015=EDGE_CURVE('',#1582,#1587,#919,.T.);
#2016=EDGE_CURVE('',#1583,#1588,#920,.T.);
#2017=EDGE_CURVE('',#1589,#1590,#921,.T.);
#2018=EDGE_CURVE('',#1590,#1591,#922,.T.);
#2019=EDGE_CURVE('',#1592,#1591,#923,.T.);
#2020=EDGE_CURVE('',#1589,#1592,#924,.T.);
#2021=EDGE_CURVE('',#1593,#1589,#925,.T.);
#2022=EDGE_CURVE('',#1594,#1592,#926,.T.);
#2023=EDGE_CURVE('',#1593,#1594,#927,.T.);
#2024=EDGE_CURVE('',#1595,#1593,#928,.T.);
#2025=EDGE_CURVE('',#1596,#1594,#929,.T.);
#2026=EDGE_CURVE('',#1595,#1596,#930,.T.);
#2027=EDGE_CURVE('',#1590,#1595,#931,.T.);
#2028=EDGE_CURVE('',#1591,#1596,#932,.T.);
#2029=EDGE_CURVE('',#1597,#1597,#155,.T.);
#2030=EDGE_CURVE('',#1597,#1598,#933,.T.);
#2031=EDGE_CURVE('',#1598,#1598,#156,.T.);
#2032=EDGE_CURVE('',#1599,#1600,#934,.T.);
#2033=EDGE_CURVE('',#1600,#1601,#935,.T.);
#2034=EDGE_CURVE('',#1602,#1601,#936,.T.);
#2035=EDGE_CURVE('',#1599,#1602,#937,.T.);
#2036=EDGE_CURVE('',#1603,#1599,#938,.T.);
#2037=EDGE_CURVE('',#1604,#1602,#939,.T.);
#2038=EDGE_CURVE('',#1603,#1604,#940,.T.);
#2039=EDGE_CURVE('',#1605,#1603,#941,.T.);
#2040=EDGE_CURVE('',#1606,#1604,#942,.T.);
#2041=EDGE_CURVE('',#1605,#1606,#943,.T.);
#2042=EDGE_CURVE('',#1600,#1605,#944,.T.);
#2043=EDGE_CURVE('',#1601,#1606,#945,.T.);
#2044=EDGE_CURVE('',#1607,#1607,#157,.T.);
#2045=EDGE_CURVE('',#1607,#1608,#946,.T.);
#2046=EDGE_CURVE('',#1608,#1608,#158,.T.);
#2047=EDGE_CURVE('',#1609,#1609,#159,.T.);
#2048=EDGE_CURVE('',#1609,#1610,#947,.T.);
#2049=EDGE_CURVE('',#1610,#1610,#160,.T.);
#2050=EDGE_CURVE('',#1611,#1611,#161,.T.);
#2051=EDGE_CURVE('',#1611,#1612,#948,.T.);
#2052=EDGE_CURVE('',#1612,#1612,#162,.T.);
#2053=EDGE_CURVE('',#1613,#1613,#163,.T.);
#2054=EDGE_CURVE('',#1613,#1614,#949,.T.);
#2055=EDGE_CURVE('',#1614,#1614,#164,.T.);
#2056=EDGE_CURVE('',#1615,#1615,#165,.T.);
#2057=EDGE_CURVE('',#1615,#1616,#950,.T.);
#2058=EDGE_CURVE('',#1616,#1616,#166,.T.);
#2059=EDGE_CURVE('',#1617,#1618,#951,.T.);
#2060=EDGE_CURVE('',#1617,#1619,#952,.T.);
#2061=EDGE_CURVE('',#1620,#1619,#953,.T.);
#2062=EDGE_CURVE('',#1618,#1620,#954,.T.);
#2063=EDGE_CURVE('',#1621,#1618,#167,.T.);
#2064=EDGE_CURVE('',#1622,#1620,#168,.T.);
#2065=EDGE_CURVE('',#1621,#1622,#955,.T.);
#2066=EDGE_CURVE('',#1621,#1623,#956,.T.);
#2067=EDGE_CURVE('',#1624,#1622,#957,.T.);
#2068=EDGE_CURVE('',#1623,#1624,#958,.T.);
#2069=EDGE_CURVE('',#1625,#1623,#169,.T.);
#2070=EDGE_CURVE('',#1626,#1624,#170,.T.);
#2071=EDGE_CURVE('',#1625,#1626,#959,.T.);
#2072=EDGE_CURVE('',#1625,#1627,#960,.T.);
#2073=EDGE_CURVE('',#1628,#1626,#961,.T.);
#2074=EDGE_CURVE('',#1627,#1628,#962,.T.);
#2075=EDGE_CURVE('',#1629,#1627,#171,.T.);
#2076=EDGE_CURVE('',#1630,#1628,#172,.T.);
#2077=EDGE_CURVE('',#1629,#1630,#963,.T.);
#2078=EDGE_CURVE('',#1629,#1631,#964,.T.);
#2079=EDGE_CURVE('',#1632,#1630,#965,.T.);
#2080=EDGE_CURVE('',#1631,#1632,#966,.T.);
#2081=EDGE_CURVE('',#1617,#1631,#173,.T.);
#2082=EDGE_CURVE('',#1619,#1632,#174,.T.);
#2083=ORIENTED_EDGE('',*,*,#1633,.F.);
#2084=ORIENTED_EDGE('',*,*,#1634,.T.);
#2085=ORIENTED_EDGE('',*,*,#1635,.F.);
#2086=ORIENTED_EDGE('',*,*,#1636,.F.);
#2087=ORIENTED_EDGE('',*,*,#1637,.F.);
#2088=ORIENTED_EDGE('',*,*,#1638,.T.);
#2089=ORIENTED_EDGE('',*,*,#1639,.F.);
#2090=ORIENTED_EDGE('',*,*,#1634,.F.);
#2091=ORIENTED_EDGE('',*,*,#1640,.F.);
#2092=ORIENTED_EDGE('',*,*,#1641,.T.);
#2093=ORIENTED_EDGE('',*,*,#1642,.F.);
#2094=ORIENTED_EDGE('',*,*,#1638,.F.);
#2095=ORIENTED_EDGE('',*,*,#1643,.F.);
#2096=ORIENTED_EDGE('',*,*,#1636,.T.);
#2097=ORIENTED_EDGE('',*,*,#1644,.F.);
#2098=ORIENTED_EDGE('',*,*,#1641,.F.);
#2099=ORIENTED_EDGE('',*,*,#1645,.F.);
#2100=ORIENTED_EDGE('',*,*,#1646,.T.);
#2101=ORIENTED_EDGE('',*,*,#1647,.F.);
#2102=ORIENTED_EDGE('',*,*,#1648,.F.);
#2103=ORIENTED_EDGE('',*,*,#1649,.F.);
#2104=ORIENTED_EDGE('',*,*,#1650,.T.);
#2105=ORIENTED_EDGE('',*,*,#1651,.F.);
#2106=ORIENTED_EDGE('',*,*,#1646,.F.);
#2107=ORIENTED_EDGE('',*,*,#1652,.F.);
#2108=ORIENTED_EDGE('',*,*,#1653,.T.);
#2109=ORIENTED_EDGE('',*,*,#1654,.F.);
#2110=ORIENTED_EDGE('',*,*,#1650,.F.);
#2111=ORIENTED_EDGE('',*,*,#1655,.F.);
#2112=ORIENTED_EDGE('',*,*,#1648,.T.);
#2113=ORIENTED_EDGE('',*,*,#1656,.F.);
#2114=ORIENTED_EDGE('',*,*,#1653,.F.);
#2115=ORIENTED_EDGE('',*,*,#1657,.F.);
#2116=ORIENTED_EDGE('',*,*,#1658,.T.);
#2117=ORIENTED_EDGE('',*,*,#1659,.F.);
#2118=ORIENTED_EDGE('',*,*,#1660,.F.);
#2119=ORIENTED_EDGE('',*,*,#1661,.F.);
#2120=ORIENTED_EDGE('',*,*,#1662,.T.);
#2121=ORIENTED_EDGE('',*,*,#1663,.F.);
#2122=ORIENTED_EDGE('',*,*,#1658,.F.);
#2123=ORIENTED_EDGE('',*,*,#1664,.F.);
#2124=ORIENTED_EDGE('',*,*,#1665,.T.);
#2125=ORIENTED_EDGE('',*,*,#1666,.F.);
#2126=ORIENTED_EDGE('',*,*,#1662,.F.);
#2127=ORIENTED_EDGE('',*,*,#1667,.F.);
#2128=ORIENTED_EDGE('',*,*,#1660,.T.);
#2129=ORIENTED_EDGE('',*,*,#1668,.F.);
#2130=ORIENTED_EDGE('',*,*,#1665,.F.);
#2131=ORIENTED_EDGE('',*,*,#1669,.F.);
#2132=ORIENTED_EDGE('',*,*,#1670,.T.);
#2133=ORIENTED_EDGE('',*,*,#1671,.F.);
#2134=ORIENTED_EDGE('',*,*,#1672,.F.);
#2135=ORIENTED_EDGE('',*,*,#1673,.F.);
#2136=ORIENTED_EDGE('',*,*,#1674,.T.);
#2137=ORIENTED_EDGE('',*,*,#1675,.F.);
#2138=ORIENTED_EDGE('',*,*,#1670,.F.);
#2139=ORIENTED_EDGE('',*,*,#1676,.F.);
#2140=ORIENTED_EDGE('',*,*,#1677,.T.);
#2141=ORIENTED_EDGE('',*,*,#1678,.F.);
#2142=ORIENTED_EDGE('',*,*,#1674,.F.);
#2143=ORIENTED_EDGE('',*,*,#1679,.F.);
#2144=ORIENTED_EDGE('',*,*,#1672,.T.);
#2145=ORIENTED_EDGE('',*,*,#1680,.F.);
#2146=ORIENTED_EDGE('',*,*,#1677,.F.);
#2147=ORIENTED_EDGE('',*,*,#1681,.F.);
#2148=ORIENTED_EDGE('',*,*,#1682,.T.);
#2149=ORIENTED_EDGE('',*,*,#1683,.F.);
#2150=ORIENTED_EDGE('',*,*,#1684,.F.);
#2151=ORIENTED_EDGE('',*,*,#1685,.F.);
#2152=ORIENTED_EDGE('',*,*,#1686,.T.);
#2153=ORIENTED_EDGE('',*,*,#1687,.F.);
#2154=ORIENTED_EDGE('',*,*,#1682,.F.);
#2155=ORIENTED_EDGE('',*,*,#1688,.F.);
#2156=ORIENTED_EDGE('',*,*,#1689,.T.);
#2157=ORIENTED_EDGE('',*,*,#1690,.F.);
#2158=ORIENTED_EDGE('',*,*,#1686,.F.);
#2159=ORIENTED_EDGE('',*,*,#1691,.F.);
#2160=ORIENTED_EDGE('',*,*,#1692,.T.);
#2161=ORIENTED_EDGE('',*,*,#1693,.F.);
#2162=ORIENTED_EDGE('',*,*,#1689,.F.);
#2163=ORIENTED_EDGE('',*,*,#1694,.F.);
#2164=ORIENTED_EDGE('',*,*,#1695,.T.);
#2165=ORIENTED_EDGE('',*,*,#1696,.F.);
#2166=ORIENTED_EDGE('',*,*,#1692,.F.);
#2167=ORIENTED_EDGE('',*,*,#1697,.F.);
#2168=ORIENTED_EDGE('',*,*,#1698,.T.);
#2169=ORIENTED_EDGE('',*,*,#1699,.F.);
#2170=ORIENTED_EDGE('',*,*,#1695,.F.);
#2171=ORIENTED_EDGE('',*,*,#1700,.F.);
#2172=ORIENTED_EDGE('',*,*,#1701,.T.);
#2173=ORIENTED_EDGE('',*,*,#1702,.F.);
#2174=ORIENTED_EDGE('',*,*,#1698,.F.);
#2175=ORIENTED_EDGE('',*,*,#1703,.F.);
#2176=ORIENTED_EDGE('',*,*,#1684,.T.);
#2177=ORIENTED_EDGE('',*,*,#1704,.F.);
#2178=ORIENTED_EDGE('',*,*,#1701,.F.);
#2179=ORIENTED_EDGE('',*,*,#1705,.F.);
#2180=ORIENTED_EDGE('',*,*,#1706,.T.);
#2181=ORIENTED_EDGE('',*,*,#1707,.T.);
#2182=ORIENTED_EDGE('',*,*,#1706,.F.);
#2183=ORIENTED_EDGE('',*,*,#1708,.F.);
#2184=ORIENTED_EDGE('',*,*,#1709,.T.);
#2185=ORIENTED_EDGE('',*,*,#1710,.T.);
#2186=ORIENTED_EDGE('',*,*,#1709,.F.);
#2187=ORIENTED_EDGE('',*,*,#1711,.F.);
#2188=ORIENTED_EDGE('',*,*,#1712,.T.);
#2189=ORIENTED_EDGE('',*,*,#1713,.T.);
#2190=ORIENTED_EDGE('',*,*,#1712,.F.);
#2191=ORIENTED_EDGE('',*,*,#1714,.F.);
#2192=ORIENTED_EDGE('',*,*,#1715,.T.);
#2193=ORIENTED_EDGE('',*,*,#1716,.T.);
#2194=ORIENTED_EDGE('',*,*,#1715,.F.);
#2195=ORIENTED_EDGE('',*,*,#1717,.F.);
#2196=ORIENTED_EDGE('',*,*,#1718,.T.);
#2197=ORIENTED_EDGE('',*,*,#1719,.T.);
#2198=ORIENTED_EDGE('',*,*,#1718,.F.);
#2199=ORIENTED_EDGE('',*,*,#1720,.T.);
#2200=ORIENTED_EDGE('',*,*,#1721,.T.);
#2201=ORIENTED_EDGE('',*,*,#1722,.F.);
#2202=ORIENTED_EDGE('',*,*,#1723,.F.);
#2203=ORIENTED_EDGE('',*,*,#1724,.T.);
#2204=ORIENTED_EDGE('',*,*,#1723,.T.);
#2205=ORIENTED_EDGE('',*,*,#1725,.F.);
#2206=ORIENTED_EDGE('',*,*,#1726,.F.);
#2207=ORIENTED_EDGE('',*,*,#1727,.T.);
#2208=ORIENTED_EDGE('',*,*,#1726,.T.);
#2209=ORIENTED_EDGE('',*,*,#1728,.F.);
#2210=ORIENTED_EDGE('',*,*,#1729,.F.);
#2211=ORIENTED_EDGE('',*,*,#1730,.T.);
#2212=ORIENTED_EDGE('',*,*,#1729,.T.);
#2213=ORIENTED_EDGE('',*,*,#1731,.F.);
#2214=ORIENTED_EDGE('',*,*,#1732,.F.);
#2215=ORIENTED_EDGE('',*,*,#1733,.T.);
#2216=ORIENTED_EDGE('',*,*,#1732,.T.);
#2217=ORIENTED_EDGE('',*,*,#1734,.F.);
#2218=ORIENTED_EDGE('',*,*,#1735,.F.);
#2219=ORIENTED_EDGE('',*,*,#1736,.T.);
#2220=ORIENTED_EDGE('',*,*,#1735,.T.);
#2221=ORIENTED_EDGE('',*,*,#1737,.F.);
#2222=ORIENTED_EDGE('',*,*,#1738,.F.);
#2223=ORIENTED_EDGE('',*,*,#1739,.T.);
#2224=ORIENTED_EDGE('',*,*,#1738,.T.);
#2225=ORIENTED_EDGE('',*,*,#1740,.F.);
#2226=ORIENTED_EDGE('',*,*,#1741,.F.);
#2227=ORIENTED_EDGE('',*,*,#1742,.T.);
#2228=ORIENTED_EDGE('',*,*,#1741,.T.);
#2229=ORIENTED_EDGE('',*,*,#1743,.F.);
#2230=ORIENTED_EDGE('',*,*,#1744,.F.);
#2231=ORIENTED_EDGE('',*,*,#1745,.T.);
#2232=ORIENTED_EDGE('',*,*,#1744,.T.);
#2233=ORIENTED_EDGE('',*,*,#1746,.F.);
#2234=ORIENTED_EDGE('',*,*,#1747,.F.);
#2235=ORIENTED_EDGE('',*,*,#1748,.T.);
#2236=ORIENTED_EDGE('',*,*,#1747,.T.);
#2237=ORIENTED_EDGE('',*,*,#1749,.F.);
#2238=ORIENTED_EDGE('',*,*,#1750,.F.);
#2239=ORIENTED_EDGE('',*,*,#1751,.T.);
#2240=ORIENTED_EDGE('',*,*,#1750,.T.);
#2241=ORIENTED_EDGE('',*,*,#1752,.F.);
#2242=ORIENTED_EDGE('',*,*,#1753,.F.);
#2243=ORIENTED_EDGE('',*,*,#1754,.T.);
#2244=ORIENTED_EDGE('',*,*,#1753,.T.);
#2245=ORIENTED_EDGE('',*,*,#1755,.F.);
#2246=ORIENTED_EDGE('',*,*,#1721,.F.);
#2247=ORIENTED_EDGE('',*,*,#1756,.F.);
#2248=ORIENTED_EDGE('',*,*,#1757,.T.);
#2249=ORIENTED_EDGE('',*,*,#1758,.T.);
#2250=ORIENTED_EDGE('',*,*,#1757,.F.);
#2251=ORIENTED_EDGE('',*,*,#1759,.F.);
#2252=ORIENTED_EDGE('',*,*,#1760,.T.);
#2253=ORIENTED_EDGE('',*,*,#1761,.F.);
#2254=ORIENTED_EDGE('',*,*,#1762,.F.);
#2255=ORIENTED_EDGE('',*,*,#1763,.T.);
#2256=ORIENTED_EDGE('',*,*,#1762,.T.);
#2257=ORIENTED_EDGE('',*,*,#1764,.F.);
#2258=ORIENTED_EDGE('',*,*,#1765,.F.);
#2259=ORIENTED_EDGE('',*,*,#1766,.F.);
#2260=ORIENTED_EDGE('',*,*,#1765,.T.);
#2261=ORIENTED_EDGE('',*,*,#1767,.F.);
#2262=ORIENTED_EDGE('',*,*,#1768,.F.);
#2263=ORIENTED_EDGE('',*,*,#1769,.T.);
#2264=ORIENTED_EDGE('',*,*,#1768,.T.);
#2265=ORIENTED_EDGE('',*,*,#1770,.F.);
#2266=ORIENTED_EDGE('',*,*,#1771,.F.);
#2267=ORIENTED_EDGE('',*,*,#1772,.F.);
#2268=ORIENTED_EDGE('',*,*,#1771,.T.);
#2269=ORIENTED_EDGE('',*,*,#1773,.F.);
#2270=ORIENTED_EDGE('',*,*,#1774,.F.);
#2271=ORIENTED_EDGE('',*,*,#1775,.T.);
#2272=ORIENTED_EDGE('',*,*,#1774,.T.);
#2273=ORIENTED_EDGE('',*,*,#1776,.F.);
#2274=ORIENTED_EDGE('',*,*,#1777,.F.);
#2275=ORIENTED_EDGE('',*,*,#1778,.F.);
#2276=ORIENTED_EDGE('',*,*,#1777,.T.);
#2277=ORIENTED_EDGE('',*,*,#1779,.F.);
#2278=ORIENTED_EDGE('',*,*,#1780,.F.);
#2279=ORIENTED_EDGE('',*,*,#1781,.T.);
#2280=ORIENTED_EDGE('',*,*,#1780,.T.);
#2281=ORIENTED_EDGE('',*,*,#1782,.F.);
#2282=ORIENTED_EDGE('',*,*,#1760,.F.);
#2283=ORIENTED_EDGE('',*,*,#1782,.T.);
#2284=ORIENTED_EDGE('',*,*,#1779,.T.);
#2285=ORIENTED_EDGE('',*,*,#1776,.T.);
#2286=ORIENTED_EDGE('',*,*,#1773,.T.);
#2287=ORIENTED_EDGE('',*,*,#1770,.T.);
#2288=ORIENTED_EDGE('',*,*,#1767,.T.);
#2289=ORIENTED_EDGE('',*,*,#1764,.T.);
#2290=ORIENTED_EDGE('',*,*,#1761,.T.);
#2291=ORIENTED_EDGE('',*,*,#1683,.T.);
#2292=ORIENTED_EDGE('',*,*,#1687,.T.);
#2293=ORIENTED_EDGE('',*,*,#1690,.T.);
#2294=ORIENTED_EDGE('',*,*,#1693,.T.);
#2295=ORIENTED_EDGE('',*,*,#1696,.T.);
#2296=ORIENTED_EDGE('',*,*,#1699,.T.);
#2297=ORIENTED_EDGE('',*,*,#1702,.T.);
#2298=ORIENTED_EDGE('',*,*,#1704,.T.);
#2299=ORIENTED_EDGE('',*,*,#1756,.T.);
#2300=ORIENTED_EDGE('',*,*,#1755,.T.);
#2301=ORIENTED_EDGE('',*,*,#1752,.T.);
#2302=ORIENTED_EDGE('',*,*,#1749,.T.);
#2303=ORIENTED_EDGE('',*,*,#1746,.T.);
#2304=ORIENTED_EDGE('',*,*,#1743,.T.);
#2305=ORIENTED_EDGE('',*,*,#1740,.T.);
#2306=ORIENTED_EDGE('',*,*,#1737,.T.);
#2307=ORIENTED_EDGE('',*,*,#1734,.T.);
#2308=ORIENTED_EDGE('',*,*,#1731,.T.);
#2309=ORIENTED_EDGE('',*,*,#1728,.T.);
#2310=ORIENTED_EDGE('',*,*,#1725,.T.);
#2311=ORIENTED_EDGE('',*,*,#1722,.T.);
#2312=ORIENTED_EDGE('',*,*,#1717,.T.);
#2313=ORIENTED_EDGE('',*,*,#1714,.T.);
#2314=ORIENTED_EDGE('',*,*,#1711,.T.);
#2315=ORIENTED_EDGE('',*,*,#1708,.T.);
#2316=ORIENTED_EDGE('',*,*,#1705,.T.);
#2317=ORIENTED_EDGE('',*,*,#1671,.T.);
#2318=ORIENTED_EDGE('',*,*,#1675,.T.);
#2319=ORIENTED_EDGE('',*,*,#1678,.T.);
#2320=ORIENTED_EDGE('',*,*,#1680,.T.);
#2321=ORIENTED_EDGE('',*,*,#1659,.T.);
#2322=ORIENTED_EDGE('',*,*,#1663,.T.);
#2323=ORIENTED_EDGE('',*,*,#1666,.T.);
#2324=ORIENTED_EDGE('',*,*,#1668,.T.);
#2325=ORIENTED_EDGE('',*,*,#1647,.T.);
#2326=ORIENTED_EDGE('',*,*,#1651,.T.);
#2327=ORIENTED_EDGE('',*,*,#1654,.T.);
#2328=ORIENTED_EDGE('',*,*,#1656,.T.);
#2329=ORIENTED_EDGE('',*,*,#1635,.T.);
#2330=ORIENTED_EDGE('',*,*,#1639,.T.);
#2331=ORIENTED_EDGE('',*,*,#1642,.T.);
#2332=ORIENTED_EDGE('',*,*,#1644,.T.);
#2333=ORIENTED_EDGE('',*,*,#1781,.F.);
#2334=ORIENTED_EDGE('',*,*,#1759,.T.);
#2335=ORIENTED_EDGE('',*,*,#1763,.F.);
#2336=ORIENTED_EDGE('',*,*,#1766,.T.);
#2337=ORIENTED_EDGE('',*,*,#1769,.F.);
#2338=ORIENTED_EDGE('',*,*,#1772,.T.);
#2339=ORIENTED_EDGE('',*,*,#1775,.F.);
#2340=ORIENTED_EDGE('',*,*,#1778,.T.);
#2341=ORIENTED_EDGE('',*,*,#1681,.T.);
#2342=ORIENTED_EDGE('',*,*,#1703,.T.);
#2343=ORIENTED_EDGE('',*,*,#1700,.T.);
#2344=ORIENTED_EDGE('',*,*,#1697,.T.);
#2345=ORIENTED_EDGE('',*,*,#1694,.T.);
#2346=ORIENTED_EDGE('',*,*,#1691,.T.);
#2347=ORIENTED_EDGE('',*,*,#1688,.T.);
#2348=ORIENTED_EDGE('',*,*,#1685,.T.);
#2349=ORIENTED_EDGE('',*,*,#1758,.F.);
#2350=ORIENTED_EDGE('',*,*,#1754,.F.);
#2351=ORIENTED_EDGE('',*,*,#1720,.F.);
#2352=ORIENTED_EDGE('',*,*,#1724,.F.);
#2353=ORIENTED_EDGE('',*,*,#1727,.F.);
#2354=ORIENTED_EDGE('',*,*,#1730,.F.);
#2355=ORIENTED_EDGE('',*,*,#1733,.F.);
#2356=ORIENTED_EDGE('',*,*,#1736,.F.);
#2357=ORIENTED_EDGE('',*,*,#1739,.F.);
#2358=ORIENTED_EDGE('',*,*,#1742,.F.);
#2359=ORIENTED_EDGE('',*,*,#1745,.F.);
#2360=ORIENTED_EDGE('',*,*,#1748,.F.);
#2361=ORIENTED_EDGE('',*,*,#1751,.F.);
#2362=ORIENTED_EDGE('',*,*,#1719,.F.);
#2363=ORIENTED_EDGE('',*,*,#1716,.F.);
#2364=ORIENTED_EDGE('',*,*,#1713,.F.);
#2365=ORIENTED_EDGE('',*,*,#1710,.F.);
#2366=ORIENTED_EDGE('',*,*,#1707,.F.);
#2367=ORIENTED_EDGE('',*,*,#1669,.T.);
#2368=ORIENTED_EDGE('',*,*,#1679,.T.);
#2369=ORIENTED_EDGE('',*,*,#1676,.T.);
#2370=ORIENTED_EDGE('',*,*,#1673,.T.);
#2371=ORIENTED_EDGE('',*,*,#1657,.T.);
#2372=ORIENTED_EDGE('',*,*,#1667,.T.);
#2373=ORIENTED_EDGE('',*,*,#1664,.T.);
#2374=ORIENTED_EDGE('',*,*,#1661,.T.);
#2375=ORIENTED_EDGE('',*,*,#1645,.T.);
#2376=ORIENTED_EDGE('',*,*,#1655,.T.);
#2377=ORIENTED_EDGE('',*,*,#1652,.T.);
#2378=ORIENTED_EDGE('',*,*,#1649,.T.);
#2379=ORIENTED_EDGE('',*,*,#1633,.T.);
#2380=ORIENTED_EDGE('',*,*,#1643,.T.);
#2381=ORIENTED_EDGE('',*,*,#1640,.T.);
#2382=ORIENTED_EDGE('',*,*,#1637,.T.);
#2383=ORIENTED_EDGE('',*,*,#1783,.F.);
#2384=ORIENTED_EDGE('',*,*,#1784,.T.);
#2385=ORIENTED_EDGE('',*,*,#1785,.F.);
#2386=ORIENTED_EDGE('',*,*,#1786,.F.);
#2387=ORIENTED_EDGE('',*,*,#1787,.F.);
#2388=ORIENTED_EDGE('',*,*,#1788,.T.);
#2389=ORIENTED_EDGE('',*,*,#1789,.F.);
#2390=ORIENTED_EDGE('',*,*,#1784,.F.);
#2391=ORIENTED_EDGE('',*,*,#1790,.F.);
#2392=ORIENTED_EDGE('',*,*,#1791,.T.);
#2393=ORIENTED_EDGE('',*,*,#1792,.F.);
#2394=ORIENTED_EDGE('',*,*,#1788,.F.);
#2395=ORIENTED_EDGE('',*,*,#1793,.F.);
#2396=ORIENTED_EDGE('',*,*,#1786,.T.);
#2397=ORIENTED_EDGE('',*,*,#1794,.F.);
#2398=ORIENTED_EDGE('',*,*,#1791,.F.);
#2399=ORIENTED_EDGE('',*,*,#1795,.F.);
#2400=ORIENTED_EDGE('',*,*,#1796,.T.);
#2401=ORIENTED_EDGE('',*,*,#1797,.F.);
#2402=ORIENTED_EDGE('',*,*,#1798,.F.);
#2403=ORIENTED_EDGE('',*,*,#1799,.F.);
#2404=ORIENTED_EDGE('',*,*,#1800,.T.);
#2405=ORIENTED_EDGE('',*,*,#1801,.F.);
#2406=ORIENTED_EDGE('',*,*,#1796,.F.);
#2407=ORIENTED_EDGE('',*,*,#1802,.F.);
#2408=ORIENTED_EDGE('',*,*,#1803,.T.);
#2409=ORIENTED_EDGE('',*,*,#1804,.F.);
#2410=ORIENTED_EDGE('',*,*,#1800,.F.);
#2411=ORIENTED_EDGE('',*,*,#1805,.F.);
#2412=ORIENTED_EDGE('',*,*,#1798,.T.);
#2413=ORIENTED_EDGE('',*,*,#1806,.F.);
#2414=ORIENTED_EDGE('',*,*,#1803,.F.);
#2415=ORIENTED_EDGE('',*,*,#1807,.F.);
#2416=ORIENTED_EDGE('',*,*,#1808,.T.);
#2417=ORIENTED_EDGE('',*,*,#1809,.F.);
#2418=ORIENTED_EDGE('',*,*,#1810,.F.);
#2419=ORIENTED_EDGE('',*,*,#1811,.F.);
#2420=ORIENTED_EDGE('',*,*,#1812,.T.);
#2421=ORIENTED_EDGE('',*,*,#1813,.F.);
#2422=ORIENTED_EDGE('',*,*,#1808,.F.);
#2423=ORIENTED_EDGE('',*,*,#1814,.F.);
#2424=ORIENTED_EDGE('',*,*,#1815,.T.);
#2425=ORIENTED_EDGE('',*,*,#1816,.F.);
#2426=ORIENTED_EDGE('',*,*,#1812,.F.);
#2427=ORIENTED_EDGE('',*,*,#1817,.F.);
#2428=ORIENTED_EDGE('',*,*,#1810,.T.);
#2429=ORIENTED_EDGE('',*,*,#1818,.F.);
#2430=ORIENTED_EDGE('',*,*,#1815,.F.);
#2431=ORIENTED_EDGE('',*,*,#1819,.F.);
#2432=ORIENTED_EDGE('',*,*,#1820,.T.);
#2433=ORIENTED_EDGE('',*,*,#1821,.F.);
#2434=ORIENTED_EDGE('',*,*,#1822,.F.);
#2435=ORIENTED_EDGE('',*,*,#1823,.F.);
#2436=ORIENTED_EDGE('',*,*,#1824,.T.);
#2437=ORIENTED_EDGE('',*,*,#1825,.F.);
#2438=ORIENTED_EDGE('',*,*,#1820,.F.);
#2439=ORIENTED_EDGE('',*,*,#1826,.F.);
#2440=ORIENTED_EDGE('',*,*,#1827,.T.);
#2441=ORIENTED_EDGE('',*,*,#1828,.F.);
#2442=ORIENTED_EDGE('',*,*,#1824,.F.);
#2443=ORIENTED_EDGE('',*,*,#1829,.F.);
#2444=ORIENTED_EDGE('',*,*,#1822,.T.);
#2445=ORIENTED_EDGE('',*,*,#1830,.F.);
#2446=ORIENTED_EDGE('',*,*,#1827,.F.);
#2447=ORIENTED_EDGE('',*,*,#1831,.F.);
#2448=ORIENTED_EDGE('',*,*,#1832,.T.);
#2449=ORIENTED_EDGE('',*,*,#1833,.T.);
#2450=ORIENTED_EDGE('',*,*,#1832,.F.);
#2451=ORIENTED_EDGE('',*,*,#1834,.F.);
#2452=ORIENTED_EDGE('',*,*,#1835,.T.);
#2453=ORIENTED_EDGE('',*,*,#1836,.T.);
#2454=ORIENTED_EDGE('',*,*,#1835,.F.);
#2455=ORIENTED_EDGE('',*,*,#1837,.F.);
#2456=ORIENTED_EDGE('',*,*,#1838,.T.);
#2457=ORIENTED_EDGE('',*,*,#1839,.T.);
#2458=ORIENTED_EDGE('',*,*,#1838,.F.);
#2459=ORIENTED_EDGE('',*,*,#1840,.F.);
#2460=ORIENTED_EDGE('',*,*,#1841,.T.);
#2461=ORIENTED_EDGE('',*,*,#1842,.T.);
#2462=ORIENTED_EDGE('',*,*,#1841,.F.);
#2463=ORIENTED_EDGE('',*,*,#1843,.T.);
#2464=ORIENTED_EDGE('',*,*,#1844,.T.);
#2465=ORIENTED_EDGE('',*,*,#1845,.F.);
#2466=ORIENTED_EDGE('',*,*,#1846,.F.);
#2467=ORIENTED_EDGE('',*,*,#1847,.T.);
#2468=ORIENTED_EDGE('',*,*,#1846,.T.);
#2469=ORIENTED_EDGE('',*,*,#1848,.F.);
#2470=ORIENTED_EDGE('',*,*,#1849,.F.);
#2471=ORIENTED_EDGE('',*,*,#1850,.T.);
#2472=ORIENTED_EDGE('',*,*,#1849,.T.);
#2473=ORIENTED_EDGE('',*,*,#1851,.F.);
#2474=ORIENTED_EDGE('',*,*,#1852,.F.);
#2475=ORIENTED_EDGE('',*,*,#1853,.T.);
#2476=ORIENTED_EDGE('',*,*,#1852,.T.);
#2477=ORIENTED_EDGE('',*,*,#1854,.F.);
#2478=ORIENTED_EDGE('',*,*,#1855,.F.);
#2479=ORIENTED_EDGE('',*,*,#1856,.T.);
#2480=ORIENTED_EDGE('',*,*,#1855,.T.);
#2481=ORIENTED_EDGE('',*,*,#1857,.F.);
#2482=ORIENTED_EDGE('',*,*,#1858,.F.);
#2483=ORIENTED_EDGE('',*,*,#1859,.T.);
#2484=ORIENTED_EDGE('',*,*,#1858,.T.);
#2485=ORIENTED_EDGE('',*,*,#1860,.F.);
#2486=ORIENTED_EDGE('',*,*,#1861,.F.);
#2487=ORIENTED_EDGE('',*,*,#1862,.T.);
#2488=ORIENTED_EDGE('',*,*,#1861,.T.);
#2489=ORIENTED_EDGE('',*,*,#1863,.F.);
#2490=ORIENTED_EDGE('',*,*,#1864,.F.);
#2491=ORIENTED_EDGE('',*,*,#1865,.T.);
#2492=ORIENTED_EDGE('',*,*,#1864,.T.);
#2493=ORIENTED_EDGE('',*,*,#1866,.F.);
#2494=ORIENTED_EDGE('',*,*,#1844,.F.);
#2495=ORIENTED_EDGE('',*,*,#1867,.T.);
#2496=ORIENTED_EDGE('',*,*,#1868,.T.);
#2497=ORIENTED_EDGE('',*,*,#1869,.F.);
#2498=ORIENTED_EDGE('',*,*,#1870,.F.);
#2499=ORIENTED_EDGE('',*,*,#1871,.T.);
#2500=ORIENTED_EDGE('',*,*,#1870,.T.);
#2501=ORIENTED_EDGE('',*,*,#1872,.F.);
#2502=ORIENTED_EDGE('',*,*,#1873,.F.);
#2503=ORIENTED_EDGE('',*,*,#1874,.T.);
#2504=ORIENTED_EDGE('',*,*,#1873,.T.);
#2505=ORIENTED_EDGE('',*,*,#1875,.F.);
#2506=ORIENTED_EDGE('',*,*,#1876,.F.);
#2507=ORIENTED_EDGE('',*,*,#1877,.T.);
#2508=ORIENTED_EDGE('',*,*,#1876,.T.);
#2509=ORIENTED_EDGE('',*,*,#1878,.F.);
#2510=ORIENTED_EDGE('',*,*,#1879,.F.);
#2511=ORIENTED_EDGE('',*,*,#1880,.T.);
#2512=ORIENTED_EDGE('',*,*,#1879,.T.);
#2513=ORIENTED_EDGE('',*,*,#1881,.F.);
#2514=ORIENTED_EDGE('',*,*,#1882,.F.);
#2515=ORIENTED_EDGE('',*,*,#1883,.T.);
#2516=ORIENTED_EDGE('',*,*,#1882,.T.);
#2517=ORIENTED_EDGE('',*,*,#1884,.F.);
#2518=ORIENTED_EDGE('',*,*,#1885,.F.);
#2519=ORIENTED_EDGE('',*,*,#1886,.T.);
#2520=ORIENTED_EDGE('',*,*,#1885,.T.);
#2521=ORIENTED_EDGE('',*,*,#1887,.F.);
#2522=ORIENTED_EDGE('',*,*,#1888,.F.);
#2523=ORIENTED_EDGE('',*,*,#1889,.T.);
#2524=ORIENTED_EDGE('',*,*,#1888,.T.);
#2525=ORIENTED_EDGE('',*,*,#1890,.F.);
#2526=ORIENTED_EDGE('',*,*,#1891,.F.);
#2527=ORIENTED_EDGE('',*,*,#1892,.T.);
#2528=ORIENTED_EDGE('',*,*,#1891,.T.);
#2529=ORIENTED_EDGE('',*,*,#1893,.F.);
#2530=ORIENTED_EDGE('',*,*,#1894,.F.);
#2531=ORIENTED_EDGE('',*,*,#1895,.T.);
#2532=ORIENTED_EDGE('',*,*,#1894,.T.);
#2533=ORIENTED_EDGE('',*,*,#1896,.F.);
#2534=ORIENTED_EDGE('',*,*,#1897,.F.);
#2535=ORIENTED_EDGE('',*,*,#1898,.T.);
#2536=ORIENTED_EDGE('',*,*,#1897,.T.);
#2537=ORIENTED_EDGE('',*,*,#1899,.F.);
#2538=ORIENTED_EDGE('',*,*,#1900,.F.);
#2539=ORIENTED_EDGE('',*,*,#1901,.T.);
#2540=ORIENTED_EDGE('',*,*,#1900,.T.);
#2541=ORIENTED_EDGE('',*,*,#1902,.F.);
#2542=ORIENTED_EDGE('',*,*,#1868,.F.);
#2543=ORIENTED_EDGE('',*,*,#1903,.F.);
#2544=ORIENTED_EDGE('',*,*,#1904,.T.);
#2545=ORIENTED_EDGE('',*,*,#1905,.T.);
#2546=ORIENTED_EDGE('',*,*,#1904,.F.);
#2547=ORIENTED_EDGE('',*,*,#1906,.F.);
#2548=ORIENTED_EDGE('',*,*,#1907,.T.);
#2549=ORIENTED_EDGE('',*,*,#1908,.T.);
#2550=ORIENTED_EDGE('',*,*,#1907,.F.);
#2551=ORIENTED_EDGE('',*,*,#1909,.F.);
#2552=ORIENTED_EDGE('',*,*,#1910,.T.);
#2553=ORIENTED_EDGE('',*,*,#1911,.F.);
#2554=ORIENTED_EDGE('',*,*,#1912,.F.);
#2555=ORIENTED_EDGE('',*,*,#1913,.T.);
#2556=ORIENTED_EDGE('',*,*,#1912,.T.);
#2557=ORIENTED_EDGE('',*,*,#1914,.F.);
#2558=ORIENTED_EDGE('',*,*,#1915,.F.);
#2559=ORIENTED_EDGE('',*,*,#1916,.F.);
#2560=ORIENTED_EDGE('',*,*,#1915,.T.);
#2561=ORIENTED_EDGE('',*,*,#1917,.F.);
#2562=ORIENTED_EDGE('',*,*,#1918,.F.);
#2563=ORIENTED_EDGE('',*,*,#1919,.T.);
#2564=ORIENTED_EDGE('',*,*,#1918,.T.);
#2565=ORIENTED_EDGE('',*,*,#1920,.F.);
#2566=ORIENTED_EDGE('',*,*,#1921,.F.);
#2567=ORIENTED_EDGE('',*,*,#1922,.F.);
#2568=ORIENTED_EDGE('',*,*,#1921,.T.);
#2569=ORIENTED_EDGE('',*,*,#1923,.F.);
#2570=ORIENTED_EDGE('',*,*,#1924,.F.);
#2571=ORIENTED_EDGE('',*,*,#1925,.T.);
#2572=ORIENTED_EDGE('',*,*,#1924,.T.);
#2573=ORIENTED_EDGE('',*,*,#1926,.F.);
#2574=ORIENTED_EDGE('',*,*,#1927,.F.);
#2575=ORIENTED_EDGE('',*,*,#1928,.F.);
#2576=ORIENTED_EDGE('',*,*,#1927,.T.);
#2577=ORIENTED_EDGE('',*,*,#1929,.F.);
#2578=ORIENTED_EDGE('',*,*,#1930,.F.);
#2579=ORIENTED_EDGE('',*,*,#1931,.T.);
#2580=ORIENTED_EDGE('',*,*,#1930,.T.);
#2581=ORIENTED_EDGE('',*,*,#1932,.F.);
#2582=ORIENTED_EDGE('',*,*,#1910,.F.);
#2583=ORIENTED_EDGE('',*,*,#1932,.T.);
#2584=ORIENTED_EDGE('',*,*,#1929,.T.);
#2585=ORIENTED_EDGE('',*,*,#1926,.T.);
#2586=ORIENTED_EDGE('',*,*,#1923,.T.);
#2587=ORIENTED_EDGE('',*,*,#1920,.T.);
#2588=ORIENTED_EDGE('',*,*,#1917,.T.);
#2589=ORIENTED_EDGE('',*,*,#1914,.T.);
#2590=ORIENTED_EDGE('',*,*,#1911,.T.);
#2591=ORIENTED_EDGE('',*,*,#1831,.T.);
#2592=ORIENTED_EDGE('',*,*,#1834,.T.);
#2593=ORIENTED_EDGE('',*,*,#1837,.T.);
#2594=ORIENTED_EDGE('',*,*,#1840,.T.);
#2595=ORIENTED_EDGE('',*,*,#1866,.T.);
#2596=ORIENTED_EDGE('',*,*,#1863,.T.);
#2597=ORIENTED_EDGE('',*,*,#1860,.T.);
#2598=ORIENTED_EDGE('',*,*,#1857,.T.);
#2599=ORIENTED_EDGE('',*,*,#1854,.T.);
#2600=ORIENTED_EDGE('',*,*,#1851,.T.);
#2601=ORIENTED_EDGE('',*,*,#1848,.T.);
#2602=ORIENTED_EDGE('',*,*,#1845,.T.);
#2603=ORIENTED_EDGE('',*,*,#1902,.T.);
#2604=ORIENTED_EDGE('',*,*,#1899,.T.);
#2605=ORIENTED_EDGE('',*,*,#1896,.T.);
#2606=ORIENTED_EDGE('',*,*,#1893,.T.);
#2607=ORIENTED_EDGE('',*,*,#1890,.T.);
#2608=ORIENTED_EDGE('',*,*,#1887,.T.);
#2609=ORIENTED_EDGE('',*,*,#1884,.T.);
#2610=ORIENTED_EDGE('',*,*,#1881,.T.);
#2611=ORIENTED_EDGE('',*,*,#1878,.T.);
#2612=ORIENTED_EDGE('',*,*,#1875,.T.);
#2613=ORIENTED_EDGE('',*,*,#1872,.T.);
#2614=ORIENTED_EDGE('',*,*,#1869,.T.);
#2615=ORIENTED_EDGE('',*,*,#1903,.T.);
#2616=ORIENTED_EDGE('',*,*,#1906,.T.);
#2617=ORIENTED_EDGE('',*,*,#1821,.T.);
#2618=ORIENTED_EDGE('',*,*,#1825,.T.);
#2619=ORIENTED_EDGE('',*,*,#1828,.T.);
#2620=ORIENTED_EDGE('',*,*,#1830,.T.);
#2621=ORIENTED_EDGE('',*,*,#1809,.T.);
#2622=ORIENTED_EDGE('',*,*,#1813,.T.);
#2623=ORIENTED_EDGE('',*,*,#1816,.T.);
#2624=ORIENTED_EDGE('',*,*,#1818,.T.);
#2625=ORIENTED_EDGE('',*,*,#1797,.T.);
#2626=ORIENTED_EDGE('',*,*,#1801,.T.);
#2627=ORIENTED_EDGE('',*,*,#1804,.T.);
#2628=ORIENTED_EDGE('',*,*,#1806,.T.);
#2629=ORIENTED_EDGE('',*,*,#1785,.T.);
#2630=ORIENTED_EDGE('',*,*,#1789,.T.);
#2631=ORIENTED_EDGE('',*,*,#1792,.T.);
#2632=ORIENTED_EDGE('',*,*,#1794,.T.);
#2633=ORIENTED_EDGE('',*,*,#1931,.F.);
#2634=ORIENTED_EDGE('',*,*,#1909,.T.);
#2635=ORIENTED_EDGE('',*,*,#1913,.F.);
#2636=ORIENTED_EDGE('',*,*,#1916,.T.);
#2637=ORIENTED_EDGE('',*,*,#1919,.F.);
#2638=ORIENTED_EDGE('',*,*,#1922,.T.);
#2639=ORIENTED_EDGE('',*,*,#1925,.F.);
#2640=ORIENTED_EDGE('',*,*,#1928,.T.);
#2641=ORIENTED_EDGE('',*,*,#1833,.F.);
#2642=ORIENTED_EDGE('',*,*,#1836,.F.);
#2643=ORIENTED_EDGE('',*,*,#1839,.F.);
#2644=ORIENTED_EDGE('',*,*,#1842,.F.);
#2645=ORIENTED_EDGE('',*,*,#1865,.F.);
#2646=ORIENTED_EDGE('',*,*,#1843,.F.);
#2647=ORIENTED_EDGE('',*,*,#1847,.F.);
#2648=ORIENTED_EDGE('',*,*,#1850,.F.);
#2649=ORIENTED_EDGE('',*,*,#1853,.F.);
#2650=ORIENTED_EDGE('',*,*,#1856,.F.);
#2651=ORIENTED_EDGE('',*,*,#1859,.F.);
#2652=ORIENTED_EDGE('',*,*,#1862,.F.);
#2653=ORIENTED_EDGE('',*,*,#1901,.F.);
#2654=ORIENTED_EDGE('',*,*,#1867,.F.);
#2655=ORIENTED_EDGE('',*,*,#1871,.F.);
#2656=ORIENTED_EDGE('',*,*,#1874,.F.);
#2657=ORIENTED_EDGE('',*,*,#1877,.F.);
#2658=ORIENTED_EDGE('',*,*,#1880,.F.);
#2659=ORIENTED_EDGE('',*,*,#1883,.F.);
#2660=ORIENTED_EDGE('',*,*,#1886,.F.);
#2661=ORIENTED_EDGE('',*,*,#1889,.F.);
#2662=ORIENTED_EDGE('',*,*,#1892,.F.);
#2663=ORIENTED_EDGE('',*,*,#1895,.F.);
#2664=ORIENTED_EDGE('',*,*,#1898,.F.);
#2665=ORIENTED_EDGE('',*,*,#1905,.F.);
#2666=ORIENTED_EDGE('',*,*,#1908,.F.);
#2667=ORIENTED_EDGE('',*,*,#1819,.T.);
#2668=ORIENTED_EDGE('',*,*,#1829,.T.);
#2669=ORIENTED_EDGE('',*,*,#1826,.T.);
#2670=ORIENTED_EDGE('',*,*,#1823,.T.);
#2671=ORIENTED_EDGE('',*,*,#1807,.T.);
#2672=ORIENTED_EDGE('',*,*,#1817,.T.);
#2673=ORIENTED_EDGE('',*,*,#1814,.T.);
#2674=ORIENTED_EDGE('',*,*,#1811,.T.);
#2675=ORIENTED_EDGE('',*,*,#1795,.T.);
#2676=ORIENTED_EDGE('',*,*,#1805,.T.);
#2677=ORIENTED_EDGE('',*,*,#1802,.T.);
#2678=ORIENTED_EDGE('',*,*,#1799,.T.);
#2679=ORIENTED_EDGE('',*,*,#1783,.T.);
#2680=ORIENTED_EDGE('',*,*,#1793,.T.);
#2681=ORIENTED_EDGE('',*,*,#1790,.T.);
#2682=ORIENTED_EDGE('',*,*,#1787,.T.);
#2683=ORIENTED_EDGE('',*,*,#1933,.T.);
#2684=ORIENTED_EDGE('',*,*,#1934,.T.);
#2685=ORIENTED_EDGE('',*,*,#1935,.F.);
#2686=ORIENTED_EDGE('',*,*,#1936,.F.);
#2687=ORIENTED_EDGE('',*,*,#1937,.T.);
#2688=ORIENTED_EDGE('',*,*,#1936,.T.);
#2689=ORIENTED_EDGE('',*,*,#1938,.F.);
#2690=ORIENTED_EDGE('',*,*,#1939,.F.);
#2691=ORIENTED_EDGE('',*,*,#1940,.T.);
#2692=ORIENTED_EDGE('',*,*,#1939,.T.);
#2693=ORIENTED_EDGE('',*,*,#1941,.F.);
#2694=ORIENTED_EDGE('',*,*,#1942,.F.);
#2695=ORIENTED_EDGE('',*,*,#1943,.T.);
#2696=ORIENTED_EDGE('',*,*,#1942,.T.);
#2697=ORIENTED_EDGE('',*,*,#1944,.F.);
#2698=ORIENTED_EDGE('',*,*,#1945,.F.);
#2699=ORIENTED_EDGE('',*,*,#1946,.T.);
#2700=ORIENTED_EDGE('',*,*,#1945,.T.);
#2701=ORIENTED_EDGE('',*,*,#1947,.F.);
#2702=ORIENTED_EDGE('',*,*,#1948,.F.);
#2703=ORIENTED_EDGE('',*,*,#1949,.T.);
#2704=ORIENTED_EDGE('',*,*,#1948,.T.);
#2705=ORIENTED_EDGE('',*,*,#1950,.F.);
#2706=ORIENTED_EDGE('',*,*,#1951,.F.);
#2707=ORIENTED_EDGE('',*,*,#1952,.T.);
#2708=ORIENTED_EDGE('',*,*,#1951,.T.);
#2709=ORIENTED_EDGE('',*,*,#1953,.F.);
#2710=ORIENTED_EDGE('',*,*,#1954,.F.);
#2711=ORIENTED_EDGE('',*,*,#1955,.T.);
#2712=ORIENTED_EDGE('',*,*,#1954,.T.);
#2713=ORIENTED_EDGE('',*,*,#1956,.F.);
#2714=ORIENTED_EDGE('',*,*,#1934,.F.);
#2715=ORIENTED_EDGE('',*,*,#1957,.T.);
#2716=ORIENTED_EDGE('',*,*,#1958,.T.);
#2717=ORIENTED_EDGE('',*,*,#1959,.F.);
#2718=ORIENTED_EDGE('',*,*,#1960,.F.);
#2719=ORIENTED_EDGE('',*,*,#1961,.T.);
#2720=ORIENTED_EDGE('',*,*,#1960,.T.);
#2721=ORIENTED_EDGE('',*,*,#1962,.F.);
#2722=ORIENTED_EDGE('',*,*,#1963,.F.);
#2723=ORIENTED_EDGE('',*,*,#1964,.T.);
#2724=ORIENTED_EDGE('',*,*,#1963,.T.);
#2725=ORIENTED_EDGE('',*,*,#1965,.F.);
#2726=ORIENTED_EDGE('',*,*,#1966,.F.);
#2727=ORIENTED_EDGE('',*,*,#1967,.T.);
#2728=ORIENTED_EDGE('',*,*,#1966,.T.);
#2729=ORIENTED_EDGE('',*,*,#1968,.F.);
#2730=ORIENTED_EDGE('',*,*,#1969,.F.);
#2731=ORIENTED_EDGE('',*,*,#1970,.T.);
#2732=ORIENTED_EDGE('',*,*,#1969,.T.);
#2733=ORIENTED_EDGE('',*,*,#1971,.F.);
#2734=ORIENTED_EDGE('',*,*,#1972,.F.);
#2735=ORIENTED_EDGE('',*,*,#1973,.T.);
#2736=ORIENTED_EDGE('',*,*,#1972,.T.);
#2737=ORIENTED_EDGE('',*,*,#1974,.F.);
#2738=ORIENTED_EDGE('',*,*,#1975,.F.);
#2739=ORIENTED_EDGE('',*,*,#1976,.T.);
#2740=ORIENTED_EDGE('',*,*,#1975,.T.);
#2741=ORIENTED_EDGE('',*,*,#1977,.F.);
#2742=ORIENTED_EDGE('',*,*,#1978,.F.);
#2743=ORIENTED_EDGE('',*,*,#1979,.T.);
#2744=ORIENTED_EDGE('',*,*,#1978,.T.);
#2745=ORIENTED_EDGE('',*,*,#1980,.F.);
#2746=ORIENTED_EDGE('',*,*,#1981,.F.);
#2747=ORIENTED_EDGE('',*,*,#1982,.T.);
#2748=ORIENTED_EDGE('',*,*,#1981,.T.);
#2749=ORIENTED_EDGE('',*,*,#1983,.F.);
#2750=ORIENTED_EDGE('',*,*,#1984,.F.);
#2751=ORIENTED_EDGE('',*,*,#1985,.T.);
#2752=ORIENTED_EDGE('',*,*,#1984,.T.);
#2753=ORIENTED_EDGE('',*,*,#1986,.F.);
#2754=ORIENTED_EDGE('',*,*,#1987,.F.);
#2755=ORIENTED_EDGE('',*,*,#1988,.T.);
#2756=ORIENTED_EDGE('',*,*,#1987,.T.);
#2757=ORIENTED_EDGE('',*,*,#1989,.F.);
#2758=ORIENTED_EDGE('',*,*,#1990,.F.);
#2759=ORIENTED_EDGE('',*,*,#1991,.T.);
#2760=ORIENTED_EDGE('',*,*,#1990,.T.);
#2761=ORIENTED_EDGE('',*,*,#1992,.F.);
#2762=ORIENTED_EDGE('',*,*,#1958,.F.);
#2763=ORIENTED_EDGE('',*,*,#1993,.T.);
#2764=ORIENTED_EDGE('',*,*,#1994,.T.);
#2765=ORIENTED_EDGE('',*,*,#1995,.F.);
#2766=ORIENTED_EDGE('',*,*,#1996,.F.);
#2767=ORIENTED_EDGE('',*,*,#1997,.T.);
#2768=ORIENTED_EDGE('',*,*,#1996,.T.);
#2769=ORIENTED_EDGE('',*,*,#1998,.F.);
#2770=ORIENTED_EDGE('',*,*,#1999,.F.);
#2771=ORIENTED_EDGE('',*,*,#2000,.T.);
#2772=ORIENTED_EDGE('',*,*,#1999,.T.);
#2773=ORIENTED_EDGE('',*,*,#2001,.F.);
#2774=ORIENTED_EDGE('',*,*,#2002,.F.);
#2775=ORIENTED_EDGE('',*,*,#2003,.T.);
#2776=ORIENTED_EDGE('',*,*,#2002,.T.);
#2777=ORIENTED_EDGE('',*,*,#2004,.F.);
#2778=ORIENTED_EDGE('',*,*,#1994,.F.);
#2779=ORIENTED_EDGE('',*,*,#2005,.T.);
#2780=ORIENTED_EDGE('',*,*,#2006,.T.);
#2781=ORIENTED_EDGE('',*,*,#2007,.F.);
#2782=ORIENTED_EDGE('',*,*,#2008,.F.);
#2783=ORIENTED_EDGE('',*,*,#2009,.T.);
#2784=ORIENTED_EDGE('',*,*,#2008,.T.);
#2785=ORIENTED_EDGE('',*,*,#2010,.F.);
#2786=ORIENTED_EDGE('',*,*,#2011,.F.);
#2787=ORIENTED_EDGE('',*,*,#2012,.T.);
#2788=ORIENTED_EDGE('',*,*,#2011,.T.);
#2789=ORIENTED_EDGE('',*,*,#2013,.F.);
#2790=ORIENTED_EDGE('',*,*,#2014,.F.);
#2791=ORIENTED_EDGE('',*,*,#2015,.T.);
#2792=ORIENTED_EDGE('',*,*,#2014,.T.);
#2793=ORIENTED_EDGE('',*,*,#2016,.F.);
#2794=ORIENTED_EDGE('',*,*,#2006,.F.);
#2795=ORIENTED_EDGE('',*,*,#2017,.T.);
#2796=ORIENTED_EDGE('',*,*,#2018,.T.);
#2797=ORIENTED_EDGE('',*,*,#2019,.F.);
#2798=ORIENTED_EDGE('',*,*,#2020,.F.);
#2799=ORIENTED_EDGE('',*,*,#2021,.T.);
#2800=ORIENTED_EDGE('',*,*,#2020,.T.);
#2801=ORIENTED_EDGE('',*,*,#2022,.F.);
#2802=ORIENTED_EDGE('',*,*,#2023,.F.);
#2803=ORIENTED_EDGE('',*,*,#2024,.T.);
#2804=ORIENTED_EDGE('',*,*,#2023,.T.);
#2805=ORIENTED_EDGE('',*,*,#2025,.F.);
#2806=ORIENTED_EDGE('',*,*,#2026,.F.);
#2807=ORIENTED_EDGE('',*,*,#2027,.T.);
#2808=ORIENTED_EDGE('',*,*,#2026,.T.);
#2809=ORIENTED_EDGE('',*,*,#2028,.F.);
#2810=ORIENTED_EDGE('',*,*,#2018,.F.);
#2811=ORIENTED_EDGE('',*,*,#2029,.F.);
#2812=ORIENTED_EDGE('',*,*,#2030,.T.);
#2813=ORIENTED_EDGE('',*,*,#2031,.T.);
#2814=ORIENTED_EDGE('',*,*,#2030,.F.);
#2815=ORIENTED_EDGE('',*,*,#2032,.T.);
#2816=ORIENTED_EDGE('',*,*,#2033,.T.);
#2817=ORIENTED_EDGE('',*,*,#2034,.F.);
#2818=ORIENTED_EDGE('',*,*,#2035,.F.);
#2819=ORIENTED_EDGE('',*,*,#2036,.T.);
#2820=ORIENTED_EDGE('',*,*,#2035,.T.);
#2821=ORIENTED_EDGE('',*,*,#2037,.F.);
#2822=ORIENTED_EDGE('',*,*,#2038,.F.);
#2823=ORIENTED_EDGE('',*,*,#2039,.T.);
#2824=ORIENTED_EDGE('',*,*,#2038,.T.);
#2825=ORIENTED_EDGE('',*,*,#2040,.F.);
#2826=ORIENTED_EDGE('',*,*,#2041,.F.);
#2827=ORIENTED_EDGE('',*,*,#2042,.T.);
#2828=ORIENTED_EDGE('',*,*,#2041,.T.);
#2829=ORIENTED_EDGE('',*,*,#2043,.F.);
#2830=ORIENTED_EDGE('',*,*,#2033,.F.);
#2831=ORIENTED_EDGE('',*,*,#2044,.F.);
#2832=ORIENTED_EDGE('',*,*,#2045,.T.);
#2833=ORIENTED_EDGE('',*,*,#2046,.T.);
#2834=ORIENTED_EDGE('',*,*,#2045,.F.);
#2835=ORIENTED_EDGE('',*,*,#2047,.F.);
#2836=ORIENTED_EDGE('',*,*,#2048,.T.);
#2837=ORIENTED_EDGE('',*,*,#2049,.T.);
#2838=ORIENTED_EDGE('',*,*,#2048,.F.);
#2839=ORIENTED_EDGE('',*,*,#2050,.F.);
#2840=ORIENTED_EDGE('',*,*,#2051,.T.);
#2841=ORIENTED_EDGE('',*,*,#2052,.T.);
#2842=ORIENTED_EDGE('',*,*,#2051,.F.);
#2843=ORIENTED_EDGE('',*,*,#2053,.F.);
#2844=ORIENTED_EDGE('',*,*,#2054,.T.);
#2845=ORIENTED_EDGE('',*,*,#2055,.T.);
#2846=ORIENTED_EDGE('',*,*,#2054,.F.);
#2847=ORIENTED_EDGE('',*,*,#2056,.F.);
#2848=ORIENTED_EDGE('',*,*,#2057,.T.);
#2849=ORIENTED_EDGE('',*,*,#2058,.T.);
#2850=ORIENTED_EDGE('',*,*,#2057,.F.);
#2851=ORIENTED_EDGE('',*,*,#2059,.F.);
#2852=ORIENTED_EDGE('',*,*,#2060,.T.);
#2853=ORIENTED_EDGE('',*,*,#2061,.F.);
#2854=ORIENTED_EDGE('',*,*,#2062,.F.);
#2855=ORIENTED_EDGE('',*,*,#2063,.T.);
#2856=ORIENTED_EDGE('',*,*,#2062,.T.);
#2857=ORIENTED_EDGE('',*,*,#2064,.F.);
#2858=ORIENTED_EDGE('',*,*,#2065,.F.);
#2859=ORIENTED_EDGE('',*,*,#2066,.F.);
#2860=ORIENTED_EDGE('',*,*,#2065,.T.);
#2861=ORIENTED_EDGE('',*,*,#2067,.F.);
#2862=ORIENTED_EDGE('',*,*,#2068,.F.);
#2863=ORIENTED_EDGE('',*,*,#2069,.T.);
#2864=ORIENTED_EDGE('',*,*,#2068,.T.);
#2865=ORIENTED_EDGE('',*,*,#2070,.F.);
#2866=ORIENTED_EDGE('',*,*,#2071,.F.);
#2867=ORIENTED_EDGE('',*,*,#2072,.F.);
#2868=ORIENTED_EDGE('',*,*,#2071,.T.);
#2869=ORIENTED_EDGE('',*,*,#2073,.F.);
#2870=ORIENTED_EDGE('',*,*,#2074,.F.);
#2871=ORIENTED_EDGE('',*,*,#2075,.T.);
#2872=ORIENTED_EDGE('',*,*,#2074,.T.);
#2873=ORIENTED_EDGE('',*,*,#2076,.F.);
#2874=ORIENTED_EDGE('',*,*,#2077,.F.);
#2875=ORIENTED_EDGE('',*,*,#2078,.F.);
#2876=ORIENTED_EDGE('',*,*,#2077,.T.);
#2877=ORIENTED_EDGE('',*,*,#2079,.F.);
#2878=ORIENTED_EDGE('',*,*,#2080,.F.);
#2879=ORIENTED_EDGE('',*,*,#2081,.T.);
#2880=ORIENTED_EDGE('',*,*,#2080,.T.);
#2881=ORIENTED_EDGE('',*,*,#2082,.F.);
#2882=ORIENTED_EDGE('',*,*,#2060,.F.);
#2883=ORIENTED_EDGE('',*,*,#2082,.T.);
#2884=ORIENTED_EDGE('',*,*,#2079,.T.);
#2885=ORIENTED_EDGE('',*,*,#2076,.T.);
#2886=ORIENTED_EDGE('',*,*,#2073,.T.);
#2887=ORIENTED_EDGE('',*,*,#2070,.T.);
#2888=ORIENTED_EDGE('',*,*,#2067,.T.);
#2889=ORIENTED_EDGE('',*,*,#2064,.T.);
#2890=ORIENTED_EDGE('',*,*,#2061,.T.);
#2891=ORIENTED_EDGE('',*,*,#2056,.T.);
#2892=ORIENTED_EDGE('',*,*,#2053,.T.);
#2893=ORIENTED_EDGE('',*,*,#2050,.T.);
#2894=ORIENTED_EDGE('',*,*,#2047,.T.);
#2895=ORIENTED_EDGE('',*,*,#2044,.T.);
#2896=ORIENTED_EDGE('',*,*,#2043,.T.);
#2897=ORIENTED_EDGE('',*,*,#2040,.T.);
#2898=ORIENTED_EDGE('',*,*,#2037,.T.);
#2899=ORIENTED_EDGE('',*,*,#2034,.T.);
#2900=ORIENTED_EDGE('',*,*,#2029,.T.);
#2901=ORIENTED_EDGE('',*,*,#2028,.T.);
#2902=ORIENTED_EDGE('',*,*,#2025,.T.);
#2903=ORIENTED_EDGE('',*,*,#2022,.T.);
#2904=ORIENTED_EDGE('',*,*,#2019,.T.);
#2905=ORIENTED_EDGE('',*,*,#2016,.T.);
#2906=ORIENTED_EDGE('',*,*,#2013,.T.);
#2907=ORIENTED_EDGE('',*,*,#2010,.T.);
#2908=ORIENTED_EDGE('',*,*,#2007,.T.);
#2909=ORIENTED_EDGE('',*,*,#2004,.T.);
#2910=ORIENTED_EDGE('',*,*,#2001,.T.);
#2911=ORIENTED_EDGE('',*,*,#1998,.T.);
#2912=ORIENTED_EDGE('',*,*,#1995,.T.);
#2913=ORIENTED_EDGE('',*,*,#1992,.T.);
#2914=ORIENTED_EDGE('',*,*,#1989,.T.);
#2915=ORIENTED_EDGE('',*,*,#1986,.T.);
#2916=ORIENTED_EDGE('',*,*,#1983,.T.);
#2917=ORIENTED_EDGE('',*,*,#1980,.T.);
#2918=ORIENTED_EDGE('',*,*,#1977,.T.);
#2919=ORIENTED_EDGE('',*,*,#1974,.T.);
#2920=ORIENTED_EDGE('',*,*,#1971,.T.);
#2921=ORIENTED_EDGE('',*,*,#1968,.T.);
#2922=ORIENTED_EDGE('',*,*,#1965,.T.);
#2923=ORIENTED_EDGE('',*,*,#1962,.T.);
#2924=ORIENTED_EDGE('',*,*,#1959,.T.);
#2925=ORIENTED_EDGE('',*,*,#1956,.T.);
#2926=ORIENTED_EDGE('',*,*,#1953,.T.);
#2927=ORIENTED_EDGE('',*,*,#1950,.T.);
#2928=ORIENTED_EDGE('',*,*,#1947,.T.);
#2929=ORIENTED_EDGE('',*,*,#1944,.T.);
#2930=ORIENTED_EDGE('',*,*,#1941,.T.);
#2931=ORIENTED_EDGE('',*,*,#1938,.T.);
#2932=ORIENTED_EDGE('',*,*,#1935,.T.);
#2933=ORIENTED_EDGE('',*,*,#2081,.F.);
#2934=ORIENTED_EDGE('',*,*,#2059,.T.);
#2935=ORIENTED_EDGE('',*,*,#2063,.F.);
#2936=ORIENTED_EDGE('',*,*,#2066,.T.);
#2937=ORIENTED_EDGE('',*,*,#2069,.F.);
#2938=ORIENTED_EDGE('',*,*,#2072,.T.);
#2939=ORIENTED_EDGE('',*,*,#2075,.F.);
#2940=ORIENTED_EDGE('',*,*,#2078,.T.);
#2941=ORIENTED_EDGE('',*,*,#2058,.F.);
#2942=ORIENTED_EDGE('',*,*,#2055,.F.);
#2943=ORIENTED_EDGE('',*,*,#2052,.F.);
#2944=ORIENTED_EDGE('',*,*,#2049,.F.);
#2945=ORIENTED_EDGE('',*,*,#2046,.F.);
#2946=ORIENTED_EDGE('',*,*,#2042,.F.);
#2947=ORIENTED_EDGE('',*,*,#2032,.F.);
#2948=ORIENTED_EDGE('',*,*,#2036,.F.);
#2949=ORIENTED_EDGE('',*,*,#2039,.F.);
#2950=ORIENTED_EDGE('',*,*,#2031,.F.);
#2951=ORIENTED_EDGE('',*,*,#2027,.F.);
#2952=ORIENTED_EDGE('',*,*,#2017,.F.);
#2953=ORIENTED_EDGE('',*,*,#2021,.F.);
#2954=ORIENTED_EDGE('',*,*,#2024,.F.);
#2955=ORIENTED_EDGE('',*,*,#2015,.F.);
#2956=ORIENTED_EDGE('',*,*,#2005,.F.);
#2957=ORIENTED_EDGE('',*,*,#2009,.F.);
#2958=ORIENTED_EDGE('',*,*,#2012,.F.);
#2959=ORIENTED_EDGE('',*,*,#2003,.F.);
#2960=ORIENTED_EDGE('',*,*,#1993,.F.);
#2961=ORIENTED_EDGE('',*,*,#1997,.F.);
#2962=ORIENTED_EDGE('',*,*,#2000,.F.);
#2963=ORIENTED_EDGE('',*,*,#1991,.F.);
#2964=ORIENTED_EDGE('',*,*,#1957,.F.);
#2965=ORIENTED_EDGE('',*,*,#1961,.F.);
#2966=ORIENTED_EDGE('',*,*,#1964,.F.);
#2967=ORIENTED_EDGE('',*,*,#1967,.F.);
#2968=ORIENTED_EDGE('',*,*,#1970,.F.);
#2969=ORIENTED_EDGE('',*,*,#1973,.F.);
#2970=ORIENTED_EDGE('',*,*,#1976,.F.);
#2971=ORIENTED_EDGE('',*,*,#1979,.F.);
#2972=ORIENTED_EDGE('',*,*,#1982,.F.);
#2973=ORIENTED_EDGE('',*,*,#1985,.F.);
#2974=ORIENTED_EDGE('',*,*,#1988,.F.);
#2975=ORIENTED_EDGE('',*,*,#1955,.F.);
#2976=ORIENTED_EDGE('',*,*,#1933,.F.);
#2977=ORIENTED_EDGE('',*,*,#1937,.F.);
#2978=ORIENTED_EDGE('',*,*,#1940,.F.);
#2979=ORIENTED_EDGE('',*,*,#1943,.F.);
#2980=ORIENTED_EDGE('',*,*,#1946,.F.);
#2981=ORIENTED_EDGE('',*,*,#1949,.F.);
#2982=ORIENTED_EDGE('',*,*,#1952,.F.);
#2983=PLANE('',#3269);
#2984=PLANE('',#3270);
#2985=PLANE('',#3271);
#2986=PLANE('',#3272);
#2987=PLANE('',#3273);
#2988=PLANE('',#3274);
#2989=PLANE('',#3275);
#2990=PLANE('',#3276);
#2991=PLANE('',#3277);
#2992=PLANE('',#3278);
#2993=PLANE('',#3279);
#2994=PLANE('',#3280);
#2995=PLANE('',#3281);
#2996=PLANE('',#3282);
#2997=PLANE('',#3283);
#2998=PLANE('',#3284);
#2999=PLANE('',#3285);
#3000=PLANE('',#3289);
#3001=PLANE('',#3293);
#3002=PLANE('',#3297);
#3003=PLANE('',#3316);
#3004=PLANE('',#3317);
#3005=PLANE('',#3318);
#3006=PLANE('',#3319);
#3007=PLANE('',#3320);
#3008=PLANE('',#3321);
#3009=PLANE('',#3322);
#3010=PLANE('',#3323);
#3011=PLANE('',#3324);
#3012=PLANE('',#3325);
#3013=PLANE('',#3326);
#3014=PLANE('',#3327);
#3015=PLANE('',#3331);
#3016=PLANE('',#3335);
#3017=PLANE('',#3339);
#3018=PLANE('',#3343);
#3019=PLANE('',#3347);
#3020=PLANE('',#3348);
#3021=PLANE('',#3349);
#3022=PLANE('',#3350);
#3023=PLANE('',#3351);
#3024=PLANE('',#3352);
#3025=PLANE('',#3353);
#3026=PLANE('',#3354);
#3027=PLANE('',#3355);
#3028=PLANE('',#3356);
#3029=PLANE('',#3357);
#3030=PLANE('',#3358);
#3031=PLANE('',#3359);
#3032=PLANE('',#3360);
#3033=PLANE('',#3361);
#3034=PLANE('',#3362);
#3035=PLANE('',#3363);
#3036=PLANE('',#3364);
#3037=PLANE('',#3377);
#3038=PLANE('',#3381);
#3039=PLANE('',#3385);
#3040=PLANE('',#3389);
#3041=PLANE('',#3393);
#3042=PLANE('',#3394);
#3043=PLANE('',#3395);
#3044=PLANE('',#3396);
#3045=PLANE('',#3397);
#3046=PLANE('',#3398);
#3047=PLANE('',#3399);
#3048=PLANE('',#3400);
#3049=PLANE('',#3401);
#3050=PLANE('',#3402);
#3051=PLANE('',#3403);
#3052=PLANE('',#3404);
#3053=PLANE('',#3411);
#3054=PLANE('',#3415);
#3055=PLANE('',#3419);
#3056=PLANE('',#3423);
#3057=PLANE('',#3427);
#3058=PLANE('',#3428);
#3059=PLANE('',#3429);
#3060=PLANE('',#3433);
#3061=PLANE('',#3437);
#3062=PLANE('',#3441);
#3063=PLANE('',#3445);
#3064=PLANE('',#3446);
#3065=PLANE('',#3447);
#3066=PLANE('',#3448);
#3067=PLANE('',#3449);
#3068=PLANE('',#3450);
#3069=PLANE('',#3451);
#3070=PLANE('',#3452);
#3071=PLANE('',#3453);
#3072=PLANE('',#3454);
#3073=PLANE('',#3455);
#3074=PLANE('',#3456);
#3075=PLANE('',#3457);
#3076=PLANE('',#3458);
#3077=PLANE('',#3459);
#3078=PLANE('',#3460);
#3079=PLANE('',#3461);
#3080=PLANE('',#3462);
#3081=PLANE('',#3463);
#3082=PLANE('',#3464);
#3083=PLANE('',#3465);
#3084=PLANE('',#3466);
#3085=PLANE('',#3467);
#3086=PLANE('',#3468);
#3087=PLANE('',#3472);
#3088=PLANE('',#3473);
#3089=PLANE('',#3474);
#3090=PLANE('',#3475);
#3091=PLANE('',#3491);
#3092=PLANE('',#3495);
#3093=PLANE('',#3499);
#3094=PLANE('',#3503);
#3095=PLANE('',#3507);
#3096=PLANE('',#3508);
#3097=ADVANCED_FACE('',(#217),#2983,.F.);
#3098=ADVANCED_FACE('',(#218),#2984,.F.);
#3099=ADVANCED_FACE('',(#219),#2985,.F.);
#3100=ADVANCED_FACE('',(#220),#2986,.F.);
#3101=ADVANCED_FACE('',(#221),#2987,.F.);
#3102=ADVANCED_FACE('',(#222),#2988,.F.);
#3103=ADVANCED_FACE('',(#223),#2989,.F.);
#3104=ADVANCED_FACE('',(#224),#2990,.F.);
#3105=ADVANCED_FACE('',(#225),#2991,.F.);
#3106=ADVANCED_FACE('',(#226),#2992,.F.);
#3107=ADVANCED_FACE('',(#227),#2993,.F.);
#3108=ADVANCED_FACE('',(#228),#2994,.F.);
#3109=ADVANCED_FACE('',(#229),#2995,.F.);
#3110=ADVANCED_FACE('',(#230),#2996,.F.);
#3111=ADVANCED_FACE('',(#231),#2997,.F.);
#3112=ADVANCED_FACE('',(#232),#2998,.F.);
#3113=ADVANCED_FACE('',(#233),#2999,.F.);
#3114=ADVANCED_FACE('',(#234),#175,.F.);
#3115=ADVANCED_FACE('',(#235),#3000,.F.);
#3116=ADVANCED_FACE('',(#236),#176,.F.);
#3117=ADVANCED_FACE('',(#237),#3001,.F.);
#3118=ADVANCED_FACE('',(#238),#177,.F.);
#3119=ADVANCED_FACE('',(#239),#3002,.F.);
#3120=ADVANCED_FACE('',(#240),#178,.F.);
#3121=ADVANCED_FACE('',(#241),#179,.F.);
#3122=ADVANCED_FACE('',(#242),#180,.F.);
#3123=ADVANCED_FACE('',(#243),#181,.F.);
#3124=ADVANCED_FACE('',(#244),#182,.F.);
#3125=ADVANCED_FACE('',(#245),#183,.F.);
#3126=ADVANCED_FACE('',(#246),#3003,.T.);
#3127=ADVANCED_FACE('',(#247),#3004,.T.);
#3128=ADVANCED_FACE('',(#248),#3005,.T.);
#3129=ADVANCED_FACE('',(#249),#3006,.T.);
#3130=ADVANCED_FACE('',(#250),#3007,.T.);
#3131=ADVANCED_FACE('',(#251),#3008,.T.);
#3132=ADVANCED_FACE('',(#252),#3009,.T.);
#3133=ADVANCED_FACE('',(#253),#3010,.T.);
#3134=ADVANCED_FACE('',(#254),#3011,.T.);
#3135=ADVANCED_FACE('',(#255),#3012,.T.);
#3136=ADVANCED_FACE('',(#256),#3013,.T.);
#3137=ADVANCED_FACE('',(#257),#3014,.T.);
#3138=ADVANCED_FACE('',(#258),#184,.F.);
#3139=ADVANCED_FACE('',(#259),#3015,.T.);
#3140=ADVANCED_FACE('',(#260),#185,.T.);
#3141=ADVANCED_FACE('',(#261),#3016,.T.);
#3142=ADVANCED_FACE('',(#262),#186,.T.);
#3143=ADVANCED_FACE('',(#263),#3017,.T.);
#3144=ADVANCED_FACE('',(#264),#187,.T.);
#3145=ADVANCED_FACE('',(#265),#3018,.T.);
#3146=ADVANCED_FACE('',(#266),#188,.T.);
#3147=ADVANCED_FACE('',(#267,#19,#20,#21,#22,#23,#24,#25,#26,#27,#28,#29,
#30),#3019,.T.);
#3148=ADVANCED_FACE('',(#268,#31,#32,#33,#34,#35,#36,#37,#38,#39,#40,#41,
#42),#3020,.F.);
#3149=ADVANCED_FACE('',(#269),#3021,.F.);
#3150=ADVANCED_FACE('',(#270),#3022,.F.);
#3151=ADVANCED_FACE('',(#271),#3023,.F.);
#3152=ADVANCED_FACE('',(#272),#3024,.F.);
#3153=ADVANCED_FACE('',(#273),#3025,.F.);
#3154=ADVANCED_FACE('',(#274),#3026,.F.);
#3155=ADVANCED_FACE('',(#275),#3027,.F.);
#3156=ADVANCED_FACE('',(#276),#3028,.F.);
#3157=ADVANCED_FACE('',(#277),#3029,.F.);
#3158=ADVANCED_FACE('',(#278),#3030,.F.);
#3159=ADVANCED_FACE('',(#279),#3031,.F.);
#3160=ADVANCED_FACE('',(#280),#3032,.F.);
#3161=ADVANCED_FACE('',(#281),#3033,.F.);
#3162=ADVANCED_FACE('',(#282),#3034,.F.);
#3163=ADVANCED_FACE('',(#283),#3035,.F.);
#3164=ADVANCED_FACE('',(#284),#3036,.F.);
#3165=ADVANCED_FACE('',(#285),#189,.F.);
#3166=ADVANCED_FACE('',(#286),#190,.F.);
#3167=ADVANCED_FACE('',(#287),#191,.F.);
#3168=ADVANCED_FACE('',(#288),#192,.F.);
#3169=ADVANCED_FACE('',(#289),#3037,.T.);
#3170=ADVANCED_FACE('',(#290),#193,.F.);
#3171=ADVANCED_FACE('',(#291),#3038,.T.);
#3172=ADVANCED_FACE('',(#292),#194,.F.);
#3173=ADVANCED_FACE('',(#293),#3039,.T.);
#3174=ADVANCED_FACE('',(#294),#195,.F.);
#3175=ADVANCED_FACE('',(#295),#3040,.T.);
#3176=ADVANCED_FACE('',(#296),#196,.F.);
#3177=ADVANCED_FACE('',(#297),#3041,.T.);
#3178=ADVANCED_FACE('',(#298),#3042,.T.);
#3179=ADVANCED_FACE('',(#299),#3043,.T.);
#3180=ADVANCED_FACE('',(#300),#3044,.T.);
#3181=ADVANCED_FACE('',(#301),#3045,.T.);
#3182=ADVANCED_FACE('',(#302),#3046,.T.);
#3183=ADVANCED_FACE('',(#303),#3047,.T.);
#3184=ADVANCED_FACE('',(#304),#3048,.T.);
#3185=ADVANCED_FACE('',(#305),#3049,.T.);
#3186=ADVANCED_FACE('',(#306),#3050,.T.);
#3187=ADVANCED_FACE('',(#307),#3051,.T.);
#3188=ADVANCED_FACE('',(#308),#3052,.T.);
#3189=ADVANCED_FACE('',(#309),#197,.F.);
#3190=ADVANCED_FACE('',(#310),#198,.F.);
#3191=ADVANCED_FACE('',(#311),#3053,.T.);
#3192=ADVANCED_FACE('',(#312),#199,.T.);
#3193=ADVANCED_FACE('',(#313),#3054,.T.);
#3194=ADVANCED_FACE('',(#314),#200,.T.);
#3195=ADVANCED_FACE('',(#315),#3055,.T.);
#3196=ADVANCED_FACE('',(#316),#201,.T.);
#3197=ADVANCED_FACE('',(#317),#3056,.T.);
#3198=ADVANCED_FACE('',(#318),#202,.T.);
#3199=ADVANCED_FACE('',(#319,#43,#44,#45,#46,#47,#48,#49,#50,#51,#52,#53,
#54),#3057,.T.);
#3200=ADVANCED_FACE('',(#320,#55,#56,#57,#58,#59,#60,#61,#62,#63,#64,#65,
#66),#3058,.F.);
#3201=ADVANCED_FACE('',(#321),#3059,.T.);
#3202=ADVANCED_FACE('',(#322),#203,.F.);
#3203=ADVANCED_FACE('',(#323),#3060,.T.);
#3204=ADVANCED_FACE('',(#324),#204,.F.);
#3205=ADVANCED_FACE('',(#325),#3061,.T.);
#3206=ADVANCED_FACE('',(#326),#205,.F.);
#3207=ADVANCED_FACE('',(#327),#3062,.T.);
#3208=ADVANCED_FACE('',(#328),#206,.F.);
#3209=ADVANCED_FACE('',(#329),#3063,.T.);
#3210=ADVANCED_FACE('',(#330),#3064,.T.);
#3211=ADVANCED_FACE('',(#331),#3065,.T.);
#3212=ADVANCED_FACE('',(#332),#3066,.T.);
#3213=ADVANCED_FACE('',(#333),#3067,.T.);
#3214=ADVANCED_FACE('',(#334),#3068,.T.);
#3215=ADVANCED_FACE('',(#335),#3069,.T.);
#3216=ADVANCED_FACE('',(#336),#3070,.T.);
#3217=ADVANCED_FACE('',(#337),#3071,.T.);
#3218=ADVANCED_FACE('',(#338),#3072,.T.);
#3219=ADVANCED_FACE('',(#339),#3073,.T.);
#3220=ADVANCED_FACE('',(#340),#3074,.T.);
#3221=ADVANCED_FACE('',(#341),#3075,.T.);
#3222=ADVANCED_FACE('',(#342),#3076,.T.);
#3223=ADVANCED_FACE('',(#343),#3077,.T.);
#3224=ADVANCED_FACE('',(#344),#3078,.T.);
#3225=ADVANCED_FACE('',(#345),#3079,.T.);
#3226=ADVANCED_FACE('',(#346),#3080,.T.);
#3227=ADVANCED_FACE('',(#347),#3081,.T.);
#3228=ADVANCED_FACE('',(#348),#3082,.T.);
#3229=ADVANCED_FACE('',(#349),#3083,.T.);
#3230=ADVANCED_FACE('',(#350),#3084,.T.);
#3231=ADVANCED_FACE('',(#351),#3085,.T.);
#3232=ADVANCED_FACE('',(#352),#3086,.T.);
#3233=ADVANCED_FACE('',(#353),#207,.F.);
#3234=ADVANCED_FACE('',(#354),#3087,.T.);
#3235=ADVANCED_FACE('',(#355),#3088,.T.);
#3236=ADVANCED_FACE('',(#356),#3089,.T.);
#3237=ADVANCED_FACE('',(#357),#3090,.T.);
#3238=ADVANCED_FACE('',(#358),#208,.F.);
#3239=ADVANCED_FACE('',(#359),#209,.F.);
#3240=ADVANCED_FACE('',(#360),#210,.F.);
#3241=ADVANCED_FACE('',(#361),#211,.F.);
#3242=ADVANCED_FACE('',(#362),#212,.F.);
#3243=ADVANCED_FACE('',(#363),#3091,.T.);
#3244=ADVANCED_FACE('',(#364),#213,.T.);
#3245=ADVANCED_FACE('',(#365),#3092,.T.);
#3246=ADVANCED_FACE('',(#366),#214,.T.);
#3247=ADVANCED_FACE('',(#367),#3093,.T.);
#3248=ADVANCED_FACE('',(#368),#215,.T.);
#3249=ADVANCED_FACE('',(#369),#3094,.T.);
#3250=ADVANCED_FACE('',(#370),#216,.T.);
#3251=ADVANCED_FACE('',(#371,#67,#68,#69,#70,#71,#72,#73,#74,#75,#76,#77,
#78),#3095,.T.);
#3252=ADVANCED_FACE('',(#372,#79,#80,#81,#82,#83,#84,#85,#86,#87,#88,#89,
#90),#3096,.F.);
#3253=CLOSED_SHELL('',(#3097,#3098,#3099,#3100,#3101,#3102,#3103,#3104,
#3105,#3106,#3107,#3108,#3109,#3110,#3111,#3112,#3113,#3114,#3115,#3116,
#3117,#3118,#3119,#3120,#3121,#3122,#3123,#3124,#3125,#3126,#3127,#3128,
#3129,#3130,#3131,#3132,#3133,#3134,#3135,#3136,#3137,#3138,#3139,#3140,
#3141,#3142,#3143,#3144,#3145,#3146,#3147,#3148));
#3254=CLOSED_SHELL('',(#3149,#3150,#3151,#3152,#3153,#3154,#3155,#3156,
#3157,#3158,#3159,#3160,#3161,#3162,#3163,#3164,#3165,#3166,#3167,#3168,
#3169,#3170,#3171,#3172,#3173,#3174,#3175,#3176,#3177,#3178,#3179,#3180,
#3181,#3182,#3183,#3184,#3185,#3186,#3187,#3188,#3189,#3190,#3191,#3192,
#3193,#3194,#3195,#3196,#3197,#3198,#3199,#3200));
#3255=CLOSED_SHELL('',(#3201,#3202,#3203,#3204,#3205,#3206,#3207,#3208,
#3209,#3210,#3211,#3212,#3213,#3214,#3215,#3216,#3217,#3218,#3219,#3220,
#3221,#3222,#3223,#3224,#3225,#3226,#3227,#3228,#3229,#3230,#3231,#3232,
#3233,#3234,#3235,#3236,#3237,#3238,#3239,#3240,#3241,#3242,#3243,#3244,
#3245,#3246,#3247,#3248,#3249,#3250,#3251,#3252));
#3256=DERIVED_UNIT_ELEMENT(#3258,1.);
#3257=DERIVED_UNIT_ELEMENT(#5269,-3.);
#3258=(
MASS_UNIT()
NAMED_UNIT(*)
SI_UNIT(.KILO.,.GRAM.)
);
#3259=DERIVED_UNIT((#3256,#3257));
#3260=MEASURE_REPRESENTATION_ITEM('density measure',
POSITIVE_RATIO_MEASURE(7850.),#3259);
#3261=PROPERTY_DEFINITION_REPRESENTATION(#3266,#3263);
#3262=PROPERTY_DEFINITION_REPRESENTATION(#3267,#3264);
#3263=REPRESENTATION('material name',(#3265),#5266);
#3264=REPRESENTATION('density',(#3260),#5266);
#3265=DESCRIPTIVE_REPRESENTATION_ITEM('Steel','Steel');
#3266=PROPERTY_DEFINITION('material property','material name',#5276);
#3267=PROPERTY_DEFINITION('material property','density of part',#5276);
#3268=AXIS2_PLACEMENT_3D('',#4357,#3509,#3510);
#3269=AXIS2_PLACEMENT_3D('',#4358,#3511,#3512);
#3270=AXIS2_PLACEMENT_3D('',#4367,#3517,#3518);
#3271=AXIS2_PLACEMENT_3D('',#4373,#3522,#3523);
#3272=AXIS2_PLACEMENT_3D('',#4379,#3527,#3528);
#3273=AXIS2_PLACEMENT_3D('',#4382,#3531,#3532);
#3274=AXIS2_PLACEMENT_3D('',#4391,#3537,#3538);
#3275=AXIS2_PLACEMENT_3D('',#4397,#3542,#3543);
#3276=AXIS2_PLACEMENT_3D('',#4403,#3547,#3548);
#3277=AXIS2_PLACEMENT_3D('',#4406,#3551,#3552);
#3278=AXIS2_PLACEMENT_3D('',#4415,#3557,#3558);
#3279=AXIS2_PLACEMENT_3D('',#4421,#3562,#3563);
#3280=AXIS2_PLACEMENT_3D('',#4427,#3567,#3568);
#3281=AXIS2_PLACEMENT_3D('',#4430,#3571,#3572);
#3282=AXIS2_PLACEMENT_3D('',#4439,#3577,#3578);
#3283=AXIS2_PLACEMENT_3D('',#4445,#3582,#3583);
#3284=AXIS2_PLACEMENT_3D('',#4451,#3587,#3588);
#3285=AXIS2_PLACEMENT_3D('',#4454,#3591,#3592);
#3286=AXIS2_PLACEMENT_3D('',#4463,#3597,#3598);
#3287=AXIS2_PLACEMENT_3D('',#4465,#3599,#3600);
#3288=AXIS2_PLACEMENT_3D('',#4468,#3602,#3603);
#3289=AXIS2_PLACEMENT_3D('',#4469,#3604,#3605);
#3290=AXIS2_PLACEMENT_3D('',#4475,#3609,#3610);
#3291=AXIS2_PLACEMENT_3D('',#4477,#3611,#3612);
#3292=AXIS2_PLACEMENT_3D('',#4480,#3614,#3615);
#3293=AXIS2_PLACEMENT_3D('',#4481,#3616,#3617);
#3294=AXIS2_PLACEMENT_3D('',#4487,#3621,#3622);
#3295=AXIS2_PLACEMENT_3D('',#4489,#3623,#3624);
#3296=AXIS2_PLACEMENT_3D('',#4492,#3626,#3627);
#3297=AXIS2_PLACEMENT_3D('',#4493,#3628,#3629);
#3298=AXIS2_PLACEMENT_3D('',#4499,#3633,#3634);
#3299=AXIS2_PLACEMENT_3D('',#4500,#3635,#3636);
#3300=AXIS2_PLACEMENT_3D('',#4501,#3637,#3638);
#3301=AXIS2_PLACEMENT_3D('',#4502,#3639,#3640);
#3302=AXIS2_PLACEMENT_3D('',#4504,#3641,#3642);
#3303=AXIS2_PLACEMENT_3D('',#4507,#3644,#3645);
#3304=AXIS2_PLACEMENT_3D('',#4508,#3646,#3647);
#3305=AXIS2_PLACEMENT_3D('',#4510,#3648,#3649);
#3306=AXIS2_PLACEMENT_3D('',#4513,#3651,#3652);
#3307=AXIS2_PLACEMENT_3D('',#4514,#3653,#3654);
#3308=AXIS2_PLACEMENT_3D('',#4516,#3655,#3656);
#3309=AXIS2_PLACEMENT_3D('',#4519,#3658,#3659);
#3310=AXIS2_PLACEMENT_3D('',#4520,#3660,#3661);
#3311=AXIS2_PLACEMENT_3D('',#4522,#3662,#3663);
#3312=AXIS2_PLACEMENT_3D('',#4525,#3665,#3666);
#3313=AXIS2_PLACEMENT_3D('',#4526,#3667,#3668);
#3314=AXIS2_PLACEMENT_3D('',#4528,#3669,#3670);
#3315=AXIS2_PLACEMENT_3D('',#4531,#3672,#3673);
#3316=AXIS2_PLACEMENT_3D('',#4532,#3674,#3675);
#3317=AXIS2_PLACEMENT_3D('',#4541,#3680,#3681);
#3318=AXIS2_PLACEMENT_3D('',#4547,#3685,#3686);
#3319=AXIS2_PLACEMENT_3D('',#4553,#3690,#3691);
#3320=AXIS2_PLACEMENT_3D('',#4559,#3695,#3696);
#3321=AXIS2_PLACEMENT_3D('',#4565,#3700,#3701);
#3322=AXIS2_PLACEMENT_3D('',#4571,#3705,#3706);
#3323=AXIS2_PLACEMENT_3D('',#4577,#3710,#3711);
#3324=AXIS2_PLACEMENT_3D('',#4583,#3715,#3716);
#3325=AXIS2_PLACEMENT_3D('',#4589,#3720,#3721);
#3326=AXIS2_PLACEMENT_3D('',#4595,#3725,#3726);
#3327=AXIS2_PLACEMENT_3D('',#4601,#3730,#3731);
#3328=AXIS2_PLACEMENT_3D('',#4604,#3734,#3735);
#3329=AXIS2_PLACEMENT_3D('',#4606,#3736,#3737);
#3330=AXIS2_PLACEMENT_3D('',#4609,#3739,#3740);
#3331=AXIS2_PLACEMENT_3D('',#4610,#3741,#3742);
#3332=AXIS2_PLACEMENT_3D('',#4619,#3747,#3748);
#3333=AXIS2_PLACEMENT_3D('',#4621,#3749,#3750);
#3334=AXIS2_PLACEMENT_3D('',#4623,#3751,#3752);
#3335=AXIS2_PLACEMENT_3D('',#4625,#3754,#3755);
#3336=AXIS2_PLACEMENT_3D('',#4631,#3759,#3760);
#3337=AXIS2_PLACEMENT_3D('',#4633,#3761,#3762);
#3338=AXIS2_PLACEMENT_3D('',#4635,#3763,#3764);
#3339=AXIS2_PLACEMENT_3D('',#4637,#3766,#3767);
#3340=AXIS2_PLACEMENT_3D('',#4643,#3771,#3772);
#3341=AXIS2_PLACEMENT_3D('',#4645,#3773,#3774);
#3342=AXIS2_PLACEMENT_3D('',#4647,#3775,#3776);
#3343=AXIS2_PLACEMENT_3D('',#4649,#3778,#3779);
#3344=AXIS2_PLACEMENT_3D('',#4655,#3783,#3784);
#3345=AXIS2_PLACEMENT_3D('',#4656,#3785,#3786);
#3346=AXIS2_PLACEMENT_3D('',#4657,#3787,#3788);
#3347=AXIS2_PLACEMENT_3D('',#4658,#3789,#3790);
#3348=AXIS2_PLACEMENT_3D('',#4659,#3791,#3792);
#3349=AXIS2_PLACEMENT_3D('',#4660,#3793,#3794);
#3350=AXIS2_PLACEMENT_3D('',#4669,#3799,#3800);
#3351=AXIS2_PLACEMENT_3D('',#4675,#3804,#3805);
#3352=AXIS2_PLACEMENT_3D('',#4681,#3809,#3810);
#3353=AXIS2_PLACEMENT_3D('',#4684,#3813,#3814);
#3354=AXIS2_PLACEMENT_3D('',#4693,#3819,#3820);
#3355=AXIS2_PLACEMENT_3D('',#4699,#3824,#3825);
#3356=AXIS2_PLACEMENT_3D('',#4705,#3829,#3830);
#3357=AXIS2_PLACEMENT_3D('',#4708,#3833,#3834);
#3358=AXIS2_PLACEMENT_3D('',#4717,#3839,#3840);
#3359=AXIS2_PLACEMENT_3D('',#4723,#3844,#3845);
#3360=AXIS2_PLACEMENT_3D('',#4729,#3849,#3850);
#3361=AXIS2_PLACEMENT_3D('',#4732,#3853,#3854);
#3362=AXIS2_PLACEMENT_3D('',#4741,#3859,#3860);
#3363=AXIS2_PLACEMENT_3D('',#4747,#3864,#3865);
#3364=AXIS2_PLACEMENT_3D('',#4753,#3869,#3870);
#3365=AXIS2_PLACEMENT_3D('',#4756,#3873,#3874);
#3366=AXIS2_PLACEMENT_3D('',#4758,#3875,#3876);
#3367=AXIS2_PLACEMENT_3D('',#4761,#3878,#3879);
#3368=AXIS2_PLACEMENT_3D('',#4762,#3880,#3881);
#3369=AXIS2_PLACEMENT_3D('',#4764,#3882,#3883);
#3370=AXIS2_PLACEMENT_3D('',#4767,#3885,#3886);
#3371=AXIS2_PLACEMENT_3D('',#4768,#3887,#3888);
#3372=AXIS2_PLACEMENT_3D('',#4770,#3889,#3890);
#3373=AXIS2_PLACEMENT_3D('',#4773,#3892,#3893);
#3374=AXIS2_PLACEMENT_3D('',#4774,#3894,#3895);
#3375=AXIS2_PLACEMENT_3D('',#4776,#3896,#3897);
#3376=AXIS2_PLACEMENT_3D('',#4779,#3899,#3900);
#3377=AXIS2_PLACEMENT_3D('',#4780,#3901,#3902);
#3378=AXIS2_PLACEMENT_3D('',#4789,#3907,#3908);
#3379=AXIS2_PLACEMENT_3D('',#4791,#3909,#3910);
#3380=AXIS2_PLACEMENT_3D('',#4793,#3911,#3912);
#3381=AXIS2_PLACEMENT_3D('',#4795,#3914,#3915);
#3382=AXIS2_PLACEMENT_3D('',#4801,#3919,#3920);
#3383=AXIS2_PLACEMENT_3D('',#4803,#3921,#3922);
#3384=AXIS2_PLACEMENT_3D('',#4805,#3923,#3924);
#3385=AXIS2_PLACEMENT_3D('',#4807,#3926,#3927);
#3386=AXIS2_PLACEMENT_3D('',#4813,#3931,#3932);
#3387=AXIS2_PLACEMENT_3D('',#4815,#3933,#3934);
#3388=AXIS2_PLACEMENT_3D('',#4817,#3935,#3936);
#3389=AXIS2_PLACEMENT_3D('',#4819,#3938,#3939);
#3390=AXIS2_PLACEMENT_3D('',#4825,#3943,#3944);
#3391=AXIS2_PLACEMENT_3D('',#4826,#3945,#3946);
#3392=AXIS2_PLACEMENT_3D('',#4827,#3947,#3948);
#3393=AXIS2_PLACEMENT_3D('',#4828,#3949,#3950);
#3394=AXIS2_PLACEMENT_3D('',#4837,#3955,#3956);
#3395=AXIS2_PLACEMENT_3D('',#4843,#3960,#3961);
#3396=AXIS2_PLACEMENT_3D('',#4849,#3965,#3966);
#3397=AXIS2_PLACEMENT_3D('',#4855,#3970,#3971);
#3398=AXIS2_PLACEMENT_3D('',#4861,#3975,#3976);
#3399=AXIS2_PLACEMENT_3D('',#4867,#3980,#3981);
#3400=AXIS2_PLACEMENT_3D('',#4873,#3985,#3986);
#3401=AXIS2_PLACEMENT_3D('',#4879,#3990,#3991);
#3402=AXIS2_PLACEMENT_3D('',#4885,#3995,#3996);
#3403=AXIS2_PLACEMENT_3D('',#4891,#4000,#4001);
#3404=AXIS2_PLACEMENT_3D('',#4897,#4005,#4006);
#3405=AXIS2_PLACEMENT_3D('',#4900,#4009,#4010);
#3406=AXIS2_PLACEMENT_3D('',#4902,#4011,#4012);
#3407=AXIS2_PLACEMENT_3D('',#4905,#4014,#4015);
#3408=AXIS2_PLACEMENT_3D('',#4906,#4016,#4017);
#3409=AXIS2_PLACEMENT_3D('',#4908,#4018,#4019);
#3410=AXIS2_PLACEMENT_3D('',#4911,#4021,#4022);
#3411=AXIS2_PLACEMENT_3D('',#4912,#4023,#4024);
#3412=AXIS2_PLACEMENT_3D('',#4921,#4029,#4030);
#3413=AXIS2_PLACEMENT_3D('',#4923,#4031,#4032);
#3414=AXIS2_PLACEMENT_3D('',#4925,#4033,#4034);
#3415=AXIS2_PLACEMENT_3D('',#4927,#4036,#4037);
#3416=AXIS2_PLACEMENT_3D('',#4933,#4041,#4042);
#3417=AXIS2_PLACEMENT_3D('',#4935,#4043,#4044);
#3418=AXIS2_PLACEMENT_3D('',#4937,#4045,#4046);
#3419=AXIS2_PLACEMENT_3D('',#4939,#4048,#4049);
#3420=AXIS2_PLACEMENT_3D('',#4945,#4053,#4054);
#3421=AXIS2_PLACEMENT_3D('',#4947,#4055,#4056);
#3422=AXIS2_PLACEMENT_3D('',#4949,#4057,#4058);
#3423=AXIS2_PLACEMENT_3D('',#4951,#4060,#4061);
#3424=AXIS2_PLACEMENT_3D('',#4957,#4065,#4066);
#3425=AXIS2_PLACEMENT_3D('',#4958,#4067,#4068);
#3426=AXIS2_PLACEMENT_3D('',#4959,#4069,#4070);
#3427=AXIS2_PLACEMENT_3D('',#4960,#4071,#4072);
#3428=AXIS2_PLACEMENT_3D('',#4961,#4073,#4074);
#3429=AXIS2_PLACEMENT_3D('',#4962,#4075,#4076);
#3430=AXIS2_PLACEMENT_3D('',#4971,#4081,#4082);
#3431=AXIS2_PLACEMENT_3D('',#4973,#4083,#4084);
#3432=AXIS2_PLACEMENT_3D('',#4975,#4085,#4086);
#3433=AXIS2_PLACEMENT_3D('',#4977,#4088,#4089);
#3434=AXIS2_PLACEMENT_3D('',#4983,#4093,#4094);
#3435=AXIS2_PLACEMENT_3D('',#4985,#4095,#4096);
#3436=AXIS2_PLACEMENT_3D('',#4987,#4097,#4098);
#3437=AXIS2_PLACEMENT_3D('',#4989,#4100,#4101);
#3438=AXIS2_PLACEMENT_3D('',#4995,#4105,#4106);
#3439=AXIS2_PLACEMENT_3D('',#4997,#4107,#4108);
#3440=AXIS2_PLACEMENT_3D('',#4999,#4109,#4110);
#3441=AXIS2_PLACEMENT_3D('',#5001,#4112,#4113);
#3442=AXIS2_PLACEMENT_3D('',#5007,#4117,#4118);
#3443=AXIS2_PLACEMENT_3D('',#5008,#4119,#4120);
#3444=AXIS2_PLACEMENT_3D('',#5009,#4121,#4122);
#3445=AXIS2_PLACEMENT_3D('',#5010,#4123,#4124);
#3446=AXIS2_PLACEMENT_3D('',#5019,#4129,#4130);
#3447=AXIS2_PLACEMENT_3D('',#5025,#4134,#4135);
#3448=AXIS2_PLACEMENT_3D('',#5031,#4139,#4140);
#3449=AXIS2_PLACEMENT_3D('',#5037,#4144,#4145);
#3450=AXIS2_PLACEMENT_3D('',#5043,#4149,#4150);
#3451=AXIS2_PLACEMENT_3D('',#5049,#4154,#4155);
#3452=AXIS2_PLACEMENT_3D('',#5055,#4159,#4160);
#3453=AXIS2_PLACEMENT_3D('',#5061,#4164,#4165);
#3454=AXIS2_PLACEMENT_3D('',#5067,#4169,#4170);
#3455=AXIS2_PLACEMENT_3D('',#5073,#4174,#4175);
#3456=AXIS2_PLACEMENT_3D('',#5079,#4179,#4180);
#3457=AXIS2_PLACEMENT_3D('',#5082,#4183,#4184);
#3458=AXIS2_PLACEMENT_3D('',#5091,#4189,#4190);
#3459=AXIS2_PLACEMENT_3D('',#5097,#4194,#4195);
#3460=AXIS2_PLACEMENT_3D('',#5103,#4199,#4200);
#3461=AXIS2_PLACEMENT_3D('',#5106,#4203,#4204);
#3462=AXIS2_PLACEMENT_3D('',#5115,#4209,#4210);
#3463=AXIS2_PLACEMENT_3D('',#5121,#4214,#4215);
#3464=AXIS2_PLACEMENT_3D('',#5127,#4219,#4220);
#3465=AXIS2_PLACEMENT_3D('',#5130,#4223,#4224);
#3466=AXIS2_PLACEMENT_3D('',#5139,#4229,#4230);
#3467=AXIS2_PLACEMENT_3D('',#5145,#4234,#4235);
#3468=AXIS2_PLACEMENT_3D('',#5151,#4239,#4240);
#3469=AXIS2_PLACEMENT_3D('',#5154,#4243,#4244);
#3470=AXIS2_PLACEMENT_3D('',#5156,#4245,#4246);
#3471=AXIS2_PLACEMENT_3D('',#5159,#4248,#4249);
#3472=AXIS2_PLACEMENT_3D('',#5160,#4250,#4251);
#3473=AXIS2_PLACEMENT_3D('',#5169,#4256,#4257);
#3474=AXIS2_PLACEMENT_3D('',#5175,#4261,#4262);
#3475=AXIS2_PLACEMENT_3D('',#5181,#4266,#4267);
#3476=AXIS2_PLACEMENT_3D('',#5184,#4270,#4271);
#3477=AXIS2_PLACEMENT_3D('',#5186,#4272,#4273);
#3478=AXIS2_PLACEMENT_3D('',#5189,#4275,#4276);
#3479=AXIS2_PLACEMENT_3D('',#5190,#4277,#4278);
#3480=AXIS2_PLACEMENT_3D('',#5192,#4279,#4280);
#3481=AXIS2_PLACEMENT_3D('',#5195,#4282,#4283);
#3482=AXIS2_PLACEMENT_3D('',#5196,#4284,#4285);
#3483=AXIS2_PLACEMENT_3D('',#5198,#4286,#4287);
#3484=AXIS2_PLACEMENT_3D('',#5201,#4289,#4290);
#3485=AXIS2_PLACEMENT_3D('',#5202,#4291,#4292);
#3486=AXIS2_PLACEMENT_3D('',#5204,#4293,#4294);
#3487=AXIS2_PLACEMENT_3D('',#5207,#4296,#4297);
#3488=AXIS2_PLACEMENT_3D('',#5208,#4298,#4299);
#3489=AXIS2_PLACEMENT_3D('',#5210,#4300,#4301);
#3490=AXIS2_PLACEMENT_3D('',#5213,#4303,#4304);
#3491=AXIS2_PLACEMENT_3D('',#5214,#4305,#4306);
#3492=AXIS2_PLACEMENT_3D('',#5223,#4311,#4312);
#3493=AXIS2_PLACEMENT_3D('',#5225,#4313,#4314);
#3494=AXIS2_PLACEMENT_3D('',#5227,#4315,#4316);
#3495=AXIS2_PLACEMENT_3D('',#5229,#4318,#4319);
#3496=AXIS2_PLACEMENT_3D('',#5235,#4323,#4324);
#3497=AXIS2_PLACEMENT_3D('',#5237,#4325,#4326);
#3498=AXIS2_PLACEMENT_3D('',#5239,#4327,#4328);
#3499=AXIS2_PLACEMENT_3D('',#5241,#4330,#4331);
#3500=AXIS2_PLACEMENT_3D('',#5247,#4335,#4336);
#3501=AXIS2_PLACEMENT_3D('',#5249,#4337,#4338);
#3502=AXIS2_PLACEMENT_3D('',#5251,#4339,#4340);
#3503=AXIS2_PLACEMENT_3D('',#5253,#4342,#4343);
#3504=AXIS2_PLACEMENT_3D('',#5259,#4347,#4348);
#3505=AXIS2_PLACEMENT_3D('',#5260,#4349,#4350);
#3506=AXIS2_PLACEMENT_3D('',#5261,#4351,#4352);
#3507=AXIS2_PLACEMENT_3D('',#5262,#4353,#4354);
#3508=AXIS2_PLACEMENT_3D('',#5263,#4355,#4356);
#3509=DIRECTION('axis',(0.,0.,1.));
#3510=DIRECTION('refdir',(1.,0.,0.));
#3511=DIRECTION('center_axis',(0.,1.,0.));
#3512=DIRECTION('ref_axis',(-1.,0.,0.));
#3513=DIRECTION('',(-1.,0.,0.));
#3514=DIRECTION('',(0.,0.,1.));
#3515=DIRECTION('',(1.,0.,0.));
#3516=DIRECTION('',(0.,0.,1.));
#3517=DIRECTION('center_axis',(1.,0.,0.));
#3518=DIRECTION('ref_axis',(0.,1.,0.));
#3519=DIRECTION('',(0.,1.,0.));
#3520=DIRECTION('',(0.,0.,1.));
#3521=DIRECTION('',(0.,-1.,0.));
#3522=DIRECTION('center_axis',(0.,-1.,0.));
#3523=DIRECTION('ref_axis',(1.,0.,0.));
#3524=DIRECTION('',(1.,0.,0.));
#3525=DIRECTION('',(0.,0.,1.));
#3526=DIRECTION('',(-1.,0.,0.));
#3527=DIRECTION('center_axis',(-1.,0.,0.));
#3528=DIRECTION('ref_axis',(0.,-1.,0.));
#3529=DIRECTION('',(0.,-1.,0.));
#3530=DIRECTION('',(0.,1.,0.));
#3531=DIRECTION('center_axis',(0.,1.,0.));
#3532=DIRECTION('ref_axis',(-1.,0.,0.));
#3533=DIRECTION('',(-1.,0.,0.));
#3534=DIRECTION('',(0.,0.,1.));
#3535=DIRECTION('',(1.,0.,0.));
#3536=DIRECTION('',(0.,0.,1.));
#3537=DIRECTION('center_axis',(1.,0.,0.));
#3538=DIRECTION('ref_axis',(0.,1.,0.));
#3539=DIRECTION('',(0.,1.,0.));
#3540=DIRECTION('',(0.,0.,1.));
#3541=DIRECTION('',(0.,-1.,0.));
#3542=DIRECTION('center_axis',(0.,-1.,0.));
#3543=DIRECTION('ref_axis',(1.,0.,0.));
#3544=DIRECTION('',(1.,0.,0.));
#3545=DIRECTION('',(0.,0.,1.));
#3546=DIRECTION('',(-1.,0.,0.));
#3547=DIRECTION('center_axis',(-1.,0.,0.));
#3548=DIRECTION('ref_axis',(0.,-1.,0.));
#3549=DIRECTION('',(0.,-1.,0.));
#3550=DIRECTION('',(0.,1.,0.));
#3551=DIRECTION('center_axis',(0.,1.,0.));
#3552=DIRECTION('ref_axis',(-1.,0.,0.));
#3553=DIRECTION('',(-1.,0.,0.));
#3554=DIRECTION('',(0.,0.,1.));
#3555=DIRECTION('',(1.,0.,0.));
#3556=DIRECTION('',(0.,0.,1.));
#3557=DIRECTION('center_axis',(1.,0.,0.));
#3558=DIRECTION('ref_axis',(0.,1.,0.));
#3559=DIRECTION('',(0.,1.,0.));
#3560=DIRECTION('',(0.,0.,1.));
#3561=DIRECTION('',(0.,-1.,0.));
#3562=DIRECTION('center_axis',(0.,-1.,0.));
#3563=DIRECTION('ref_axis',(1.,0.,0.));
#3564=DIRECTION('',(1.,0.,0.));
#3565=DIRECTION('',(0.,0.,1.));
#3566=DIRECTION('',(-1.,0.,0.));
#3567=DIRECTION('center_axis',(-1.,0.,0.));
#3568=DIRECTION('ref_axis',(0.,-1.,0.));
#3569=DIRECTION('',(0.,-1.,0.));
#3570=DIRECTION('',(0.,1.,0.));
#3571=DIRECTION('center_axis',(0.,1.,0.));
#3572=DIRECTION('ref_axis',(-1.,0.,0.));
#3573=DIRECTION('',(-1.,0.,0.));
#3574=DIRECTION('',(0.,0.,1.));
#3575=DIRECTION('',(1.,0.,0.));
#3576=DIRECTION('',(0.,0.,1.));
#3577=DIRECTION('center_axis',(1.,0.,0.));
#3578=DIRECTION('ref_axis',(0.,1.,0.));
#3579=DIRECTION('',(0.,1.,0.));
#3580=DIRECTION('',(0.,0.,1.));
#3581=DIRECTION('',(0.,-1.,0.));
#3582=DIRECTION('center_axis',(0.,-1.,0.));
#3583=DIRECTION('ref_axis',(1.,0.,0.));
#3584=DIRECTION('',(1.,0.,0.));
#3585=DIRECTION('',(0.,0.,1.));
#3586=DIRECTION('',(-1.,0.,0.));
#3587=DIRECTION('center_axis',(-1.,0.,0.));
#3588=DIRECTION('ref_axis',(0.,-1.,0.));
#3589=DIRECTION('',(0.,-1.,0.));
#3590=DIRECTION('',(0.,1.,0.));
#3591=DIRECTION('center_axis',(0.,-1.,0.));
#3592=DIRECTION('ref_axis',(1.,0.,0.));
#3593=DIRECTION('',(1.,0.,0.));
#3594=DIRECTION('',(0.,0.,1.));
#3595=DIRECTION('',(-1.,0.,0.));
#3596=DIRECTION('',(0.,0.,1.));
#3597=DIRECTION('center_axis',(0.,0.,1.));
#3598=DIRECTION('ref_axis',(-1.,-1.66533453693773E-15,0.));
#3599=DIRECTION('center_axis',(0.,0.,1.));
#3600=DIRECTION('ref_axis',(-1.,-1.66533453693773E-15,0.));
#3601=DIRECTION('',(0.,0.,1.));
#3602=DIRECTION('center_axis',(0.,0.,-1.));
#3603=DIRECTION('ref_axis',(-1.,-1.66533453693773E-15,0.));
#3604=DIRECTION('center_axis',(-1.,0.,0.));
#3605=DIRECTION('ref_axis',(0.,-1.,0.));
#3606=DIRECTION('',(0.,-1.,0.));
#3607=DIRECTION('',(0.,0.,1.));
#3608=DIRECTION('',(0.,1.,0.));
#3609=DIRECTION('center_axis',(0.,0.,1.));
#3610=DIRECTION('ref_axis',(0.,1.,0.));
#3611=DIRECTION('center_axis',(0.,0.,1.));
#3612=DIRECTION('ref_axis',(0.,1.,0.));
#3613=DIRECTION('',(0.,0.,1.));
#3614=DIRECTION('center_axis',(0.,0.,-1.));
#3615=DIRECTION('ref_axis',(0.,1.,0.));
#3616=DIRECTION('center_axis',(0.,1.,0.));
#3617=DIRECTION('ref_axis',(-1.,0.,0.));
#3618=DIRECTION('',(-1.,0.,0.));
#3619=DIRECTION('',(0.,0.,1.));
#3620=DIRECTION('',(1.,0.,0.));
#3621=DIRECTION('center_axis',(0.,0.,1.));
#3622=DIRECTION('ref_axis',(1.,2.22044604925031E-15,0.));
#3623=DIRECTION('center_axis',(0.,0.,1.));
#3624=DIRECTION('ref_axis',(1.,2.22044604925031E-15,0.));
#3625=DIRECTION('',(0.,0.,1.));
#3626=DIRECTION('center_axis',(0.,0.,-1.));
#3627=DIRECTION('ref_axis',(1.,2.22044604925031E-15,0.));
#3628=DIRECTION('center_axis',(1.,0.,0.));
#3629=DIRECTION('ref_axis',(0.,1.,0.));
#3630=DIRECTION('',(0.,1.,0.));
#3631=DIRECTION('',(0.,0.,1.));
#3632=DIRECTION('',(0.,-1.,0.));
#3633=DIRECTION('center_axis',(0.,0.,1.));
#3634=DIRECTION('ref_axis',(0.,-1.,0.));
#3635=DIRECTION('center_axis',(0.,0.,1.));
#3636=DIRECTION('ref_axis',(0.,-1.,0.));
#3637=DIRECTION('center_axis',(0.,0.,-1.));
#3638=DIRECTION('ref_axis',(0.,-1.,0.));
#3639=DIRECTION('center_axis',(0.,0.,1.));
#3640=DIRECTION('ref_axis',(1.,0.,0.));
#3641=DIRECTION('center_axis',(0.,0.,-1.));
#3642=DIRECTION('ref_axis',(1.,0.,0.));
#3643=DIRECTION('',(0.,0.,-1.));
#3644=DIRECTION('center_axis',(0.,0.,-1.));
#3645=DIRECTION('ref_axis',(1.,0.,0.));
#3646=DIRECTION('center_axis',(0.,0.,1.));
#3647=DIRECTION('ref_axis',(1.,0.,0.));
#3648=DIRECTION('center_axis',(0.,0.,-1.));
#3649=DIRECTION('ref_axis',(1.,0.,0.));
#3650=DIRECTION('',(0.,0.,-1.));
#3651=DIRECTION('center_axis',(0.,0.,-1.));
#3652=DIRECTION('ref_axis',(1.,0.,0.));
#3653=DIRECTION('center_axis',(0.,0.,1.));
#3654=DIRECTION('ref_axis',(1.,0.,0.));
#3655=DIRECTION('center_axis',(0.,0.,-1.));
#3656=DIRECTION('ref_axis',(1.,0.,0.));
#3657=DIRECTION('',(0.,0.,-1.));
#3658=DIRECTION('center_axis',(0.,0.,-1.));
#3659=DIRECTION('ref_axis',(1.,0.,0.));
#3660=DIRECTION('center_axis',(0.,0.,1.));
#3661=DIRECTION('ref_axis',(1.,0.,0.));
#3662=DIRECTION('center_axis',(0.,0.,-1.));
#3663=DIRECTION('ref_axis',(1.,0.,0.));
#3664=DIRECTION('',(0.,0.,-1.));
#3665=DIRECTION('center_axis',(0.,0.,-1.));
#3666=DIRECTION('ref_axis',(1.,0.,0.));
#3667=DIRECTION('center_axis',(0.,0.,1.));
#3668=DIRECTION('ref_axis',(1.,0.,0.));
#3669=DIRECTION('center_axis',(0.,0.,-1.));
#3670=DIRECTION('ref_axis',(1.,0.,0.));
#3671=DIRECTION('',(0.,0.,-1.));
#3672=DIRECTION('center_axis',(0.,0.,-1.));
#3673=DIRECTION('ref_axis',(1.,0.,0.));
#3674=DIRECTION('center_axis',(1.,0.,0.));
#3675=DIRECTION('ref_axis',(0.,1.,0.));
#3676=DIRECTION('',(0.,1.,0.));
#3677=DIRECTION('',(0.,0.,1.));
#3678=DIRECTION('',(0.,1.,0.));
#3679=DIRECTION('',(0.,0.,1.));
#3680=DIRECTION('center_axis',(0.,1.,0.));
#3681=DIRECTION('ref_axis',(-1.,0.,0.));
#3682=DIRECTION('',(-1.,0.,0.));
#3683=DIRECTION('',(-1.,0.,0.));
#3684=DIRECTION('',(0.,0.,1.));
#3685=DIRECTION('center_axis',(-0.999999999999996,9.42365902342731E-8,0.));
#3686=DIRECTION('ref_axis',(-9.42365902342731E-8,-0.999999999999996,0.));
#3687=DIRECTION('',(-9.42365902342731E-8,-0.999999999999996,0.));
#3688=DIRECTION('',(-9.42365902342731E-8,-0.999999999999996,0.));
#3689=DIRECTION('',(0.,0.,1.));
#3690=DIRECTION('center_axis',(0.,1.,0.));
#3691=DIRECTION('ref_axis',(-1.,0.,0.));
#3692=DIRECTION('',(-1.,0.,0.));
#3693=DIRECTION('',(-1.,0.,0.));
#3694=DIRECTION('',(0.,0.,1.));
#3695=DIRECTION('center_axis',(-1.,0.,0.));
#3696=DIRECTION('ref_axis',(0.,-1.,0.));
#3697=DIRECTION('',(0.,-1.,0.));
#3698=DIRECTION('',(0.,-1.,0.));
#3699=DIRECTION('',(0.,0.,1.));
#3700=DIRECTION('center_axis',(0.,-1.,0.));
#3701=DIRECTION('ref_axis',(1.,0.,0.));
#3702=DIRECTION('',(1.,0.,0.));
#3703=DIRECTION('',(1.,0.,0.));
#3704=DIRECTION('',(0.,0.,1.));
#3705=DIRECTION('center_axis',(-0.999999999999998,-6.74133617392624E-8,
0.));
#3706=DIRECTION('ref_axis',(6.74133617392624E-8,-0.999999999999998,0.));
#3707=DIRECTION('',(6.74133617392624E-8,-0.999999999999998,0.));
#3708=DIRECTION('',(6.74133617392624E-8,-0.999999999999998,0.));
#3709=DIRECTION('',(0.,0.,1.));
#3710=DIRECTION('center_axis',(0.,-1.,0.));
#3711=DIRECTION('ref_axis',(1.,0.,0.));
#3712=DIRECTION('',(1.,0.,0.));
#3713=DIRECTION('',(1.,0.,0.));
#3714=DIRECTION('',(0.,0.,1.));
#3715=DIRECTION('center_axis',(0.999999999999999,3.9140012473514E-8,0.));
#3716=DIRECTION('ref_axis',(-3.9140012473514E-8,0.999999999999999,0.));
#3717=DIRECTION('',(-3.9140012473514E-8,0.999999999999999,0.));
#3718=DIRECTION('',(-3.9140012473514E-8,0.999999999999999,0.));
#3719=DIRECTION('',(0.,0.,1.));
#3720=DIRECTION('center_axis',(0.,-1.,0.));
#3721=DIRECTION('ref_axis',(1.,0.,0.));
#3722=DIRECTION('',(1.,0.,0.));
#3723=DIRECTION('',(1.,0.,0.));
#3724=DIRECTION('',(0.,0.,1.));
#3725=DIRECTION('center_axis',(1.,1.34572487833352E-16,0.));
#3726=DIRECTION('ref_axis',(-1.34572487833352E-16,1.,0.));
#3727=DIRECTION('',(-1.34572487833352E-16,1.,0.));
#3728=DIRECTION('',(-1.34572487833352E-16,1.,0.));
#3729=DIRECTION('',(0.,0.,1.));
#3730=DIRECTION('center_axis',(0.,1.,0.));
#3731=DIRECTION('ref_axis',(-1.,0.,0.));
#3732=DIRECTION('',(-1.,0.,0.));
#3733=DIRECTION('',(-1.,0.,0.));
#3734=DIRECTION('center_axis',(0.,0.,1.));
#3735=DIRECTION('ref_axis',(1.,0.,0.));
#3736=DIRECTION('center_axis',(0.,0.,-1.));
#3737=DIRECTION('ref_axis',(1.,0.,0.));
#3738=DIRECTION('',(0.,0.,-1.));
#3739=DIRECTION('center_axis',(0.,0.,-1.));
#3740=DIRECTION('ref_axis',(1.,0.,0.));
#3741=DIRECTION('center_axis',(0.,1.,0.));
#3742=DIRECTION('ref_axis',(-1.,0.,0.));
#3743=DIRECTION('',(1.,0.,0.));
#3744=DIRECTION('',(0.,0.,1.));
#3745=DIRECTION('',(-1.,0.,0.));
#3746=DIRECTION('',(0.,0.,1.));
#3747=DIRECTION('center_axis',(0.,0.,1.));
#3748=DIRECTION('ref_axis',(1.,-2.96059473233376E-15,0.));
#3749=DIRECTION('center_axis',(0.,0.,1.));
#3750=DIRECTION('ref_axis',(1.,-2.96059473233376E-15,0.));
#3751=DIRECTION('center_axis',(0.,0.,1.));
#3752=DIRECTION('ref_axis',(1.,-2.96059473233376E-15,0.));
#3753=DIRECTION('',(0.,0.,1.));
#3754=DIRECTION('center_axis',(1.,0.,0.));
#3755=DIRECTION('ref_axis',(0.,1.,0.));
#3756=DIRECTION('',(0.,-1.,0.));
#3757=DIRECTION('',(0.,1.,0.));
#3758=DIRECTION('',(0.,0.,1.));
#3759=DIRECTION('center_axis',(0.,0.,1.));
#3760=DIRECTION('ref_axis',(-5.92118946466754E-15,-1.,0.));
#3761=DIRECTION('center_axis',(0.,0.,1.));
#3762=DIRECTION('ref_axis',(-5.92118946466754E-15,-1.,0.));
#3763=DIRECTION('center_axis',(0.,0.,1.));
#3764=DIRECTION('ref_axis',(-5.92118946466754E-15,-1.,0.));
#3765=DIRECTION('',(0.,0.,1.));
#3766=DIRECTION('center_axis',(5.65574614295921E-17,-1.,0.));
#3767=DIRECTION('ref_axis',(1.,5.65574614295921E-17,0.));
#3768=DIRECTION('',(-1.,-5.65574614295921E-17,0.));
#3769=DIRECTION('',(1.,5.65574614295921E-17,0.));
#3770=DIRECTION('',(0.,0.,1.));
#3771=DIRECTION('center_axis',(0.,0.,1.));
#3772=DIRECTION('ref_axis',(-1.,2.96059473233376E-15,0.));
#3773=DIRECTION('center_axis',(0.,0.,1.));
#3774=DIRECTION('ref_axis',(-1.,2.96059473233376E-15,0.));
#3775=DIRECTION('center_axis',(0.,0.,1.));
#3776=DIRECTION('ref_axis',(-1.,2.96059473233376E-15,0.));
#3777=DIRECTION('',(0.,0.,1.));
#3778=DIRECTION('center_axis',(-1.,0.,0.));
#3779=DIRECTION('ref_axis',(0.,-1.,0.));
#3780=DIRECTION('',(0.,1.,0.));
#3781=DIRECTION('',(0.,-1.,0.));
#3782=DIRECTION('',(0.,0.,1.));
#3783=DIRECTION('center_axis',(0.,0.,1.));
#3784=DIRECTION('ref_axis',(5.92118946466753E-15,1.,0.));
#3785=DIRECTION('center_axis',(0.,0.,1.));
#3786=DIRECTION('ref_axis',(5.92118946466753E-15,1.,0.));
#3787=DIRECTION('center_axis',(0.,0.,1.));
#3788=DIRECTION('ref_axis',(5.92118946466753E-15,1.,0.));
#3789=DIRECTION('center_axis',(0.,0.,1.));
#3790=DIRECTION('ref_axis',(1.,0.,0.));
#3791=DIRECTION('center_axis',(0.,0.,1.));
#3792=DIRECTION('ref_axis',(1.,0.,0.));
#3793=DIRECTION('center_axis',(0.,1.,0.));
#3794=DIRECTION('ref_axis',(-1.,0.,0.));
#3795=DIRECTION('',(-1.,0.,0.));
#3796=DIRECTION('',(0.,0.,1.));
#3797=DIRECTION('',(1.,0.,0.));
#3798=DIRECTION('',(0.,0.,1.));
#3799=DIRECTION('center_axis',(1.,0.,0.));
#3800=DIRECTION('ref_axis',(0.,1.,0.));
#3801=DIRECTION('',(0.,1.,0.));
#3802=DIRECTION('',(0.,0.,1.));
#3803=DIRECTION('',(0.,-1.,0.));
#3804=DIRECTION('center_axis',(0.,-1.,0.));
#3805=DIRECTION('ref_axis',(1.,0.,0.));
#3806=DIRECTION('',(1.,0.,0.));
#3807=DIRECTION('',(0.,0.,1.));
#3808=DIRECTION('',(-1.,0.,0.));
#3809=DIRECTION('center_axis',(-1.,0.,0.));
#3810=DIRECTION('ref_axis',(0.,-1.,0.));
#3811=DIRECTION('',(0.,-1.,0.));
#3812=DIRECTION('',(0.,1.,0.));
#3813=DIRECTION('center_axis',(0.,1.,0.));
#3814=DIRECTION('ref_axis',(-1.,0.,0.));
#3815=DIRECTION('',(-1.,0.,0.));
#3816=DIRECTION('',(0.,0.,1.));
#3817=DIRECTION('',(1.,0.,0.));
#3818=DIRECTION('',(0.,0.,1.));
#3819=DIRECTION('center_axis',(1.,0.,0.));
#3820=DIRECTION('ref_axis',(0.,1.,0.));
#3821=DIRECTION('',(0.,1.,0.));
#3822=DIRECTION('',(0.,0.,1.));
#3823=DIRECTION('',(0.,-1.,0.));
#3824=DIRECTION('center_axis',(0.,-1.,0.));
#3825=DIRECTION('ref_axis',(1.,0.,0.));
#3826=DIRECTION('',(1.,0.,0.));
#3827=DIRECTION('',(0.,0.,1.));
#3828=DIRECTION('',(-1.,0.,0.));
#3829=DIRECTION('center_axis',(-1.,0.,0.));
#3830=DIRECTION('ref_axis',(0.,-1.,0.));
#3831=DIRECTION('',(0.,-1.,0.));
#3832=DIRECTION('',(0.,1.,0.));
#3833=DIRECTION('center_axis',(0.,1.,0.));
#3834=DIRECTION('ref_axis',(-1.,0.,0.));
#3835=DIRECTION('',(-1.,0.,0.));
#3836=DIRECTION('',(0.,0.,1.));
#3837=DIRECTION('',(1.,0.,0.));
#3838=DIRECTION('',(0.,0.,1.));
#3839=DIRECTION('center_axis',(1.,0.,0.));
#3840=DIRECTION('ref_axis',(0.,1.,0.));
#3841=DIRECTION('',(0.,1.,0.));
#3842=DIRECTION('',(0.,0.,1.));
#3843=DIRECTION('',(0.,-1.,0.));
#3844=DIRECTION('center_axis',(0.,-1.,0.));
#3845=DIRECTION('ref_axis',(1.,0.,0.));
#3846=DIRECTION('',(1.,0.,0.));
#3847=DIRECTION('',(0.,0.,1.));
#3848=DIRECTION('',(-1.,0.,0.));
#3849=DIRECTION('center_axis',(-1.,0.,0.));
#3850=DIRECTION('ref_axis',(0.,-1.,0.));
#3851=DIRECTION('',(0.,-1.,0.));
#3852=DIRECTION('',(0.,1.,0.));
#3853=DIRECTION('center_axis',(0.,1.,0.));
#3854=DIRECTION('ref_axis',(-1.,0.,0.));
#3855=DIRECTION('',(-1.,0.,0.));
#3856=DIRECTION('',(0.,0.,1.));
#3857=DIRECTION('',(1.,0.,0.));
#3858=DIRECTION('',(0.,0.,1.));
#3859=DIRECTION('center_axis',(1.,0.,0.));
#3860=DIRECTION('ref_axis',(0.,1.,0.));
#3861=DIRECTION('',(0.,1.,0.));
#3862=DIRECTION('',(0.,0.,1.));
#3863=DIRECTION('',(0.,-1.,0.));
#3864=DIRECTION('center_axis',(0.,-1.,0.));
#3865=DIRECTION('ref_axis',(1.,0.,0.));
#3866=DIRECTION('',(1.,0.,0.));
#3867=DIRECTION('',(0.,0.,1.));
#3868=DIRECTION('',(-1.,0.,0.));
#3869=DIRECTION('center_axis',(-1.,0.,0.));
#3870=DIRECTION('ref_axis',(0.,-1.,0.));
#3871=DIRECTION('',(0.,-1.,0.));
#3872=DIRECTION('',(0.,1.,0.));
#3873=DIRECTION('center_axis',(0.,0.,1.));
#3874=DIRECTION('ref_axis',(1.,0.,0.));
#3875=DIRECTION('center_axis',(0.,0.,-1.));
#3876=DIRECTION('ref_axis',(1.,0.,0.));
#3877=DIRECTION('',(0.,0.,-1.));
#3878=DIRECTION('center_axis',(0.,0.,-1.));
#3879=DIRECTION('ref_axis',(1.,0.,0.));
#3880=DIRECTION('center_axis',(0.,0.,1.));
#3881=DIRECTION('ref_axis',(1.,0.,0.));
#3882=DIRECTION('center_axis',(0.,0.,-1.));
#3883=DIRECTION('ref_axis',(1.,0.,0.));
#3884=DIRECTION('',(0.,0.,-1.));
#3885=DIRECTION('center_axis',(0.,0.,-1.));
#3886=DIRECTION('ref_axis',(1.,0.,0.));
#3887=DIRECTION('center_axis',(0.,0.,1.));
#3888=DIRECTION('ref_axis',(1.,0.,0.));
#3889=DIRECTION('center_axis',(0.,0.,-1.));
#3890=DIRECTION('ref_axis',(1.,0.,0.));
#3891=DIRECTION('',(0.,0.,-1.));
#3892=DIRECTION('center_axis',(0.,0.,-1.));
#3893=DIRECTION('ref_axis',(1.,0.,0.));
#3894=DIRECTION('center_axis',(0.,0.,1.));
#3895=DIRECTION('ref_axis',(1.,0.,0.));
#3896=DIRECTION('center_axis',(0.,0.,-1.));
#3897=DIRECTION('ref_axis',(1.,0.,0.));
#3898=DIRECTION('',(0.,0.,-1.));
#3899=DIRECTION('center_axis',(0.,0.,-1.));
#3900=DIRECTION('ref_axis',(1.,0.,0.));
#3901=DIRECTION('center_axis',(-1.,0.,0.));
#3902=DIRECTION('ref_axis',(0.,-1.,0.));
#3903=DIRECTION('',(0.,-1.,0.));
#3904=DIRECTION('',(0.,0.,1.));
#3905=DIRECTION('',(0.,-1.,0.));
#3906=DIRECTION('',(0.,0.,1.));
#3907=DIRECTION('center_axis',(0.,0.,1.));
#3908=DIRECTION('ref_axis',(1.,2.22044604925031E-15,0.));
#3909=DIRECTION('center_axis',(0.,0.,-1.));
#3910=DIRECTION('ref_axis',(1.,2.22044604925031E-15,0.));
#3911=DIRECTION('center_axis',(0.,0.,-1.));
#3912=DIRECTION('ref_axis',(1.,2.22044604925031E-15,0.));
#3913=DIRECTION('',(0.,0.,1.));
#3914=DIRECTION('center_axis',(0.,-1.,0.));
#3915=DIRECTION('ref_axis',(1.,0.,0.));
#3916=DIRECTION('',(1.,0.,0.));
#3917=DIRECTION('',(1.,0.,0.));
#3918=DIRECTION('',(0.,0.,1.));
#3919=DIRECTION('center_axis',(0.,0.,1.));
#3920=DIRECTION('ref_axis',(0.,1.,0.));
#3921=DIRECTION('center_axis',(0.,0.,-1.));
#3922=DIRECTION('ref_axis',(0.,1.,0.));
#3923=DIRECTION('center_axis',(0.,0.,-1.));
#3924=DIRECTION('ref_axis',(0.,1.,0.));
#3925=DIRECTION('',(0.,0.,1.));
#3926=DIRECTION('center_axis',(1.,0.,0.));
#3927=DIRECTION('ref_axis',(0.,1.,0.));
#3928=DIRECTION('',(0.,1.,0.));
#3929=DIRECTION('',(0.,1.,0.));
#3930=DIRECTION('',(0.,0.,1.));
#3931=DIRECTION('center_axis',(0.,0.,1.));
#3932=DIRECTION('ref_axis',(-1.,-1.66533453693773E-15,0.));
#3933=DIRECTION('center_axis',(0.,0.,-1.));
#3934=DIRECTION('ref_axis',(-1.,-1.66533453693773E-15,0.));
#3935=DIRECTION('center_axis',(0.,0.,-1.));
#3936=DIRECTION('ref_axis',(-1.,-1.66533453693773E-15,0.));
#3937=DIRECTION('',(0.,0.,1.));
#3938=DIRECTION('center_axis',(0.,1.,0.));
#3939=DIRECTION('ref_axis',(-1.,0.,0.));
#3940=DIRECTION('',(-1.,0.,0.));
#3941=DIRECTION('',(-1.,0.,0.));
#3942=DIRECTION('',(0.,0.,1.));
#3943=DIRECTION('center_axis',(0.,0.,1.));
#3944=DIRECTION('ref_axis',(0.,-1.,0.));
#3945=DIRECTION('center_axis',(0.,0.,-1.));
#3946=DIRECTION('ref_axis',(0.,-1.,0.));
#3947=DIRECTION('center_axis',(0.,0.,-1.));
#3948=DIRECTION('ref_axis',(0.,-1.,0.));
#3949=DIRECTION('center_axis',(1.,0.,0.));
#3950=DIRECTION('ref_axis',(0.,1.,0.));
#3951=DIRECTION('',(0.,1.,0.));
#3952=DIRECTION('',(0.,0.,1.));
#3953=DIRECTION('',(0.,1.,0.));
#3954=DIRECTION('',(0.,0.,1.));
#3955=DIRECTION('center_axis',(0.,1.,0.));
#3956=DIRECTION('ref_axis',(-1.,0.,0.));
#3957=DIRECTION('',(-1.,0.,0.));
#3958=DIRECTION('',(-1.,0.,0.));
#3959=DIRECTION('',(0.,0.,1.));
#3960=DIRECTION('center_axis',(-0.999999999999996,9.42365902342731E-8,0.));
#3961=DIRECTION('ref_axis',(-9.42365902342731E-8,-0.999999999999996,0.));
#3962=DIRECTION('',(-9.42365902342731E-8,-0.999999999999996,0.));
#3963=DIRECTION('',(-9.42365902342731E-8,-0.999999999999996,0.));
#3964=DIRECTION('',(0.,0.,1.));
#3965=DIRECTION('center_axis',(0.,1.,0.));
#3966=DIRECTION('ref_axis',(-1.,0.,0.));
#3967=DIRECTION('',(-1.,0.,0.));
#3968=DIRECTION('',(-1.,0.,0.));
#3969=DIRECTION('',(0.,0.,1.));
#3970=DIRECTION('center_axis',(-1.,0.,0.));
#3971=DIRECTION('ref_axis',(0.,-1.,0.));
#3972=DIRECTION('',(0.,-1.,0.));
#3973=DIRECTION('',(0.,-1.,0.));
#3974=DIRECTION('',(0.,0.,1.));
#3975=DIRECTION('center_axis',(0.,-1.,0.));
#3976=DIRECTION('ref_axis',(1.,0.,0.));
#3977=DIRECTION('',(1.,0.,0.));
#3978=DIRECTION('',(1.,0.,0.));
#3979=DIRECTION('',(0.,0.,1.));
#3980=DIRECTION('center_axis',(-0.999999999999998,-6.74133617392624E-8,
0.));
#3981=DIRECTION('ref_axis',(6.74133617392624E-8,-0.999999999999998,0.));
#3982=DIRECTION('',(6.74133617392624E-8,-0.999999999999998,0.));
#3983=DIRECTION('',(6.74133617392624E-8,-0.999999999999998,0.));
#3984=DIRECTION('',(0.,0.,1.));
#3985=DIRECTION('center_axis',(0.,-1.,0.));
#3986=DIRECTION('ref_axis',(1.,0.,0.));
#3987=DIRECTION('',(1.,0.,0.));
#3988=DIRECTION('',(1.,0.,0.));
#3989=DIRECTION('',(0.,0.,1.));
#3990=DIRECTION('center_axis',(0.999999999999999,3.9140012473514E-8,0.));
#3991=DIRECTION('ref_axis',(-3.9140012473514E-8,0.999999999999999,0.));
#3992=DIRECTION('',(-3.9140012473514E-8,0.999999999999999,0.));
#3993=DIRECTION('',(-3.9140012473514E-8,0.999999999999999,0.));
#3994=DIRECTION('',(0.,0.,1.));
#3995=DIRECTION('center_axis',(0.,-1.,0.));
#3996=DIRECTION('ref_axis',(1.,0.,0.));
#3997=DIRECTION('',(1.,0.,0.));
#3998=DIRECTION('',(1.,0.,0.));
#3999=DIRECTION('',(0.,0.,1.));
#4000=DIRECTION('center_axis',(1.,1.34572487833352E-16,0.));
#4001=DIRECTION('ref_axis',(-1.34572487833352E-16,1.,0.));
#4002=DIRECTION('',(-1.34572487833352E-16,1.,0.));
#4003=DIRECTION('',(-1.34572487833352E-16,1.,0.));
#4004=DIRECTION('',(0.,0.,1.));
#4005=DIRECTION('center_axis',(0.,1.,0.));
#4006=DIRECTION('ref_axis',(-1.,0.,0.));
#4007=DIRECTION('',(-1.,0.,0.));
#4008=DIRECTION('',(-1.,0.,0.));
#4009=DIRECTION('center_axis',(0.,0.,1.));
#4010=DIRECTION('ref_axis',(1.,0.,0.));
#4011=DIRECTION('center_axis',(0.,0.,-1.));
#4012=DIRECTION('ref_axis',(1.,0.,0.));
#4013=DIRECTION('',(0.,0.,-1.));
#4014=DIRECTION('center_axis',(0.,0.,-1.));
#4015=DIRECTION('ref_axis',(1.,0.,0.));
#4016=DIRECTION('center_axis',(0.,0.,1.));
#4017=DIRECTION('ref_axis',(1.,0.,0.));
#4018=DIRECTION('center_axis',(0.,0.,-1.));
#4019=DIRECTION('ref_axis',(1.,0.,0.));
#4020=DIRECTION('',(0.,0.,-1.));
#4021=DIRECTION('center_axis',(0.,0.,-1.));
#4022=DIRECTION('ref_axis',(1.,0.,0.));
#4023=DIRECTION('center_axis',(0.,1.,0.));
#4024=DIRECTION('ref_axis',(-1.,0.,0.));
#4025=DIRECTION('',(1.,0.,0.));
#4026=DIRECTION('',(0.,0.,1.));
#4027=DIRECTION('',(-1.,0.,0.));
#4028=DIRECTION('',(0.,0.,1.));
#4029=DIRECTION('center_axis',(0.,0.,1.));
#4030=DIRECTION('ref_axis',(1.,-2.96059473233376E-15,0.));
#4031=DIRECTION('center_axis',(0.,0.,1.));
#4032=DIRECTION('ref_axis',(1.,-2.96059473233376E-15,0.));
#4033=DIRECTION('center_axis',(0.,0.,1.));
#4034=DIRECTION('ref_axis',(1.,-2.96059473233376E-15,0.));
#4035=DIRECTION('',(0.,0.,1.));
#4036=DIRECTION('center_axis',(1.,0.,0.));
#4037=DIRECTION('ref_axis',(0.,1.,0.));
#4038=DIRECTION('',(0.,-1.,0.));
#4039=DIRECTION('',(0.,1.,0.));
#4040=DIRECTION('',(0.,0.,1.));
#4041=DIRECTION('center_axis',(0.,0.,1.));
#4042=DIRECTION('ref_axis',(-5.92118946466754E-15,-1.,0.));
#4043=DIRECTION('center_axis',(0.,0.,1.));
#4044=DIRECTION('ref_axis',(-5.92118946466754E-15,-1.,0.));
#4045=DIRECTION('center_axis',(0.,0.,1.));
#4046=DIRECTION('ref_axis',(-5.92118946466754E-15,-1.,0.));
#4047=DIRECTION('',(0.,0.,1.));
#4048=DIRECTION('center_axis',(5.65574614295921E-17,-1.,0.));
#4049=DIRECTION('ref_axis',(1.,5.65574614295921E-17,0.));
#4050=DIRECTION('',(-1.,-5.65574614295921E-17,0.));
#4051=DIRECTION('',(1.,5.65574614295921E-17,0.));
#4052=DIRECTION('',(0.,0.,1.));
#4053=DIRECTION('center_axis',(0.,0.,1.));
#4054=DIRECTION('ref_axis',(-1.,2.96059473233376E-15,0.));
#4055=DIRECTION('center_axis',(0.,0.,1.));
#4056=DIRECTION('ref_axis',(-1.,2.96059473233376E-15,0.));
#4057=DIRECTION('center_axis',(0.,0.,1.));
#4058=DIRECTION('ref_axis',(-1.,2.96059473233376E-15,0.));
#4059=DIRECTION('',(0.,0.,1.));
#4060=DIRECTION('center_axis',(-1.,0.,0.));
#4061=DIRECTION('ref_axis',(0.,-1.,0.));
#4062=DIRECTION('',(0.,1.,0.));
#4063=DIRECTION('',(0.,-1.,0.));
#4064=DIRECTION('',(0.,0.,1.));
#4065=DIRECTION('center_axis',(0.,0.,1.));
#4066=DIRECTION('ref_axis',(5.92118946466753E-15,1.,0.));
#4067=DIRECTION('center_axis',(0.,0.,1.));
#4068=DIRECTION('ref_axis',(5.92118946466753E-15,1.,0.));
#4069=DIRECTION('center_axis',(0.,0.,1.));
#4070=DIRECTION('ref_axis',(5.92118946466753E-15,1.,0.));
#4071=DIRECTION('center_axis',(0.,0.,1.));
#4072=DIRECTION('ref_axis',(1.,0.,0.));
#4073=DIRECTION('center_axis',(0.,0.,1.));
#4074=DIRECTION('ref_axis',(1.,0.,0.));
#4075=DIRECTION('center_axis',(-1.,0.,0.));
#4076=DIRECTION('ref_axis',(0.,-1.,0.));
#4077=DIRECTION('',(0.,-1.,0.));
#4078=DIRECTION('',(0.,0.,1.));
#4079=DIRECTION('',(0.,-1.,0.));
#4080=DIRECTION('',(0.,0.,1.));
#4081=DIRECTION('center_axis',(0.,0.,1.));
#4082=DIRECTION('ref_axis',(1.,2.22044604925031E-15,0.));
#4083=DIRECTION('center_axis',(0.,0.,-1.));
#4084=DIRECTION('ref_axis',(1.,2.22044604925031E-15,0.));
#4085=DIRECTION('center_axis',(0.,0.,-1.));
#4086=DIRECTION('ref_axis',(1.,2.22044604925031E-15,0.));
#4087=DIRECTION('',(0.,0.,1.));
#4088=DIRECTION('center_axis',(0.,-1.,0.));
#4089=DIRECTION('ref_axis',(1.,0.,0.));
#4090=DIRECTION('',(1.,0.,0.));
#4091=DIRECTION('',(1.,0.,0.));
#4092=DIRECTION('',(0.,0.,1.));
#4093=DIRECTION('center_axis',(0.,0.,1.));
#4094=DIRECTION('ref_axis',(0.,1.,0.));
#4095=DIRECTION('center_axis',(0.,0.,-1.));
#4096=DIRECTION('ref_axis',(0.,1.,0.));
#4097=DIRECTION('center_axis',(0.,0.,-1.));
#4098=DIRECTION('ref_axis',(0.,1.,0.));
#4099=DIRECTION('',(0.,0.,1.));
#4100=DIRECTION('center_axis',(1.,0.,0.));
#4101=DIRECTION('ref_axis',(0.,1.,0.));
#4102=DIRECTION('',(0.,1.,0.));
#4103=DIRECTION('',(0.,1.,0.));
#4104=DIRECTION('',(0.,0.,1.));
#4105=DIRECTION('center_axis',(0.,0.,1.));
#4106=DIRECTION('ref_axis',(-1.,-1.66533453693773E-15,0.));
#4107=DIRECTION('center_axis',(0.,0.,-1.));
#4108=DIRECTION('ref_axis',(-1.,-1.66533453693773E-15,0.));
#4109=DIRECTION('center_axis',(0.,0.,-1.));
#4110=DIRECTION('ref_axis',(-1.,-1.66533453693773E-15,0.));
#4111=DIRECTION('',(0.,0.,1.));
#4112=DIRECTION('center_axis',(0.,1.,0.));
#4113=DIRECTION('ref_axis',(-1.,0.,0.));
#4114=DIRECTION('',(-1.,0.,0.));
#4115=DIRECTION('',(-1.,0.,0.));
#4116=DIRECTION('',(0.,0.,1.));
#4117=DIRECTION('center_axis',(0.,0.,1.));
#4118=DIRECTION('ref_axis',(0.,-1.,0.));
#4119=DIRECTION('center_axis',(0.,0.,-1.));
#4120=DIRECTION('ref_axis',(0.,-1.,0.));
#4121=DIRECTION('center_axis',(0.,0.,-1.));
#4122=DIRECTION('ref_axis',(0.,-1.,0.));
#4123=DIRECTION('center_axis',(1.,0.,0.));
#4124=DIRECTION('ref_axis',(0.,1.,0.));
#4125=DIRECTION('',(0.,1.,0.));
#4126=DIRECTION('',(0.,0.,1.));
#4127=DIRECTION('',(0.,1.,0.));
#4128=DIRECTION('',(0.,0.,1.));
#4129=DIRECTION('center_axis',(0.,1.,0.));
#4130=DIRECTION('ref_axis',(-1.,0.,0.));
#4131=DIRECTION('',(-1.,0.,0.));
#4132=DIRECTION('',(-1.,0.,0.));
#4133=DIRECTION('',(0.,0.,1.));
#4134=DIRECTION('center_axis',(-0.999999999999996,9.42365902342731E-8,0.));
#4135=DIRECTION('ref_axis',(-9.42365902342731E-8,-0.999999999999996,0.));
#4136=DIRECTION('',(-9.42365902342731E-8,-0.999999999999996,0.));
#4137=DIRECTION('',(-9.42365902342731E-8,-0.999999999999996,0.));
#4138=DIRECTION('',(0.,0.,1.));
#4139=DIRECTION('center_axis',(0.,1.,0.));
#4140=DIRECTION('ref_axis',(-1.,0.,0.));
#4141=DIRECTION('',(-1.,0.,0.));
#4142=DIRECTION('',(-1.,0.,0.));
#4143=DIRECTION('',(0.,0.,1.));
#4144=DIRECTION('center_axis',(-1.,0.,0.));
#4145=DIRECTION('ref_axis',(0.,-1.,0.));
#4146=DIRECTION('',(0.,-1.,0.));
#4147=DIRECTION('',(0.,-1.,0.));
#4148=DIRECTION('',(0.,0.,1.));
#4149=DIRECTION('center_axis',(0.,-1.,0.));
#4150=DIRECTION('ref_axis',(1.,0.,0.));
#4151=DIRECTION('',(1.,0.,0.));
#4152=DIRECTION('',(1.,0.,0.));
#4153=DIRECTION('',(0.,0.,1.));
#4154=DIRECTION('center_axis',(-0.999999999999998,-6.74133617392624E-8,
0.));
#4155=DIRECTION('ref_axis',(6.74133617392624E-8,-0.999999999999998,0.));
#4156=DIRECTION('',(6.74133617392624E-8,-0.999999999999998,0.));
#4157=DIRECTION('',(6.74133617392624E-8,-0.999999999999998,0.));
#4158=DIRECTION('',(0.,0.,1.));
#4159=DIRECTION('center_axis',(0.,-1.,0.));
#4160=DIRECTION('ref_axis',(1.,0.,0.));
#4161=DIRECTION('',(1.,0.,0.));
#4162=DIRECTION('',(1.,0.,0.));
#4163=DIRECTION('',(0.,0.,1.));
#4164=DIRECTION('center_axis',(0.999999999999999,3.9140012473514E-8,0.));
#4165=DIRECTION('ref_axis',(-3.9140012473514E-8,0.999999999999999,0.));
#4166=DIRECTION('',(-3.9140012473514E-8,0.999999999999999,0.));
#4167=DIRECTION('',(-3.9140012473514E-8,0.999999999999999,0.));
#4168=DIRECTION('',(0.,0.,1.));
#4169=DIRECTION('center_axis',(0.,-1.,0.));
#4170=DIRECTION('ref_axis',(1.,0.,0.));
#4171=DIRECTION('',(1.,0.,0.));
#4172=DIRECTION('',(1.,0.,0.));
#4173=DIRECTION('',(0.,0.,1.));
#4174=DIRECTION('center_axis',(1.,1.34572487833352E-16,0.));
#4175=DIRECTION('ref_axis',(-1.34572487833352E-16,1.,0.));
#4176=DIRECTION('',(-1.34572487833352E-16,1.,0.));
#4177=DIRECTION('',(-1.34572487833352E-16,1.,0.));
#4178=DIRECTION('',(0.,0.,1.));
#4179=DIRECTION('center_axis',(0.,1.,0.));
#4180=DIRECTION('ref_axis',(-1.,0.,0.));
#4181=DIRECTION('',(-1.,0.,0.));
#4182=DIRECTION('',(-1.,0.,0.));
#4183=DIRECTION('center_axis',(0.,1.,0.));
#4184=DIRECTION('ref_axis',(-1.,0.,0.));
#4185=DIRECTION('',(-1.,0.,0.));
#4186=DIRECTION('',(0.,0.,1.));
#4187=DIRECTION('',(-1.,0.,0.));
#4188=DIRECTION('',(0.,0.,1.));
#4189=DIRECTION('center_axis',(-1.,0.,0.));
#4190=DIRECTION('ref_axis',(0.,-1.,0.));
#4191=DIRECTION('',(0.,-1.,0.));
#4192=DIRECTION('',(0.,-1.,0.));
#4193=DIRECTION('',(0.,0.,1.));
#4194=DIRECTION('center_axis',(0.,-1.,0.));
#4195=DIRECTION('ref_axis',(1.,0.,0.));
#4196=DIRECTION('',(1.,0.,0.));
#4197=DIRECTION('',(1.,0.,0.));
#4198=DIRECTION('',(0.,0.,1.));
#4199=DIRECTION('center_axis',(1.,0.,0.));
#4200=DIRECTION('ref_axis',(0.,1.,0.));
#4201=DIRECTION('',(0.,1.,0.));
#4202=DIRECTION('',(0.,1.,0.));
#4203=DIRECTION('center_axis',(0.,1.,0.));
#4204=DIRECTION('ref_axis',(-1.,0.,0.));
#4205=DIRECTION('',(-1.,0.,0.));
#4206=DIRECTION('',(0.,0.,1.));
#4207=DIRECTION('',(-1.,0.,0.));
#4208=DIRECTION('',(0.,0.,1.));
#4209=DIRECTION('center_axis',(-1.,0.,0.));
#4210=DIRECTION('ref_axis',(0.,-1.,0.));
#4211=DIRECTION('',(0.,-1.,0.));
#4212=DIRECTION('',(0.,-1.,0.));
#4213=DIRECTION('',(0.,0.,1.));
#4214=DIRECTION('center_axis',(0.,-1.,0.));
#4215=DIRECTION('ref_axis',(1.,0.,0.));
#4216=DIRECTION('',(1.,0.,0.));
#4217=DIRECTION('',(1.,0.,0.));
#4218=DIRECTION('',(0.,0.,1.));
#4219=DIRECTION('center_axis',(1.,0.,0.));
#4220=DIRECTION('ref_axis',(0.,1.,0.));
#4221=DIRECTION('',(0.,1.,0.));
#4222=DIRECTION('',(0.,1.,0.));
#4223=DIRECTION('center_axis',(0.,1.,0.));
#4224=DIRECTION('ref_axis',(-1.,0.,0.));
#4225=DIRECTION('',(-1.,0.,0.));
#4226=DIRECTION('',(0.,0.,1.));
#4227=DIRECTION('',(-1.,0.,0.));
#4228=DIRECTION('',(0.,0.,1.));
#4229=DIRECTION('center_axis',(-1.,0.,0.));
#4230=DIRECTION('ref_axis',(0.,-1.,0.));
#4231=DIRECTION('',(0.,-1.,0.));
#4232=DIRECTION('',(0.,-1.,0.));
#4233=DIRECTION('',(0.,0.,1.));
#4234=DIRECTION('center_axis',(0.,-1.,0.));
#4235=DIRECTION('ref_axis',(1.,0.,0.));
#4236=DIRECTION('',(1.,0.,0.));
#4237=DIRECTION('',(1.,0.,0.));
#4238=DIRECTION('',(0.,0.,1.));
#4239=DIRECTION('center_axis',(1.,0.,0.));
#4240=DIRECTION('ref_axis',(0.,1.,0.));
#4241=DIRECTION('',(0.,1.,0.));
#4242=DIRECTION('',(0.,1.,0.));
#4243=DIRECTION('center_axis',(0.,0.,1.));
#4244=DIRECTION('ref_axis',(1.,0.,0.));
#4245=DIRECTION('center_axis',(0.,0.,-1.));
#4246=DIRECTION('ref_axis',(1.,0.,0.));
#4247=DIRECTION('',(0.,0.,-1.));
#4248=DIRECTION('center_axis',(0.,0.,-1.));
#4249=DIRECTION('ref_axis',(1.,0.,0.));
#4250=DIRECTION('center_axis',(0.,1.,0.));
#4251=DIRECTION('ref_axis',(-1.,0.,0.));
#4252=DIRECTION('',(-1.,0.,0.));
#4253=DIRECTION('',(0.,0.,1.));
#4254=DIRECTION('',(-1.,0.,0.));
#4255=DIRECTION('',(0.,0.,1.));
#4256=DIRECTION('center_axis',(-1.,0.,0.));
#4257=DIRECTION('ref_axis',(0.,-1.,0.));
#4258=DIRECTION('',(0.,-1.,0.));
#4259=DIRECTION('',(0.,-1.,0.));
#4260=DIRECTION('',(0.,0.,1.));
#4261=DIRECTION('center_axis',(0.,-1.,0.));
#4262=DIRECTION('ref_axis',(1.,0.,0.));
#4263=DIRECTION('',(1.,0.,0.));
#4264=DIRECTION('',(1.,0.,0.));
#4265=DIRECTION('',(0.,0.,1.));
#4266=DIRECTION('center_axis',(1.,0.,0.));
#4267=DIRECTION('ref_axis',(0.,1.,0.));
#4268=DIRECTION('',(0.,1.,0.));
#4269=DIRECTION('',(0.,1.,0.));
#4270=DIRECTION('center_axis',(0.,0.,1.));
#4271=DIRECTION('ref_axis',(1.,0.,0.));
#4272=DIRECTION('center_axis',(0.,0.,-1.));
#4273=DIRECTION('ref_axis',(1.,0.,0.));
#4274=DIRECTION('',(0.,0.,-1.));
#4275=DIRECTION('center_axis',(0.,0.,-1.));
#4276=DIRECTION('ref_axis',(1.,0.,0.));
#4277=DIRECTION('center_axis',(0.,0.,1.));
#4278=DIRECTION('ref_axis',(1.,0.,0.));
#4279=DIRECTION('center_axis',(0.,0.,-1.));
#4280=DIRECTION('ref_axis',(1.,0.,0.));
#4281=DIRECTION('',(0.,0.,-1.));
#4282=DIRECTION('center_axis',(0.,0.,-1.));
#4283=DIRECTION('ref_axis',(1.,0.,0.));
#4284=DIRECTION('center_axis',(0.,0.,1.));
#4285=DIRECTION('ref_axis',(1.,0.,0.));
#4286=DIRECTION('center_axis',(0.,0.,-1.));
#4287=DIRECTION('ref_axis',(1.,0.,0.));
#4288=DIRECTION('',(0.,0.,-1.));
#4289=DIRECTION('center_axis',(0.,0.,-1.));
#4290=DIRECTION('ref_axis',(1.,0.,0.));
#4291=DIRECTION('center_axis',(0.,0.,1.));
#4292=DIRECTION('ref_axis',(1.,0.,0.));
#4293=DIRECTION('center_axis',(0.,0.,-1.));
#4294=DIRECTION('ref_axis',(1.,0.,0.));
#4295=DIRECTION('',(0.,0.,-1.));
#4296=DIRECTION('center_axis',(0.,0.,-1.));
#4297=DIRECTION('ref_axis',(1.,0.,0.));
#4298=DIRECTION('center_axis',(0.,0.,1.));
#4299=DIRECTION('ref_axis',(1.,0.,0.));
#4300=DIRECTION('center_axis',(0.,0.,-1.));
#4301=DIRECTION('ref_axis',(1.,0.,0.));
#4302=DIRECTION('',(0.,0.,-1.));
#4303=DIRECTION('center_axis',(0.,0.,-1.));
#4304=DIRECTION('ref_axis',(1.,0.,0.));
#4305=DIRECTION('center_axis',(0.,1.,0.));
#4306=DIRECTION('ref_axis',(-1.,0.,0.));
#4307=DIRECTION('',(1.,0.,0.));
#4308=DIRECTION('',(0.,0.,1.));
#4309=DIRECTION('',(-1.,0.,0.));
#4310=DIRECTION('',(0.,0.,1.));
#4311=DIRECTION('center_axis',(0.,0.,1.));
#4312=DIRECTION('ref_axis',(1.,-2.96059473233376E-15,0.));
#4313=DIRECTION('center_axis',(0.,0.,1.));
#4314=DIRECTION('ref_axis',(1.,-2.96059473233376E-15,0.));
#4315=DIRECTION('center_axis',(0.,0.,1.));
#4316=DIRECTION('ref_axis',(1.,-2.96059473233376E-15,0.));
#4317=DIRECTION('',(0.,0.,1.));
#4318=DIRECTION('center_axis',(1.,0.,0.));
#4319=DIRECTION('ref_axis',(0.,1.,0.));
#4320=DIRECTION('',(0.,-1.,0.));
#4321=DIRECTION('',(0.,1.,0.));
#4322=DIRECTION('',(0.,0.,1.));
#4323=DIRECTION('center_axis',(0.,0.,1.));
#4324=DIRECTION('ref_axis',(-5.92118946466754E-15,-1.,0.));
#4325=DIRECTION('center_axis',(0.,0.,1.));
#4326=DIRECTION('ref_axis',(-5.92118946466754E-15,-1.,0.));
#4327=DIRECTION('center_axis',(0.,0.,1.));
#4328=DIRECTION('ref_axis',(-5.92118946466754E-15,-1.,0.));
#4329=DIRECTION('',(0.,0.,1.));
#4330=DIRECTION('center_axis',(5.65574614295921E-17,-1.,0.));
#4331=DIRECTION('ref_axis',(1.,5.65574614295921E-17,0.));
#4332=DIRECTION('',(-1.,-5.65574614295921E-17,0.));
#4333=DIRECTION('',(1.,5.65574614295921E-17,0.));
#4334=DIRECTION('',(0.,0.,1.));
#4335=DIRECTION('center_axis',(0.,0.,1.));
#4336=DIRECTION('ref_axis',(-1.,2.96059473233376E-15,0.));
#4337=DIRECTION('center_axis',(0.,0.,1.));
#4338=DIRECTION('ref_axis',(-1.,2.96059473233376E-15,0.));
#4339=DIRECTION('center_axis',(0.,0.,1.));
#4340=DIRECTION('ref_axis',(-1.,2.96059473233376E-15,0.));
#4341=DIRECTION('',(0.,0.,1.));
#4342=DIRECTION('center_axis',(-1.,0.,0.));
#4343=DIRECTION('ref_axis',(0.,-1.,0.));
#4344=DIRECTION('',(0.,1.,0.));
#4345=DIRECTION('',(0.,-1.,0.));
#4346=DIRECTION('',(0.,0.,1.));
#4347=DIRECTION('center_axis',(0.,0.,1.));
#4348=DIRECTION('ref_axis',(5.92118946466753E-15,1.,0.));
#4349=DIRECTION('center_axis',(0.,0.,1.));
#4350=DIRECTION('ref_axis',(5.92118946466753E-15,1.,0.));
#4351=DIRECTION('center_axis',(0.,0.,1.));
#4352=DIRECTION('ref_axis',(5.92118946466753E-15,1.,0.));
#4353=DIRECTION('center_axis',(0.,0.,1.));
#4354=DIRECTION('ref_axis',(1.,0.,0.));
#4355=DIRECTION('center_axis',(0.,0.,1.));
#4356=DIRECTION('ref_axis',(1.,0.,0.));
#4357=CARTESIAN_POINT('',(0.,0.,0.));
#4358=CARTESIAN_POINT('Origin',(-1.52500000000001,-2.68250000000001,0.));
#4359=CARTESIAN_POINT('',(-1.52500000000001,-2.68250000000001,0.));
#4360=CARTESIAN_POINT('',(-17.525,-2.68250000000001,0.));
#4361=CARTESIAN_POINT('',(-0.762500000000006,-2.68250000000001,0.));
#4362=CARTESIAN_POINT('',(-1.52500000000001,-2.68250000000001,3.));
#4363=CARTESIAN_POINT('',(-1.52500000000001,-2.68250000000001,0.));
#4364=CARTESIAN_POINT('',(-17.525,-2.68250000000001,3.));
#4365=CARTESIAN_POINT('',(-0.762500000000006,-2.68250000000001,3.));
#4366=CARTESIAN_POINT('',(-17.525,-2.68250000000001,0.));
#4367=CARTESIAN_POINT('Origin',(-1.52500000000001,-18.6825,0.));
#4368=CARTESIAN_POINT('',(-1.52500000000001,-18.6825,0.));
#4369=CARTESIAN_POINT('',(-1.52500000000001,-9.34125,0.));
#4370=CARTESIAN_POINT('',(-1.52500000000001,-18.6825,3.));
#4371=CARTESIAN_POINT('',(-1.52500000000001,-18.6825,0.));
#4372=CARTESIAN_POINT('',(-1.52500000000001,-9.34125,3.));
#4373=CARTESIAN_POINT('Origin',(-17.525,-18.6825,0.));
#4374=CARTESIAN_POINT('',(-17.525,-18.6825,0.));
#4375=CARTESIAN_POINT('',(-8.76250000000001,-18.6825,0.));
#4376=CARTESIAN_POINT('',(-17.525,-18.6825,3.));
#4377=CARTESIAN_POINT('',(-17.525,-18.6825,0.));
#4378=CARTESIAN_POINT('',(-8.76250000000001,-18.6825,3.));
#4379=CARTESIAN_POINT('Origin',(-17.525,-2.68250000000001,0.));
#4380=CARTESIAN_POINT('',(-17.525,-1.34125,0.));
#4381=CARTESIAN_POINT('',(-17.525,-1.34125,3.));
#4382=CARTESIAN_POINT('Origin',(17.525,-2.68250000000001,0.));
#4383=CARTESIAN_POINT('',(17.525,-2.68250000000001,0.));
#4384=CARTESIAN_POINT('',(1.52499999999999,-2.68250000000001,0.));
#4385=CARTESIAN_POINT('',(8.76249999999999,-2.68250000000001,0.));
#4386=CARTESIAN_POINT('',(17.525,-2.68250000000001,3.));
#4387=CARTESIAN_POINT('',(17.525,-2.68250000000001,0.));
#4388=CARTESIAN_POINT('',(1.52499999999999,-2.68250000000001,3.));
#4389=CARTESIAN_POINT('',(8.76249999999999,-2.68250000000001,3.));
#4390=CARTESIAN_POINT('',(1.52499999999999,-2.68250000000001,0.));
#4391=CARTESIAN_POINT('Origin',(17.525,-18.6825,0.));
#4392=CARTESIAN_POINT('',(17.525,-18.6825,0.));
#4393=CARTESIAN_POINT('',(17.525,-9.34125,0.));
#4394=CARTESIAN_POINT('',(17.525,-18.6825,3.));
#4395=CARTESIAN_POINT('',(17.525,-18.6825,0.));
#4396=CARTESIAN_POINT('',(17.525,-9.34125,3.));
#4397=CARTESIAN_POINT('Origin',(1.52499999999999,-18.6825,0.));
#4398=CARTESIAN_POINT('',(1.52499999999999,-18.6825,0.));
#4399=CARTESIAN_POINT('',(0.762499999999994,-18.6825,0.));
#4400=CARTESIAN_POINT('',(1.52499999999999,-18.6825,3.));
#4401=CARTESIAN_POINT('',(1.52499999999999,-18.6825,0.));
#4402=CARTESIAN_POINT('',(0.762499999999994,-18.6825,3.));
#4403=CARTESIAN_POINT('Origin',(1.52499999999999,-2.68250000000001,0.));
#4404=CARTESIAN_POINT('',(1.52499999999999,-1.34125,0.));
#4405=CARTESIAN_POINT('',(1.52499999999999,-1.34125,3.));
#4406=CARTESIAN_POINT('Origin',(-20.575,-2.68250000000001,0.));
#4407=CARTESIAN_POINT('',(-20.575,-2.68250000000001,0.));
#4408=CARTESIAN_POINT('',(-36.575,-2.68250000000001,0.));
#4409=CARTESIAN_POINT('',(-10.2875,-2.68250000000001,0.));
#4410=CARTESIAN_POINT('',(-20.575,-2.68250000000001,3.));
#4411=CARTESIAN_POINT('',(-20.575,-2.68250000000001,0.));
#4412=CARTESIAN_POINT('',(-36.575,-2.68250000000001,3.));
#4413=CARTESIAN_POINT('',(-10.2875,-2.68250000000001,3.));
#4414=CARTESIAN_POINT('',(-36.575,-2.68250000000001,0.));
#4415=CARTESIAN_POINT('Origin',(-20.575,-18.6825,0.));
#4416=CARTESIAN_POINT('',(-20.575,-18.6825,0.));
#4417=CARTESIAN_POINT('',(-20.575,-9.34125,0.));
#4418=CARTESIAN_POINT('',(-20.575,-18.6825,3.));
#4419=CARTESIAN_POINT('',(-20.575,-18.6825,0.));
#4420=CARTESIAN_POINT('',(-20.575,-9.34125,3.));
#4421=CARTESIAN_POINT('Origin',(-36.575,-18.6825,0.));
#4422=CARTESIAN_POINT('',(-36.575,-18.6825,0.));
#4423=CARTESIAN_POINT('',(-18.2875,-18.6825,0.));
#4424=CARTESIAN_POINT('',(-36.575,-18.6825,3.));
#4425=CARTESIAN_POINT('',(-36.575,-18.6825,0.));
#4426=CARTESIAN_POINT('',(-18.2875,-18.6825,3.));
#4427=CARTESIAN_POINT('Origin',(-36.575,-2.68250000000001,0.));
#4428=CARTESIAN_POINT('',(-36.575,-1.34125,0.));
#4429=CARTESIAN_POINT('',(-36.575,-1.34125,3.));
#4430=CARTESIAN_POINT('Origin',(36.575,-2.6825,0.));
#4431=CARTESIAN_POINT('',(36.575,-2.6825,0.));
#4432=CARTESIAN_POINT('',(20.575,-2.6825,0.));
#4433=CARTESIAN_POINT('',(18.2875,-2.6825,0.));
#4434=CARTESIAN_POINT('',(36.575,-2.6825,3.));
#4435=CARTESIAN_POINT('',(36.575,-2.6825,0.));
#4436=CARTESIAN_POINT('',(20.575,-2.6825,3.));
#4437=CARTESIAN_POINT('',(18.2875,-2.6825,3.));
#4438=CARTESIAN_POINT('',(20.575,-2.6825,0.));
#4439=CARTESIAN_POINT('Origin',(36.575,-18.6825,0.));
#4440=CARTESIAN_POINT('',(36.575,-18.6825,0.));
#4441=CARTESIAN_POINT('',(36.575,-9.34125,0.));
#4442=CARTESIAN_POINT('',(36.575,-18.6825,3.));
#4443=CARTESIAN_POINT('',(36.575,-18.6825,0.));
#4444=CARTESIAN_POINT('',(36.575,-9.34125,3.));
#4445=CARTESIAN_POINT('Origin',(20.575,-18.6825,0.));
#4446=CARTESIAN_POINT('',(20.575,-18.6825,0.));
#4447=CARTESIAN_POINT('',(10.2875,-18.6825,0.));
#4448=CARTESIAN_POINT('',(20.575,-18.6825,3.));
#4449=CARTESIAN_POINT('',(20.575,-18.6825,0.));
#4450=CARTESIAN_POINT('',(10.2875,-18.6825,3.));
#4451=CARTESIAN_POINT('Origin',(20.575,-2.6825,0.));
#4452=CARTESIAN_POINT('',(20.575,-1.34125,0.));
#4453=CARTESIAN_POINT('',(20.575,-1.34125,3.));
#4454=CARTESIAN_POINT('Origin',(-34.19,1.40351965892477,0.));
#4455=CARTESIAN_POINT('',(-34.19,1.40351965892477,0.));
#4456=CARTESIAN_POINT('',(-22.19,1.40351965892477,0.));
#4457=CARTESIAN_POINT('',(-17.095,1.40351965892477,0.));
#4458=CARTESIAN_POINT('',(-34.19,1.40351965892477,3.));
#4459=CARTESIAN_POINT('',(-34.19,1.40351965892477,0.));
#4460=CARTESIAN_POINT('',(-22.19,1.40351965892477,3.));
#4461=CARTESIAN_POINT('',(-17.095,1.40351965892477,3.));
#4462=CARTESIAN_POINT('',(-22.19,1.40351965892477,0.));
#4463=CARTESIAN_POINT('Origin',(-34.19,3.40351965892477,0.));
#4464=CARTESIAN_POINT('',(-36.19,3.40351965892477,0.));
#4465=CARTESIAN_POINT('Origin',(-34.19,3.40351965892477,0.));
#4466=CARTESIAN_POINT('',(-36.19,3.40351965892477,3.));
#4467=CARTESIAN_POINT('',(-36.19,3.40351965892477,0.));
#4468=CARTESIAN_POINT('Origin',(-34.19,3.40351965892477,3.));
#4469=CARTESIAN_POINT('Origin',(-36.19,15.4035196589248,0.));
#4470=CARTESIAN_POINT('',(-36.19,15.4035196589248,0.));
#4471=CARTESIAN_POINT('',(-36.19,7.70175982946238,0.));
#4472=CARTESIAN_POINT('',(-36.19,15.4035196589248,3.));
#4473=CARTESIAN_POINT('',(-36.19,15.4035196589248,0.));
#4474=CARTESIAN_POINT('',(-36.19,7.70175982946238,3.));
#4475=CARTESIAN_POINT('Origin',(-34.19,15.4035196589248,0.));
#4476=CARTESIAN_POINT('',(-34.19,17.4035196589248,0.));
#4477=CARTESIAN_POINT('Origin',(-34.19,15.4035196589248,0.));
#4478=CARTESIAN_POINT('',(-34.19,17.4035196589248,3.));
#4479=CARTESIAN_POINT('',(-34.19,17.4035196589248,0.));
#4480=CARTESIAN_POINT('Origin',(-34.19,15.4035196589248,3.));
#4481=CARTESIAN_POINT('Origin',(-22.19,17.4035196589248,0.));
#4482=CARTESIAN_POINT('',(-22.19,17.4035196589248,0.));
#4483=CARTESIAN_POINT('',(-11.095,17.4035196589248,0.));
#4484=CARTESIAN_POINT('',(-22.19,17.4035196589248,3.));
#4485=CARTESIAN_POINT('',(-22.19,17.4035196589248,0.));
#4486=CARTESIAN_POINT('',(-11.095,17.4035196589248,3.));
#4487=CARTESIAN_POINT('Origin',(-22.19,15.4035196589248,0.));
#4488=CARTESIAN_POINT('',(-20.19,15.4035196589248,0.));
#4489=CARTESIAN_POINT('Origin',(-22.19,15.4035196589248,0.));
#4490=CARTESIAN_POINT('',(-20.19,15.4035196589248,3.));
#4491=CARTESIAN_POINT('',(-20.19,15.4035196589248,0.));
#4492=CARTESIAN_POINT('Origin',(-22.19,15.4035196589248,3.));
#4493=CARTESIAN_POINT('Origin',(-20.19,3.40351965892477,0.));
#4494=CARTESIAN_POINT('',(-20.19,3.40351965892477,0.));
#4495=CARTESIAN_POINT('',(-20.19,1.70175982946238,0.));
#4496=CARTESIAN_POINT('',(-20.19,3.40351965892477,3.));
#4497=CARTESIAN_POINT('',(-20.19,3.40351965892477,0.));
#4498=CARTESIAN_POINT('',(-20.19,1.70175982946238,3.));
#4499=CARTESIAN_POINT('Origin',(-22.19,3.40351965892477,0.));
#4500=CARTESIAN_POINT('Origin',(-22.19,3.40351965892477,0.));
#4501=CARTESIAN_POINT('Origin',(-22.19,3.40351965892477,3.));
#4502=CARTESIAN_POINT('Origin',(-38.26,-0.099499999999999,0.));
#4503=CARTESIAN_POINT('',(-39.86,-0.099499999999999,3.));
#4504=CARTESIAN_POINT('Origin',(-38.26,-0.099499999999999,3.));
#4505=CARTESIAN_POINT('',(-39.86,-0.0994999999999992,0.));
#4506=CARTESIAN_POINT('',(-39.86,-0.0994999999999992,0.));
#4507=CARTESIAN_POINT('Origin',(-38.26,-0.099499999999999,0.));
#4508=CARTESIAN_POINT('Origin',(38.2600018083748,-0.0995000000000834,0.));
#4509=CARTESIAN_POINT('',(36.6600018083748,-0.0995000000000834,3.));
#4510=CARTESIAN_POINT('Origin',(38.2600018083748,-0.0995000000000834,3.));
#4511=CARTESIAN_POINT('',(36.6600018083748,-0.0995000000000836,0.));
#4512=CARTESIAN_POINT('',(36.6600018083748,-0.0995000000000836,0.));
#4513=CARTESIAN_POINT('Origin',(38.2600018083748,-0.0995000000000834,0.));
#4514=CARTESIAN_POINT('Origin',(38.26,-20.3675,0.));
#4515=CARTESIAN_POINT('',(36.66,-20.3675,3.));
#4516=CARTESIAN_POINT('Origin',(38.26,-20.3675,3.));
#4517=CARTESIAN_POINT('',(36.66,-20.3675,0.));
#4518=CARTESIAN_POINT('',(36.66,-20.3675,0.));
#4519=CARTESIAN_POINT('Origin',(38.26,-20.3675,0.));
#4520=CARTESIAN_POINT('Origin',(-38.26,20.3675,0.));
#4521=CARTESIAN_POINT('',(-39.86,20.3675,3.));
#4522=CARTESIAN_POINT('Origin',(-38.26,20.3675,3.));
#4523=CARTESIAN_POINT('',(-39.86,20.3675,0.));
#4524=CARTESIAN_POINT('',(-39.86,20.3675,0.));
#4525=CARTESIAN_POINT('Origin',(-38.26,20.3675,0.));
#4526=CARTESIAN_POINT('Origin',(-38.26,-20.3675,0.));
#4527=CARTESIAN_POINT('',(-39.86,-20.3675,3.));
#4528=CARTESIAN_POINT('Origin',(-38.26,-20.3675,3.));
#4529=CARTESIAN_POINT('',(-39.86,-20.3675,0.));
#4530=CARTESIAN_POINT('',(-39.86,-20.3675,0.));
#4531=CARTESIAN_POINT('Origin',(-38.26,-20.3675,0.));
#4532=CARTESIAN_POINT('Origin',(14.,-2.0425,0.));
#4533=CARTESIAN_POINT('',(14.,-2.0425,0.));
#4534=CARTESIAN_POINT('',(14.,1.1275,0.));
#4535=CARTESIAN_POINT('',(14.,-2.0425,0.));
#4536=CARTESIAN_POINT('',(14.,1.1275,3.));
#4537=CARTESIAN_POINT('',(14.,1.1275,0.));
#4538=CARTESIAN_POINT('',(14.,-2.0425,3.));
#4539=CARTESIAN_POINT('',(14.,-2.0425,3.));
#4540=CARTESIAN_POINT('',(14.,-2.0425,0.));
#4541=CARTESIAN_POINT('Origin',(36.,-2.0425,0.));
#4542=CARTESIAN_POINT('',(36.,-2.0425,0.));
#4543=CARTESIAN_POINT('',(36.,-2.0425,0.));
#4544=CARTESIAN_POINT('',(36.,-2.0425,3.));
#4545=CARTESIAN_POINT('',(36.,-2.0425,3.));
#4546=CARTESIAN_POINT('',(36.,-2.0425,0.));
#4547=CARTESIAN_POINT('Origin',(36.0000005364418,3.65000022351742,0.));
#4548=CARTESIAN_POINT('',(36.0000005364418,3.65000022351742,0.));
#4549=CARTESIAN_POINT('',(36.,-2.0425,0.));
#4550=CARTESIAN_POINT('',(36.0000005364418,3.65000022351742,3.));
#4551=CARTESIAN_POINT('',(36.,-2.0425,3.));
#4552=CARTESIAN_POINT('',(36.0000005364418,3.65000022351742,0.));
#4553=CARTESIAN_POINT('Origin',(41.2100005364418,3.65000022351742,0.));
#4554=CARTESIAN_POINT('',(41.2100005364418,3.65000022351742,0.));
#4555=CARTESIAN_POINT('',(41.2100005364418,3.65000022351742,0.));
#4556=CARTESIAN_POINT('',(41.2100005364418,3.65000022351742,3.));
#4557=CARTESIAN_POINT('',(41.2100005364418,3.65000022351742,3.));
#4558=CARTESIAN_POINT('',(41.2100005364418,3.65000022351742,0.));
#4559=CARTESIAN_POINT('Origin',(41.2100005364418,15.0000002235174,0.));
#4560=CARTESIAN_POINT('',(41.2100005364418,15.0000002235174,0.));
#4561=CARTESIAN_POINT('',(41.2100005364418,15.0000002235174,0.));
#4562=CARTESIAN_POINT('',(41.2100005364418,15.0000002235174,3.));
#4563=CARTESIAN_POINT('',(41.2100005364418,15.0000002235174,3.));
#4564=CARTESIAN_POINT('',(41.2100005364418,15.0000002235174,0.));
#4565=CARTESIAN_POINT('Origin',(36.0000005364418,15.0000002235174,0.));
#4566=CARTESIAN_POINT('',(36.0000005364418,15.0000002235174,0.));
#4567=CARTESIAN_POINT('',(36.0000005364418,15.0000002235174,0.));
#4568=CARTESIAN_POINT('',(36.0000005364418,15.0000002235174,3.));
#4569=CARTESIAN_POINT('',(36.0000005364418,15.0000002235174,3.));
#4570=CARTESIAN_POINT('',(36.0000005364418,15.0000002235174,0.));
#4571=CARTESIAN_POINT('Origin',(36.,22.9575,0.));
#4572=CARTESIAN_POINT('',(36.,22.9575,0.));
#4573=CARTESIAN_POINT('',(36.0000005364418,15.0000002235174,0.));
#4574=CARTESIAN_POINT('',(36.,22.9575,3.));
#4575=CARTESIAN_POINT('',(36.0000005364418,15.0000002235174,3.));
#4576=CARTESIAN_POINT('',(36.,22.9575,0.));
#4577=CARTESIAN_POINT('Origin',(14.,22.9575,0.));
#4578=CARTESIAN_POINT('',(14.,22.9575,0.));
#4579=CARTESIAN_POINT('',(14.,22.9575,0.));
#4580=CARTESIAN_POINT('',(14.,22.9575,3.));
#4581=CARTESIAN_POINT('',(14.,22.9575,3.));
#4582=CARTESIAN_POINT('',(14.,22.9575,0.));
#4583=CARTESIAN_POINT('Origin',(14.0000002086163,17.6275,0.));
#4584=CARTESIAN_POINT('',(14.0000002086163,17.6275,0.));
#4585=CARTESIAN_POINT('',(14.0000002086163,17.6275,0.));
#4586=CARTESIAN_POINT('',(14.0000002086163,17.6275,3.));
#4587=CARTESIAN_POINT('',(14.0000002086163,17.6275,3.));
#4588=CARTESIAN_POINT('',(14.0000002086163,17.6275,0.));
#4589=CARTESIAN_POINT('Origin',(-14.435,17.6275,0.));
#4590=CARTESIAN_POINT('',(-14.435,17.6275,0.));
#4591=CARTESIAN_POINT('',(-14.435,17.6275,0.));
#4592=CARTESIAN_POINT('',(-14.435,17.6275,3.));
#4593=CARTESIAN_POINT('',(-14.435,17.6275,3.));
#4594=CARTESIAN_POINT('',(-14.435,17.6275,0.));
#4595=CARTESIAN_POINT('Origin',(-14.435,1.1275,0.));
#4596=CARTESIAN_POINT('',(-14.435,1.1275,0.));
#4597=CARTESIAN_POINT('',(-14.435,1.1275,0.));
#4598=CARTESIAN_POINT('',(-14.435,1.1275,3.));
#4599=CARTESIAN_POINT('',(-14.435,1.1275,3.));
#4600=CARTESIAN_POINT('',(-14.435,1.1275,0.));
#4601=CARTESIAN_POINT('Origin',(14.,1.1275,0.));
#4602=CARTESIAN_POINT('',(-14.435,1.1275,0.));
#4603=CARTESIAN_POINT('',(-14.435,1.1275,3.));
#4604=CARTESIAN_POINT('Origin',(38.26,20.3675,0.));
#4605=CARTESIAN_POINT('',(36.66,20.3675,3.));
#4606=CARTESIAN_POINT('Origin',(38.26,20.3675,3.));
#4607=CARTESIAN_POINT('',(36.66,20.3675,0.));
#4608=CARTESIAN_POINT('',(36.66,20.3675,0.));
#4609=CARTESIAN_POINT('Origin',(38.26,20.3675,0.));
#4610=CARTESIAN_POINT('Origin',(39.2600020072423,24.3675011573941,0.));
#4611=CARTESIAN_POINT('',(-39.2600020072423,24.3675011573941,0.));
#4612=CARTESIAN_POINT('',(39.2600020072423,24.3675011573941,0.));
#4613=CARTESIAN_POINT('',(-39.2600020072423,24.3675011573941,0.));
#4614=CARTESIAN_POINT('',(-39.2600020072423,24.3675011573941,3.));
#4615=CARTESIAN_POINT('',(-39.2600020072423,24.3675011573941,0.));
#4616=CARTESIAN_POINT('',(39.2600020072423,24.3675011573941,3.));
#4617=CARTESIAN_POINT('',(-39.2600020072423,24.3675011573941,3.));
#4618=CARTESIAN_POINT('',(39.2600020072423,24.3675011573941,0.));
#4619=CARTESIAN_POINT('Origin',(39.2600020072423,21.3675011573942,0.));
#4620=CARTESIAN_POINT('',(42.2600020072423,21.3675011573941,0.));
#4621=CARTESIAN_POINT('Origin',(39.2600020072423,21.3675011573942,0.));
#4622=CARTESIAN_POINT('',(42.2600020072423,21.3675011573941,3.));
#4623=CARTESIAN_POINT('Origin',(39.2600020072423,21.3675011573942,3.));
#4624=CARTESIAN_POINT('',(42.2600020072423,21.3675011573941,0.));
#4625=CARTESIAN_POINT('Origin',(42.2600020072423,-21.3675011573941,0.));
#4626=CARTESIAN_POINT('',(42.2600020072423,-21.3675011573941,0.));
#4627=CARTESIAN_POINT('',(42.2600020072423,21.3675011573941,0.));
#4628=CARTESIAN_POINT('',(42.2600020072423,-21.3675011573941,3.));
#4629=CARTESIAN_POINT('',(42.2600020072423,21.3675011573941,3.));
#4630=CARTESIAN_POINT('',(42.2600020072423,-21.3675011573941,0.));
#4631=CARTESIAN_POINT('Origin',(39.2600020072423,-21.3675011573942,0.));
#4632=CARTESIAN_POINT('',(39.2600020072423,-24.3675011573941,0.));
#4633=CARTESIAN_POINT('Origin',(39.2600020072423,-21.3675011573942,0.));
#4634=CARTESIAN_POINT('',(39.2600020072423,-24.3675011573941,3.));
#4635=CARTESIAN_POINT('Origin',(39.2600020072423,-21.3675011573942,3.));
#4636=CARTESIAN_POINT('',(39.2600020072423,-24.3675011573941,0.));
#4637=CARTESIAN_POINT('Origin',(-39.2600020072423,-24.3675011573941,0.));
#4638=CARTESIAN_POINT('',(-39.2600020072423,-24.3675011573941,0.));
#4639=CARTESIAN_POINT('',(39.2600020072423,-24.3675011573941,0.));
#4640=CARTESIAN_POINT('',(-39.2600020072423,-24.3675011573941,3.));
#4641=CARTESIAN_POINT('',(39.2600020072423,-24.3675011573941,3.));
#4642=CARTESIAN_POINT('',(-39.2600020072423,-24.3675011573941,0.));
#4643=CARTESIAN_POINT('Origin',(-39.2600020072423,-21.3675011573942,0.));
#4644=CARTESIAN_POINT('',(-42.2600020072423,-21.3675011573941,0.));
#4645=CARTESIAN_POINT('Origin',(-39.2600020072423,-21.3675011573942,0.));
#4646=CARTESIAN_POINT('',(-42.2600020072423,-21.3675011573941,3.));
#4647=CARTESIAN_POINT('Origin',(-39.2600020072423,-21.3675011573942,3.));
#4648=CARTESIAN_POINT('',(-42.2600020072423,-21.3675011573941,0.));
#4649=CARTESIAN_POINT('Origin',(-42.2600020072423,21.3675011573941,0.));
#4650=CARTESIAN_POINT('',(-42.2600020072423,21.3675011573941,0.));
#4651=CARTESIAN_POINT('',(-42.2600020072423,-21.3675011573941,0.));
#4652=CARTESIAN_POINT('',(-42.2600020072423,21.3675011573941,3.));
#4653=CARTESIAN_POINT('',(-42.2600020072423,-21.3675011573941,3.));
#4654=CARTESIAN_POINT('',(-42.2600020072423,21.3675011573941,0.));
#4655=CARTESIAN_POINT('Origin',(-39.2600020072423,21.3675011573942,0.));
#4656=CARTESIAN_POINT('Origin',(-39.2600020072423,21.3675011573942,0.));
#4657=CARTESIAN_POINT('Origin',(-39.2600020072423,21.3675011573942,3.));
#4658=CARTESIAN_POINT('Origin',(0.,0.,3.));
#4659=CARTESIAN_POINT('Origin',(0.,0.,0.));
#4660=CARTESIAN_POINT('Origin',(-1.52500000000001,-2.68250000000001,0.));
#4661=CARTESIAN_POINT('',(-1.52500000000001,-2.68250000000001,0.));
#4662=CARTESIAN_POINT('',(-17.525,-2.68250000000001,0.));
#4663=CARTESIAN_POINT('',(-0.762500000000006,-2.68250000000001,0.));
#4664=CARTESIAN_POINT('',(-1.52500000000001,-2.68250000000001,3.));
#4665=CARTESIAN_POINT('',(-1.52500000000001,-2.68250000000001,0.));
#4666=CARTESIAN_POINT('',(-17.525,-2.68250000000001,3.));
#4667=CARTESIAN_POINT('',(-0.762500000000006,-2.68250000000001,3.));
#4668=CARTESIAN_POINT('',(-17.525,-2.68250000000001,0.));
#4669=CARTESIAN_POINT('Origin',(-1.52500000000001,-18.6825,0.));
#4670=CARTESIAN_POINT('',(-1.52500000000001,-18.6825,0.));
#4671=CARTESIAN_POINT('',(-1.52500000000001,-9.34125,0.));
#4672=CARTESIAN_POINT('',(-1.52500000000001,-18.6825,3.));
#4673=CARTESIAN_POINT('',(-1.52500000000001,-18.6825,0.));
#4674=CARTESIAN_POINT('',(-1.52500000000001,-9.34125,3.));
#4675=CARTESIAN_POINT('Origin',(-17.525,-18.6825,0.));
#4676=CARTESIAN_POINT('',(-17.525,-18.6825,0.));
#4677=CARTESIAN_POINT('',(-8.76250000000001,-18.6825,0.));
#4678=CARTESIAN_POINT('',(-17.525,-18.6825,3.));
#4679=CARTESIAN_POINT('',(-17.525,-18.6825,0.));
#4680=CARTESIAN_POINT('',(-8.76250000000001,-18.6825,3.));
#4681=CARTESIAN_POINT('Origin',(-17.525,-2.68250000000001,0.));
#4682=CARTESIAN_POINT('',(-17.525,-1.34125,0.));
#4683=CARTESIAN_POINT('',(-17.525,-1.34125,3.));
#4684=CARTESIAN_POINT('Origin',(17.525,-2.68250000000001,0.));
#4685=CARTESIAN_POINT('',(17.525,-2.68250000000001,0.));
#4686=CARTESIAN_POINT('',(1.52499999999999,-2.68250000000001,0.));
#4687=CARTESIAN_POINT('',(8.76249999999999,-2.68250000000001,0.));
#4688=CARTESIAN_POINT('',(17.525,-2.68250000000001,3.));
#4689=CARTESIAN_POINT('',(17.525,-2.68250000000001,0.));
#4690=CARTESIAN_POINT('',(1.52499999999999,-2.68250000000001,3.));
#4691=CARTESIAN_POINT('',(8.76249999999999,-2.68250000000001,3.));
#4692=CARTESIAN_POINT('',(1.52499999999999,-2.68250000000001,0.));
#4693=CARTESIAN_POINT('Origin',(17.525,-18.6825,0.));
#4694=CARTESIAN_POINT('',(17.525,-18.6825,0.));
#4695=CARTESIAN_POINT('',(17.525,-9.34125,0.));
#4696=CARTESIAN_POINT('',(17.525,-18.6825,3.));
#4697=CARTESIAN_POINT('',(17.525,-18.6825,0.));
#4698=CARTESIAN_POINT('',(17.525,-9.34125,3.));
#4699=CARTESIAN_POINT('Origin',(1.52499999999999,-18.6825,0.));
#4700=CARTESIAN_POINT('',(1.52499999999999,-18.6825,0.));
#4701=CARTESIAN_POINT('',(0.762499999999994,-18.6825,0.));
#4702=CARTESIAN_POINT('',(1.52499999999999,-18.6825,3.));
#4703=CARTESIAN_POINT('',(1.52499999999999,-18.6825,0.));
#4704=CARTESIAN_POINT('',(0.762499999999994,-18.6825,3.));
#4705=CARTESIAN_POINT('Origin',(1.52499999999999,-2.68250000000001,0.));
#4706=CARTESIAN_POINT('',(1.52499999999999,-1.34125,0.));
#4707=CARTESIAN_POINT('',(1.52499999999999,-1.34125,3.));
#4708=CARTESIAN_POINT('Origin',(-20.575,-2.68250000000001,0.));
#4709=CARTESIAN_POINT('',(-20.575,-2.68250000000001,0.));
#4710=CARTESIAN_POINT('',(-36.575,-2.68250000000001,0.));
#4711=CARTESIAN_POINT('',(-10.2875,-2.68250000000001,0.));
#4712=CARTESIAN_POINT('',(-20.575,-2.68250000000001,3.));
#4713=CARTESIAN_POINT('',(-20.575,-2.68250000000001,0.));
#4714=CARTESIAN_POINT('',(-36.575,-2.68250000000001,3.));
#4715=CARTESIAN_POINT('',(-10.2875,-2.68250000000001,3.));
#4716=CARTESIAN_POINT('',(-36.575,-2.68250000000001,0.));
#4717=CARTESIAN_POINT('Origin',(-20.575,-18.6825,0.));
#4718=CARTESIAN_POINT('',(-20.575,-18.6825,0.));
#4719=CARTESIAN_POINT('',(-20.575,-9.34125,0.));
#4720=CARTESIAN_POINT('',(-20.575,-18.6825,3.));
#4721=CARTESIAN_POINT('',(-20.575,-18.6825,0.));
#4722=CARTESIAN_POINT('',(-20.575,-9.34125,3.));
#4723=CARTESIAN_POINT('Origin',(-36.575,-18.6825,0.));
#4724=CARTESIAN_POINT('',(-36.575,-18.6825,0.));
#4725=CARTESIAN_POINT('',(-18.2875,-18.6825,0.));
#4726=CARTESIAN_POINT('',(-36.575,-18.6825,3.));
#4727=CARTESIAN_POINT('',(-36.575,-18.6825,0.));
#4728=CARTESIAN_POINT('',(-18.2875,-18.6825,3.));
#4729=CARTESIAN_POINT('Origin',(-36.575,-2.68250000000001,0.));
#4730=CARTESIAN_POINT('',(-36.575,-1.34125,0.));
#4731=CARTESIAN_POINT('',(-36.575,-1.34125,3.));
#4732=CARTESIAN_POINT('Origin',(36.575,-2.6825,0.));
#4733=CARTESIAN_POINT('',(36.575,-2.6825,0.));
#4734=CARTESIAN_POINT('',(20.575,-2.6825,0.));
#4735=CARTESIAN_POINT('',(18.2875,-2.6825,0.));
#4736=CARTESIAN_POINT('',(36.575,-2.6825,3.));
#4737=CARTESIAN_POINT('',(36.575,-2.6825,0.));
#4738=CARTESIAN_POINT('',(20.575,-2.6825,3.));
#4739=CARTESIAN_POINT('',(18.2875,-2.6825,3.));
#4740=CARTESIAN_POINT('',(20.575,-2.6825,0.));
#4741=CARTESIAN_POINT('Origin',(36.575,-18.6825,0.));
#4742=CARTESIAN_POINT('',(36.575,-18.6825,0.));
#4743=CARTESIAN_POINT('',(36.575,-9.34125,0.));
#4744=CARTESIAN_POINT('',(36.575,-18.6825,3.));
#4745=CARTESIAN_POINT('',(36.575,-18.6825,0.));
#4746=CARTESIAN_POINT('',(36.575,-9.34125,3.));
#4747=CARTESIAN_POINT('Origin',(20.575,-18.6825,0.));
#4748=CARTESIAN_POINT('',(20.575,-18.6825,0.));
#4749=CARTESIAN_POINT('',(10.2875,-18.6825,0.));
#4750=CARTESIAN_POINT('',(20.575,-18.6825,3.));
#4751=CARTESIAN_POINT('',(20.575,-18.6825,0.));
#4752=CARTESIAN_POINT('',(10.2875,-18.6825,3.));
#4753=CARTESIAN_POINT('Origin',(20.575,-2.6825,0.));
#4754=CARTESIAN_POINT('',(20.575,-1.34125,0.));
#4755=CARTESIAN_POINT('',(20.575,-1.34125,3.));
#4756=CARTESIAN_POINT('Origin',(-38.26,-20.3675,0.));
#4757=CARTESIAN_POINT('',(-39.86,-20.3675,3.));
#4758=CARTESIAN_POINT('Origin',(-38.26,-20.3675,3.));
#4759=CARTESIAN_POINT('',(-39.86,-20.3675,0.));
#4760=CARTESIAN_POINT('',(-39.86,-20.3675,0.));
#4761=CARTESIAN_POINT('Origin',(-38.26,-20.3675,0.));
#4762=CARTESIAN_POINT('Origin',(38.26,20.3675,0.));
#4763=CARTESIAN_POINT('',(36.66,20.3675,3.));
#4764=CARTESIAN_POINT('Origin',(38.26,20.3675,3.));
#4765=CARTESIAN_POINT('',(36.66,20.3675,0.));
#4766=CARTESIAN_POINT('',(36.66,20.3675,0.));
#4767=CARTESIAN_POINT('Origin',(38.26,20.3675,0.));
#4768=CARTESIAN_POINT('Origin',(-38.26,20.3675,0.));
#4769=CARTESIAN_POINT('',(-39.86,20.3675,3.));
#4770=CARTESIAN_POINT('Origin',(-38.26,20.3675,3.));
#4771=CARTESIAN_POINT('',(-39.86,20.3675,0.));
#4772=CARTESIAN_POINT('',(-39.86,20.3675,0.));
#4773=CARTESIAN_POINT('Origin',(-38.26,20.3675,0.));
#4774=CARTESIAN_POINT('Origin',(38.26,-20.3675,0.));
#4775=CARTESIAN_POINT('',(36.66,-20.3675,3.));
#4776=CARTESIAN_POINT('Origin',(38.26,-20.3675,3.));
#4777=CARTESIAN_POINT('',(36.66,-20.3675,0.));
#4778=CARTESIAN_POINT('',(36.66,-20.3675,0.));
#4779=CARTESIAN_POINT('Origin',(38.26,-20.3675,0.));
#4780=CARTESIAN_POINT('Origin',(-20.19,15.4035196589248,0.));
#4781=CARTESIAN_POINT('',(-20.19,15.4035196589248,0.));
#4782=CARTESIAN_POINT('',(-20.19,3.40351965892477,0.));
#4783=CARTESIAN_POINT('',(-20.19,15.4035196589248,0.));
#4784=CARTESIAN_POINT('',(-20.19,3.40351965892477,3.));
#4785=CARTESIAN_POINT('',(-20.19,3.40351965892477,0.));
#4786=CARTESIAN_POINT('',(-20.19,15.4035196589248,3.));
#4787=CARTESIAN_POINT('',(-20.19,15.4035196589248,3.));
#4788=CARTESIAN_POINT('',(-20.19,15.4035196589248,0.));
#4789=CARTESIAN_POINT('Origin',(-22.19,15.4035196589248,0.));
#4790=CARTESIAN_POINT('',(-22.19,17.4035196589248,0.));
#4791=CARTESIAN_POINT('Origin',(-22.19,15.4035196589248,0.));
#4792=CARTESIAN_POINT('',(-22.19,17.4035196589248,3.));
#4793=CARTESIAN_POINT('Origin',(-22.19,15.4035196589248,3.));
#4794=CARTESIAN_POINT('',(-22.19,17.4035196589248,0.));
#4795=CARTESIAN_POINT('Origin',(-34.19,17.4035196589248,0.));
#4796=CARTESIAN_POINT('',(-34.19,17.4035196589248,0.));
#4797=CARTESIAN_POINT('',(-34.19,17.4035196589248,0.));
#4798=CARTESIAN_POINT('',(-34.19,17.4035196589248,3.));
#4799=CARTESIAN_POINT('',(-34.19,17.4035196589248,3.));
#4800=CARTESIAN_POINT('',(-34.19,17.4035196589248,0.));
#4801=CARTESIAN_POINT('Origin',(-34.19,15.4035196589248,0.));
#4802=CARTESIAN_POINT('',(-36.19,15.4035196589248,0.));
#4803=CARTESIAN_POINT('Origin',(-34.19,15.4035196589248,0.));
#4804=CARTESIAN_POINT('',(-36.19,15.4035196589248,3.));
#4805=CARTESIAN_POINT('Origin',(-34.19,15.4035196589248,3.));
#4806=CARTESIAN_POINT('',(-36.19,15.4035196589248,0.));
#4807=CARTESIAN_POINT('Origin',(-36.19,3.40351965892477,0.));
#4808=CARTESIAN_POINT('',(-36.19,3.40351965892477,0.));
#4809=CARTESIAN_POINT('',(-36.19,3.40351965892477,0.));
#4810=CARTESIAN_POINT('',(-36.19,3.40351965892477,3.));
#4811=CARTESIAN_POINT('',(-36.19,3.40351965892477,3.));
#4812=CARTESIAN_POINT('',(-36.19,3.40351965892477,0.));
#4813=CARTESIAN_POINT('Origin',(-34.19,3.40351965892477,0.));
#4814=CARTESIAN_POINT('',(-34.19,1.40351965892477,0.));
#4815=CARTESIAN_POINT('Origin',(-34.19,3.40351965892477,0.));
#4816=CARTESIAN_POINT('',(-34.19,1.40351965892477,3.));
#4817=CARTESIAN_POINT('Origin',(-34.19,3.40351965892477,3.));
#4818=CARTESIAN_POINT('',(-34.19,1.40351965892477,0.));
#4819=CARTESIAN_POINT('Origin',(-22.19,1.40351965892477,0.));
#4820=CARTESIAN_POINT('',(-22.19,1.40351965892477,0.));
#4821=CARTESIAN_POINT('',(-22.19,1.40351965892477,0.));
#4822=CARTESIAN_POINT('',(-22.19,1.40351965892477,3.));
#4823=CARTESIAN_POINT('',(-22.19,1.40351965892477,3.));
#4824=CARTESIAN_POINT('',(-22.19,1.40351965892477,0.));
#4825=CARTESIAN_POINT('Origin',(-22.19,3.40351965892477,0.));
#4826=CARTESIAN_POINT('Origin',(-22.19,3.40351965892477,0.));
#4827=CARTESIAN_POINT('Origin',(-22.19,3.40351965892477,3.));
#4828=CARTESIAN_POINT('Origin',(14.,-2.0425,0.));
#4829=CARTESIAN_POINT('',(14.,-2.0425,0.));
#4830=CARTESIAN_POINT('',(14.,1.1275,0.));
#4831=CARTESIAN_POINT('',(14.,-2.0425,0.));
#4832=CARTESIAN_POINT('',(14.,1.1275,3.));
#4833=CARTESIAN_POINT('',(14.,1.1275,0.));
#4834=CARTESIAN_POINT('',(14.,-2.0425,3.));
#4835=CARTESIAN_POINT('',(14.,-2.0425,3.));
#4836=CARTESIAN_POINT('',(14.,-2.0425,0.));
#4837=CARTESIAN_POINT('Origin',(36.,-2.0425,0.));
#4838=CARTESIAN_POINT('',(36.,-2.0425,0.));
#4839=CARTESIAN_POINT('',(36.,-2.0425,0.));
#4840=CARTESIAN_POINT('',(36.,-2.0425,3.));
#4841=CARTESIAN_POINT('',(36.,-2.0425,3.));
#4842=CARTESIAN_POINT('',(36.,-2.0425,0.));
#4843=CARTESIAN_POINT('Origin',(36.0000005364418,3.65000022351742,0.));
#4844=CARTESIAN_POINT('',(36.0000005364418,3.65000022351742,0.));
#4845=CARTESIAN_POINT('',(36.,-2.0425,0.));
#4846=CARTESIAN_POINT('',(36.0000005364418,3.65000022351742,3.));
#4847=CARTESIAN_POINT('',(36.,-2.0425,3.));
#4848=CARTESIAN_POINT('',(36.0000005364418,3.65000022351742,0.));
#4849=CARTESIAN_POINT('Origin',(41.2100005364418,3.65000022351742,0.));
#4850=CARTESIAN_POINT('',(41.2100005364418,3.65000022351742,0.));
#4851=CARTESIAN_POINT('',(41.2100005364418,3.65000022351742,0.));
#4852=CARTESIAN_POINT('',(41.2100005364418,3.65000022351742,3.));
#4853=CARTESIAN_POINT('',(41.2100005364418,3.65000022351742,3.));
#4854=CARTESIAN_POINT('',(41.2100005364418,3.65000022351742,0.));
#4855=CARTESIAN_POINT('Origin',(41.2100005364418,15.0000002235174,0.));
#4856=CARTESIAN_POINT('',(41.2100005364418,15.0000002235174,0.));
#4857=CARTESIAN_POINT('',(41.2100005364418,15.0000002235174,0.));
#4858=CARTESIAN_POINT('',(41.2100005364418,15.0000002235174,3.));
#4859=CARTESIAN_POINT('',(41.2100005364418,15.0000002235174,3.));
#4860=CARTESIAN_POINT('',(41.2100005364418,15.0000002235174,0.));
#4861=CARTESIAN_POINT('Origin',(36.0000005364418,15.0000002235174,0.));
#4862=CARTESIAN_POINT('',(36.0000005364418,15.0000002235174,0.));
#4863=CARTESIAN_POINT('',(36.0000005364418,15.0000002235174,0.));
#4864=CARTESIAN_POINT('',(36.0000005364418,15.0000002235174,3.));
#4865=CARTESIAN_POINT('',(36.0000005364418,15.0000002235174,3.));
#4866=CARTESIAN_POINT('',(36.0000005364418,15.0000002235174,0.));
#4867=CARTESIAN_POINT('Origin',(36.,22.9575,0.));
#4868=CARTESIAN_POINT('',(36.,22.9575,0.));
#4869=CARTESIAN_POINT('',(36.0000005364418,15.0000002235174,0.));
#4870=CARTESIAN_POINT('',(36.,22.9575,3.));
#4871=CARTESIAN_POINT('',(36.0000005364418,15.0000002235174,3.));
#4872=CARTESIAN_POINT('',(36.,22.9575,0.));
#4873=CARTESIAN_POINT('Origin',(14.,22.9575,0.));
#4874=CARTESIAN_POINT('',(14.,22.9575,0.));
#4875=CARTESIAN_POINT('',(14.,22.9575,0.));
#4876=CARTESIAN_POINT('',(14.,22.9575,3.));
#4877=CARTESIAN_POINT('',(14.,22.9575,3.));
#4878=CARTESIAN_POINT('',(14.,22.9575,0.));
#4879=CARTESIAN_POINT('Origin',(14.0000002086163,17.6275,0.));
#4880=CARTESIAN_POINT('',(14.0000002086163,17.6275,0.));
#4881=CARTESIAN_POINT('',(14.0000002086163,17.6275,0.));
#4882=CARTESIAN_POINT('',(14.0000002086163,17.6275,3.));
#4883=CARTESIAN_POINT('',(14.0000002086163,17.6275,3.));
#4884=CARTESIAN_POINT('',(14.0000002086163,17.6275,0.));
#4885=CARTESIAN_POINT('Origin',(-14.435,17.6275,0.));
#4886=CARTESIAN_POINT('',(-14.435,17.6275,0.));
#4887=CARTESIAN_POINT('',(-14.435,17.6275,0.));
#4888=CARTESIAN_POINT('',(-14.435,17.6275,3.));
#4889=CARTESIAN_POINT('',(-14.435,17.6275,3.));
#4890=CARTESIAN_POINT('',(-14.435,17.6275,0.));
#4891=CARTESIAN_POINT('Origin',(-14.435,1.1275,0.));
#4892=CARTESIAN_POINT('',(-14.435,1.1275,0.));
#4893=CARTESIAN_POINT('',(-14.435,1.1275,0.));
#4894=CARTESIAN_POINT('',(-14.435,1.1275,3.));
#4895=CARTESIAN_POINT('',(-14.435,1.1275,3.));
#4896=CARTESIAN_POINT('',(-14.435,1.1275,0.));
#4897=CARTESIAN_POINT('Origin',(14.,1.1275,0.));
#4898=CARTESIAN_POINT('',(-14.435,1.1275,0.));
#4899=CARTESIAN_POINT('',(-14.435,1.1275,3.));
#4900=CARTESIAN_POINT('Origin',(-38.26,-0.099499999999999,0.));
#4901=CARTESIAN_POINT('',(-39.86,-0.099499999999999,3.));
#4902=CARTESIAN_POINT('Origin',(-38.26,-0.099499999999999,3.));
#4903=CARTESIAN_POINT('',(-39.86,-0.0994999999999992,0.));
#4904=CARTESIAN_POINT('',(-39.86,-0.0994999999999992,0.));
#4905=CARTESIAN_POINT('Origin',(-38.26,-0.099499999999999,0.));
#4906=CARTESIAN_POINT('Origin',(38.2600018083748,-0.0995000000000834,0.));
#4907=CARTESIAN_POINT('',(36.6600018083748,-0.0995000000000834,3.));
#4908=CARTESIAN_POINT('Origin',(38.2600018083748,-0.0995000000000834,3.));
#4909=CARTESIAN_POINT('',(36.6600018083748,-0.0995000000000836,0.));
#4910=CARTESIAN_POINT('',(36.6600018083748,-0.0995000000000836,0.));
#4911=CARTESIAN_POINT('Origin',(38.2600018083748,-0.0995000000000834,0.));
#4912=CARTESIAN_POINT('Origin',(39.2600020072423,24.3675011573941,0.));
#4913=CARTESIAN_POINT('',(-39.2600020072423,24.3675011573941,0.));
#4914=CARTESIAN_POINT('',(39.2600020072423,24.3675011573941,0.));
#4915=CARTESIAN_POINT('',(-39.2600020072423,24.3675011573941,0.));
#4916=CARTESIAN_POINT('',(-39.2600020072423,24.3675011573941,3.));
#4917=CARTESIAN_POINT('',(-39.2600020072423,24.3675011573941,0.));
#4918=CARTESIAN_POINT('',(39.2600020072423,24.3675011573941,3.));
#4919=CARTESIAN_POINT('',(-39.2600020072423,24.3675011573941,3.));
#4920=CARTESIAN_POINT('',(39.2600020072423,24.3675011573941,0.));
#4921=CARTESIAN_POINT('Origin',(39.2600020072423,21.3675011573942,0.));
#4922=CARTESIAN_POINT('',(42.2600020072423,21.3675011573941,0.));
#4923=CARTESIAN_POINT('Origin',(39.2600020072423,21.3675011573942,0.));
#4924=CARTESIAN_POINT('',(42.2600020072423,21.3675011573941,3.));
#4925=CARTESIAN_POINT('Origin',(39.2600020072423,21.3675011573942,3.));
#4926=CARTESIAN_POINT('',(42.2600020072423,21.3675011573941,0.));
#4927=CARTESIAN_POINT('Origin',(42.2600020072423,-21.3675011573941,0.));
#4928=CARTESIAN_POINT('',(42.2600020072423,-21.3675011573941,0.));
#4929=CARTESIAN_POINT('',(42.2600020072423,21.3675011573941,0.));
#4930=CARTESIAN_POINT('',(42.2600020072423,-21.3675011573941,3.));
#4931=CARTESIAN_POINT('',(42.2600020072423,21.3675011573941,3.));
#4932=CARTESIAN_POINT('',(42.2600020072423,-21.3675011573941,0.));
#4933=CARTESIAN_POINT('Origin',(39.2600020072423,-21.3675011573942,0.));
#4934=CARTESIAN_POINT('',(39.2600020072423,-24.3675011573941,0.));
#4935=CARTESIAN_POINT('Origin',(39.2600020072423,-21.3675011573942,0.));
#4936=CARTESIAN_POINT('',(39.2600020072423,-24.3675011573941,3.));
#4937=CARTESIAN_POINT('Origin',(39.2600020072423,-21.3675011573942,3.));
#4938=CARTESIAN_POINT('',(39.2600020072423,-24.3675011573941,0.));
#4939=CARTESIAN_POINT('Origin',(-39.2600020072423,-24.3675011573941,0.));
#4940=CARTESIAN_POINT('',(-39.2600020072423,-24.3675011573941,0.));
#4941=CARTESIAN_POINT('',(39.2600020072423,-24.3675011573941,0.));
#4942=CARTESIAN_POINT('',(-39.2600020072423,-24.3675011573941,3.));
#4943=CARTESIAN_POINT('',(39.2600020072423,-24.3675011573941,3.));
#4944=CARTESIAN_POINT('',(-39.2600020072423,-24.3675011573941,0.));
#4945=CARTESIAN_POINT('Origin',(-39.2600020072423,-21.3675011573942,0.));
#4946=CARTESIAN_POINT('',(-42.2600020072423,-21.3675011573941,0.));
#4947=CARTESIAN_POINT('Origin',(-39.2600020072423,-21.3675011573942,0.));
#4948=CARTESIAN_POINT('',(-42.2600020072423,-21.3675011573941,3.));
#4949=CARTESIAN_POINT('Origin',(-39.2600020072423,-21.3675011573942,3.));
#4950=CARTESIAN_POINT('',(-42.2600020072423,-21.3675011573941,0.));
#4951=CARTESIAN_POINT('Origin',(-42.2600020072423,21.3675011573941,0.));
#4952=CARTESIAN_POINT('',(-42.2600020072423,21.3675011573941,0.));
#4953=CARTESIAN_POINT('',(-42.2600020072423,-21.3675011573941,0.));
#4954=CARTESIAN_POINT('',(-42.2600020072423,21.3675011573941,3.));
#4955=CARTESIAN_POINT('',(-42.2600020072423,-21.3675011573941,3.));
#4956=CARTESIAN_POINT('',(-42.2600020072423,21.3675011573941,0.));
#4957=CARTESIAN_POINT('Origin',(-39.2600020072423,21.3675011573942,0.));
#4958=CARTESIAN_POINT('Origin',(-39.2600020072423,21.3675011573942,0.));
#4959=CARTESIAN_POINT('Origin',(-39.2600020072423,21.3675011573942,3.));
#4960=CARTESIAN_POINT('Origin',(0.,0.,3.));
#4961=CARTESIAN_POINT('Origin',(0.,0.,0.));
#4962=CARTESIAN_POINT('Origin',(-20.19,15.4035196589248,0.));
#4963=CARTESIAN_POINT('',(-20.19,15.4035196589248,0.));
#4964=CARTESIAN_POINT('',(-20.19,3.40351965892477,0.));
#4965=CARTESIAN_POINT('',(-20.19,15.4035196589248,0.));
#4966=CARTESIAN_POINT('',(-20.19,3.40351965892477,3.));
#4967=CARTESIAN_POINT('',(-20.19,3.40351965892477,0.));
#4968=CARTESIAN_POINT('',(-20.19,15.4035196589248,3.));
#4969=CARTESIAN_POINT('',(-20.19,15.4035196589248,3.));
#4970=CARTESIAN_POINT('',(-20.19,15.4035196589248,0.));
#4971=CARTESIAN_POINT('Origin',(-22.19,15.4035196589248,0.));
#4972=CARTESIAN_POINT('',(-22.19,17.4035196589248,0.));
#4973=CARTESIAN_POINT('Origin',(-22.19,15.4035196589248,0.));
#4974=CARTESIAN_POINT('',(-22.19,17.4035196589248,3.));
#4975=CARTESIAN_POINT('Origin',(-22.19,15.4035196589248,3.));
#4976=CARTESIAN_POINT('',(-22.19,17.4035196589248,0.));
#4977=CARTESIAN_POINT('Origin',(-34.19,17.4035196589248,0.));
#4978=CARTESIAN_POINT('',(-34.19,17.4035196589248,0.));
#4979=CARTESIAN_POINT('',(-34.19,17.4035196589248,0.));
#4980=CARTESIAN_POINT('',(-34.19,17.4035196589248,3.));
#4981=CARTESIAN_POINT('',(-34.19,17.4035196589248,3.));
#4982=CARTESIAN_POINT('',(-34.19,17.4035196589248,0.));
#4983=CARTESIAN_POINT('Origin',(-34.19,15.4035196589248,0.));
#4984=CARTESIAN_POINT('',(-36.19,15.4035196589248,0.));
#4985=CARTESIAN_POINT('Origin',(-34.19,15.4035196589248,0.));
#4986=CARTESIAN_POINT('',(-36.19,15.4035196589248,3.));
#4987=CARTESIAN_POINT('Origin',(-34.19,15.4035196589248,3.));
#4988=CARTESIAN_POINT('',(-36.19,15.4035196589248,0.));
#4989=CARTESIAN_POINT('Origin',(-36.19,3.40351965892477,0.));
#4990=CARTESIAN_POINT('',(-36.19,3.40351965892477,0.));
#4991=CARTESIAN_POINT('',(-36.19,3.40351965892477,0.));
#4992=CARTESIAN_POINT('',(-36.19,3.40351965892477,3.));
#4993=CARTESIAN_POINT('',(-36.19,3.40351965892477,3.));
#4994=CARTESIAN_POINT('',(-36.19,3.40351965892477,0.));
#4995=CARTESIAN_POINT('Origin',(-34.19,3.40351965892477,0.));
#4996=CARTESIAN_POINT('',(-34.19,1.40351965892477,0.));
#4997=CARTESIAN_POINT('Origin',(-34.19,3.40351965892477,0.));
#4998=CARTESIAN_POINT('',(-34.19,1.40351965892477,3.));
#4999=CARTESIAN_POINT('Origin',(-34.19,3.40351965892477,3.));
#5000=CARTESIAN_POINT('',(-34.19,1.40351965892477,0.));
#5001=CARTESIAN_POINT('Origin',(-22.19,1.40351965892477,0.));
#5002=CARTESIAN_POINT('',(-22.19,1.40351965892477,0.));
#5003=CARTESIAN_POINT('',(-22.19,1.40351965892477,0.));
#5004=CARTESIAN_POINT('',(-22.19,1.40351965892477,3.));
#5005=CARTESIAN_POINT('',(-22.19,1.40351965892477,3.));
#5006=CARTESIAN_POINT('',(-22.19,1.40351965892477,0.));
#5007=CARTESIAN_POINT('Origin',(-22.19,3.40351965892477,0.));
#5008=CARTESIAN_POINT('Origin',(-22.19,3.40351965892477,0.));
#5009=CARTESIAN_POINT('Origin',(-22.19,3.40351965892477,3.));
#5010=CARTESIAN_POINT('Origin',(14.,-2.0425,0.));
#5011=CARTESIAN_POINT('',(14.,-2.0425,0.));
#5012=CARTESIAN_POINT('',(14.,1.1275,0.));
#5013=CARTESIAN_POINT('',(14.,-2.0425,0.));
#5014=CARTESIAN_POINT('',(14.,1.1275,3.));
#5015=CARTESIAN_POINT('',(14.,1.1275,0.));
#5016=CARTESIAN_POINT('',(14.,-2.0425,3.));
#5017=CARTESIAN_POINT('',(14.,-2.0425,3.));
#5018=CARTESIAN_POINT('',(14.,-2.0425,0.));
#5019=CARTESIAN_POINT('Origin',(36.,-2.0425,0.));
#5020=CARTESIAN_POINT('',(36.,-2.0425,0.));
#5021=CARTESIAN_POINT('',(36.,-2.0425,0.));
#5022=CARTESIAN_POINT('',(36.,-2.0425,3.));
#5023=CARTESIAN_POINT('',(36.,-2.0425,3.));
#5024=CARTESIAN_POINT('',(36.,-2.0425,0.));
#5025=CARTESIAN_POINT('Origin',(36.0000005364418,3.65000022351742,0.));
#5026=CARTESIAN_POINT('',(36.0000005364418,3.65000022351742,0.));
#5027=CARTESIAN_POINT('',(36.,-2.0425,0.));
#5028=CARTESIAN_POINT('',(36.0000005364418,3.65000022351742,3.));
#5029=CARTESIAN_POINT('',(36.,-2.0425,3.));
#5030=CARTESIAN_POINT('',(36.0000005364418,3.65000022351742,0.));
#5031=CARTESIAN_POINT('Origin',(41.2100005364418,3.65000022351742,0.));
#5032=CARTESIAN_POINT('',(41.2100005364418,3.65000022351742,0.));
#5033=CARTESIAN_POINT('',(41.2100005364418,3.65000022351742,0.));
#5034=CARTESIAN_POINT('',(41.2100005364418,3.65000022351742,3.));
#5035=CARTESIAN_POINT('',(41.2100005364418,3.65000022351742,3.));
#5036=CARTESIAN_POINT('',(41.2100005364418,3.65000022351742,0.));
#5037=CARTESIAN_POINT('Origin',(41.2100005364418,15.0000002235174,0.));
#5038=CARTESIAN_POINT('',(41.2100005364418,15.0000002235174,0.));
#5039=CARTESIAN_POINT('',(41.2100005364418,15.0000002235174,0.));
#5040=CARTESIAN_POINT('',(41.2100005364418,15.0000002235174,3.));
#5041=CARTESIAN_POINT('',(41.2100005364418,15.0000002235174,3.));
#5042=CARTESIAN_POINT('',(41.2100005364418,15.0000002235174,0.));
#5043=CARTESIAN_POINT('Origin',(36.0000005364418,15.0000002235174,0.));
#5044=CARTESIAN_POINT('',(36.0000005364418,15.0000002235174,0.));
#5045=CARTESIAN_POINT('',(36.0000005364418,15.0000002235174,0.));
#5046=CARTESIAN_POINT('',(36.0000005364418,15.0000002235174,3.));
#5047=CARTESIAN_POINT('',(36.0000005364418,15.0000002235174,3.));
#5048=CARTESIAN_POINT('',(36.0000005364418,15.0000002235174,0.));
#5049=CARTESIAN_POINT('Origin',(36.,22.9575,0.));
#5050=CARTESIAN_POINT('',(36.,22.9575,0.));
#5051=CARTESIAN_POINT('',(36.0000005364418,15.0000002235174,0.));
#5052=CARTESIAN_POINT('',(36.,22.9575,3.));
#5053=CARTESIAN_POINT('',(36.0000005364418,15.0000002235174,3.));
#5054=CARTESIAN_POINT('',(36.,22.9575,0.));
#5055=CARTESIAN_POINT('Origin',(14.,22.9575,0.));
#5056=CARTESIAN_POINT('',(14.,22.9575,0.));
#5057=CARTESIAN_POINT('',(14.,22.9575,0.));
#5058=CARTESIAN_POINT('',(14.,22.9575,3.));
#5059=CARTESIAN_POINT('',(14.,22.9575,3.));
#5060=CARTESIAN_POINT('',(14.,22.9575,0.));
#5061=CARTESIAN_POINT('Origin',(14.0000002086163,17.6275,0.));
#5062=CARTESIAN_POINT('',(14.0000002086163,17.6275,0.));
#5063=CARTESIAN_POINT('',(14.0000002086163,17.6275,0.));
#5064=CARTESIAN_POINT('',(14.0000002086163,17.6275,3.));
#5065=CARTESIAN_POINT('',(14.0000002086163,17.6275,3.));
#5066=CARTESIAN_POINT('',(14.0000002086163,17.6275,0.));
#5067=CARTESIAN_POINT('Origin',(-14.435,17.6275,0.));
#5068=CARTESIAN_POINT('',(-14.435,17.6275,0.));
#5069=CARTESIAN_POINT('',(-14.435,17.6275,0.));
#5070=CARTESIAN_POINT('',(-14.435,17.6275,3.));
#5071=CARTESIAN_POINT('',(-14.435,17.6275,3.));
#5072=CARTESIAN_POINT('',(-14.435,17.6275,0.));
#5073=CARTESIAN_POINT('Origin',(-14.435,1.1275,0.));
#5074=CARTESIAN_POINT('',(-14.435,1.1275,0.));
#5075=CARTESIAN_POINT('',(-14.435,1.1275,0.));
#5076=CARTESIAN_POINT('',(-14.435,1.1275,3.));
#5077=CARTESIAN_POINT('',(-14.435,1.1275,3.));
#5078=CARTESIAN_POINT('',(-14.435,1.1275,0.));
#5079=CARTESIAN_POINT('Origin',(14.,1.1275,0.));
#5080=CARTESIAN_POINT('',(-14.435,1.1275,0.));
#5081=CARTESIAN_POINT('',(-14.435,1.1275,3.));
#5082=CARTESIAN_POINT('Origin',(36.575,-18.6825,0.));
#5083=CARTESIAN_POINT('',(36.575,-18.6825,0.));
#5084=CARTESIAN_POINT('',(20.575,-18.6825,0.));
#5085=CARTESIAN_POINT('',(20.575,-18.6825,0.));
#5086=CARTESIAN_POINT('',(20.575,-18.6825,3.));
#5087=CARTESIAN_POINT('',(20.575,-18.6825,0.));
#5088=CARTESIAN_POINT('',(36.575,-18.6825,3.));
#5089=CARTESIAN_POINT('',(20.575,-18.6825,3.));
#5090=CARTESIAN_POINT('',(36.575,-18.6825,0.));
#5091=CARTESIAN_POINT('Origin',(36.575,-2.6825,0.));
#5092=CARTESIAN_POINT('',(36.575,-2.6825,0.));
#5093=CARTESIAN_POINT('',(36.575,-18.6825,0.));
#5094=CARTESIAN_POINT('',(36.575,-2.6825,3.));
#5095=CARTESIAN_POINT('',(36.575,-18.6825,3.));
#5096=CARTESIAN_POINT('',(36.575,-2.6825,0.));
#5097=CARTESIAN_POINT('Origin',(20.575,-2.6825,0.));
#5098=CARTESIAN_POINT('',(20.575,-2.6825,0.));
#5099=CARTESIAN_POINT('',(36.575,-2.6825,0.));
#5100=CARTESIAN_POINT('',(20.575,-2.6825,3.));
#5101=CARTESIAN_POINT('',(36.575,-2.6825,3.));
#5102=CARTESIAN_POINT('',(20.575,-2.6825,0.));
#5103=CARTESIAN_POINT('Origin',(20.575,-18.6825,0.));
#5104=CARTESIAN_POINT('',(20.575,-2.6825,0.));
#5105=CARTESIAN_POINT('',(20.575,-2.6825,3.));
#5106=CARTESIAN_POINT('Origin',(-20.575,-18.6825,0.));
#5107=CARTESIAN_POINT('',(-20.575,-18.6825,0.));
#5108=CARTESIAN_POINT('',(-36.575,-18.6825,0.));
#5109=CARTESIAN_POINT('',(-36.575,-18.6825,0.));
#5110=CARTESIAN_POINT('',(-36.575,-18.6825,3.));
#5111=CARTESIAN_POINT('',(-36.575,-18.6825,0.));
#5112=CARTESIAN_POINT('',(-20.575,-18.6825,3.));
#5113=CARTESIAN_POINT('',(-36.575,-18.6825,3.));
#5114=CARTESIAN_POINT('',(-20.575,-18.6825,0.));
#5115=CARTESIAN_POINT('Origin',(-20.575,-2.68250000000001,0.));
#5116=CARTESIAN_POINT('',(-20.575,-2.68250000000001,0.));
#5117=CARTESIAN_POINT('',(-20.575,-18.6825,0.));
#5118=CARTESIAN_POINT('',(-20.575,-2.68250000000001,3.));
#5119=CARTESIAN_POINT('',(-20.575,-18.6825,3.));
#5120=CARTESIAN_POINT('',(-20.575,-2.68250000000001,0.));
#5121=CARTESIAN_POINT('Origin',(-36.575,-2.68250000000001,0.));
#5122=CARTESIAN_POINT('',(-36.575,-2.68250000000001,0.));
#5123=CARTESIAN_POINT('',(-20.575,-2.68250000000001,0.));
#5124=CARTESIAN_POINT('',(-36.575,-2.68250000000001,3.));
#5125=CARTESIAN_POINT('',(-20.575,-2.68250000000001,3.));
#5126=CARTESIAN_POINT('',(-36.575,-2.68250000000001,0.));
#5127=CARTESIAN_POINT('Origin',(-36.575,-18.6825,0.));
#5128=CARTESIAN_POINT('',(-36.575,-2.68250000000001,0.));
#5129=CARTESIAN_POINT('',(-36.575,-2.68250000000001,3.));
#5130=CARTESIAN_POINT('Origin',(-1.52500000000001,-18.6825,0.));
#5131=CARTESIAN_POINT('',(-1.52500000000001,-18.6825,0.));
#5132=CARTESIAN_POINT('',(-17.525,-18.6825,0.));
#5133=CARTESIAN_POINT('',(-17.525,-18.6825,0.));
#5134=CARTESIAN_POINT('',(-17.525,-18.6825,3.));
#5135=CARTESIAN_POINT('',(-17.525,-18.6825,0.));
#5136=CARTESIAN_POINT('',(-1.52500000000001,-18.6825,3.));
#5137=CARTESIAN_POINT('',(-17.525,-18.6825,3.));
#5138=CARTESIAN_POINT('',(-1.52500000000001,-18.6825,0.));
#5139=CARTESIAN_POINT('Origin',(-1.52500000000001,-2.68250000000001,0.));
#5140=CARTESIAN_POINT('',(-1.52500000000001,-2.68250000000001,0.));
#5141=CARTESIAN_POINT('',(-1.52500000000001,-18.6825,0.));
#5142=CARTESIAN_POINT('',(-1.52500000000001,-2.68250000000001,3.));
#5143=CARTESIAN_POINT('',(-1.52500000000001,-18.6825,3.));
#5144=CARTESIAN_POINT('',(-1.52500000000001,-2.68250000000001,0.));
#5145=CARTESIAN_POINT('Origin',(-17.525,-2.68250000000001,0.));
#5146=CARTESIAN_POINT('',(-17.525,-2.68250000000001,0.));
#5147=CARTESIAN_POINT('',(-1.52500000000001,-2.68250000000001,0.));
#5148=CARTESIAN_POINT('',(-17.525,-2.68250000000001,3.));
#5149=CARTESIAN_POINT('',(-1.52500000000001,-2.68250000000001,3.));
#5150=CARTESIAN_POINT('',(-17.525,-2.68250000000001,0.));
#5151=CARTESIAN_POINT('Origin',(-17.525,-18.6825,0.));
#5152=CARTESIAN_POINT('',(-17.525,-2.68250000000001,0.));
#5153=CARTESIAN_POINT('',(-17.525,-2.68250000000001,3.));
#5154=CARTESIAN_POINT('Origin',(-38.26,-20.3675,0.));
#5155=CARTESIAN_POINT('',(-39.86,-20.3675,3.));
#5156=CARTESIAN_POINT('Origin',(-38.26,-20.3675,3.));
#5157=CARTESIAN_POINT('',(-39.86,-20.3675,0.));
#5158=CARTESIAN_POINT('',(-39.86,-20.3675,0.));
#5159=CARTESIAN_POINT('Origin',(-38.26,-20.3675,0.));
#5160=CARTESIAN_POINT('Origin',(17.525,-18.6825,0.));
#5161=CARTESIAN_POINT('',(17.525,-18.6825,0.));
#5162=CARTESIAN_POINT('',(1.52499999999999,-18.6825,0.));
#5163=CARTESIAN_POINT('',(1.52499999999999,-18.6825,0.));
#5164=CARTESIAN_POINT('',(1.52499999999999,-18.6825,3.));
#5165=CARTESIAN_POINT('',(1.52499999999999,-18.6825,0.));
#5166=CARTESIAN_POINT('',(17.525,-18.6825,3.));
#5167=CARTESIAN_POINT('',(1.52499999999999,-18.6825,3.));
#5168=CARTESIAN_POINT('',(17.525,-18.6825,0.));
#5169=CARTESIAN_POINT('Origin',(17.525,-2.68250000000001,0.));
#5170=CARTESIAN_POINT('',(17.525,-2.68250000000001,0.));
#5171=CARTESIAN_POINT('',(17.525,-18.6825,0.));
#5172=CARTESIAN_POINT('',(17.525,-2.68250000000001,3.));
#5173=CARTESIAN_POINT('',(17.525,-18.6825,3.));
#5174=CARTESIAN_POINT('',(17.525,-2.68250000000001,0.));
#5175=CARTESIAN_POINT('Origin',(1.52499999999999,-2.68250000000001,0.));
#5176=CARTESIAN_POINT('',(1.52499999999999,-2.68250000000001,0.));
#5177=CARTESIAN_POINT('',(17.525,-2.68250000000001,0.));
#5178=CARTESIAN_POINT('',(1.52499999999999,-2.68250000000001,3.));
#5179=CARTESIAN_POINT('',(17.525,-2.68250000000001,3.));
#5180=CARTESIAN_POINT('',(1.52499999999999,-2.68250000000001,0.));
#5181=CARTESIAN_POINT('Origin',(1.52499999999999,-18.6825,0.));
#5182=CARTESIAN_POINT('',(1.52499999999999,-2.68250000000001,0.));
#5183=CARTESIAN_POINT('',(1.52499999999999,-2.68250000000001,3.));
#5184=CARTESIAN_POINT('Origin',(-38.26,20.3675,0.));
#5185=CARTESIAN_POINT('',(-39.86,20.3675,3.));
#5186=CARTESIAN_POINT('Origin',(-38.26,20.3675,3.));
#5187=CARTESIAN_POINT('',(-39.86,20.3675,0.));
#5188=CARTESIAN_POINT('',(-39.86,20.3675,0.));
#5189=CARTESIAN_POINT('Origin',(-38.26,20.3675,0.));
#5190=CARTESIAN_POINT('Origin',(38.26,20.3675,0.));
#5191=CARTESIAN_POINT('',(36.66,20.3675,3.));
#5192=CARTESIAN_POINT('Origin',(38.26,20.3675,3.));
#5193=CARTESIAN_POINT('',(36.66,20.3675,0.));
#5194=CARTESIAN_POINT('',(36.66,20.3675,0.));
#5195=CARTESIAN_POINT('Origin',(38.26,20.3675,0.));
#5196=CARTESIAN_POINT('Origin',(38.2600018083748,-0.0995000000000834,0.));
#5197=CARTESIAN_POINT('',(36.6600018083748,-0.0995000000000834,3.));
#5198=CARTESIAN_POINT('Origin',(38.2600018083748,-0.0995000000000834,3.));
#5199=CARTESIAN_POINT('',(36.6600018083748,-0.0995000000000836,0.));
#5200=CARTESIAN_POINT('',(36.6600018083748,-0.0995000000000836,0.));
#5201=CARTESIAN_POINT('Origin',(38.2600018083748,-0.0995000000000834,0.));
#5202=CARTESIAN_POINT('Origin',(-38.26,-0.099499999999999,0.));
#5203=CARTESIAN_POINT('',(-39.86,-0.099499999999999,3.));
#5204=CARTESIAN_POINT('Origin',(-38.26,-0.099499999999999,3.));
#5205=CARTESIAN_POINT('',(-39.86,-0.0994999999999992,0.));
#5206=CARTESIAN_POINT('',(-39.86,-0.0994999999999992,0.));
#5207=CARTESIAN_POINT('Origin',(-38.26,-0.099499999999999,0.));
#5208=CARTESIAN_POINT('Origin',(38.26,-20.3675,0.));
#5209=CARTESIAN_POINT('',(36.66,-20.3675,3.));
#5210=CARTESIAN_POINT('Origin',(38.26,-20.3675,3.));
#5211=CARTESIAN_POINT('',(36.66,-20.3675,0.));
#5212=CARTESIAN_POINT('',(36.66,-20.3675,0.));
#5213=CARTESIAN_POINT('Origin',(38.26,-20.3675,0.));
#5214=CARTESIAN_POINT('Origin',(39.2600020072423,24.3675011573941,0.));
#5215=CARTESIAN_POINT('',(-39.2600020072423,24.3675011573941,0.));
#5216=CARTESIAN_POINT('',(39.2600020072423,24.3675011573941,0.));
#5217=CARTESIAN_POINT('',(-39.2600020072423,24.3675011573941,0.));
#5218=CARTESIAN_POINT('',(-39.2600020072423,24.3675011573941,3.));
#5219=CARTESIAN_POINT('',(-39.2600020072423,24.3675011573941,0.));
#5220=CARTESIAN_POINT('',(39.2600020072423,24.3675011573941,3.));
#5221=CARTESIAN_POINT('',(-39.2600020072423,24.3675011573941,3.));
#5222=CARTESIAN_POINT('',(39.2600020072423,24.3675011573941,0.));
#5223=CARTESIAN_POINT('Origin',(39.2600020072423,21.3675011573942,0.));
#5224=CARTESIAN_POINT('',(42.2600020072423,21.3675011573941,0.));
#5225=CARTESIAN_POINT('Origin',(39.2600020072423,21.3675011573942,0.));
#5226=CARTESIAN_POINT('',(42.2600020072423,21.3675011573941,3.));
#5227=CARTESIAN_POINT('Origin',(39.2600020072423,21.3675011573942,3.));
#5228=CARTESIAN_POINT('',(42.2600020072423,21.3675011573941,0.));
#5229=CARTESIAN_POINT('Origin',(42.2600020072423,-21.3675011573941,0.));
#5230=CARTESIAN_POINT('',(42.2600020072423,-21.3675011573941,0.));
#5231=CARTESIAN_POINT('',(42.2600020072423,21.3675011573941,0.));
#5232=CARTESIAN_POINT('',(42.2600020072423,-21.3675011573941,3.));
#5233=CARTESIAN_POINT('',(42.2600020072423,21.3675011573941,3.));
#5234=CARTESIAN_POINT('',(42.2600020072423,-21.3675011573941,0.));
#5235=CARTESIAN_POINT('Origin',(39.2600020072423,-21.3675011573942,0.));
#5236=CARTESIAN_POINT('',(39.2600020072423,-24.3675011573941,0.));
#5237=CARTESIAN_POINT('Origin',(39.2600020072423,-21.3675011573942,0.));
#5238=CARTESIAN_POINT('',(39.2600020072423,-24.3675011573941,3.));
#5239=CARTESIAN_POINT('Origin',(39.2600020072423,-21.3675011573942,3.));
#5240=CARTESIAN_POINT('',(39.2600020072423,-24.3675011573941,0.));
#5241=CARTESIAN_POINT('Origin',(-39.2600020072423,-24.3675011573941,0.));
#5242=CARTESIAN_POINT('',(-39.2600020072423,-24.3675011573941,0.));
#5243=CARTESIAN_POINT('',(39.2600020072423,-24.3675011573941,0.));
#5244=CARTESIAN_POINT('',(-39.2600020072423,-24.3675011573941,3.));
#5245=CARTESIAN_POINT('',(39.2600020072423,-24.3675011573941,3.));
#5246=CARTESIAN_POINT('',(-39.2600020072423,-24.3675011573941,0.));
#5247=CARTESIAN_POINT('Origin',(-39.2600020072423,-21.3675011573942,0.));
#5248=CARTESIAN_POINT('',(-42.2600020072423,-21.3675011573941,0.));
#5249=CARTESIAN_POINT('Origin',(-39.2600020072423,-21.3675011573942,0.));
#5250=CARTESIAN_POINT('',(-42.2600020072423,-21.3675011573941,3.));
#5251=CARTESIAN_POINT('Origin',(-39.2600020072423,-21.3675011573942,3.));
#5252=CARTESIAN_POINT('',(-42.2600020072423,-21.3675011573941,0.));
#5253=CARTESIAN_POINT('Origin',(-42.2600020072423,21.3675011573941,0.));
#5254=CARTESIAN_POINT('',(-42.2600020072423,21.3675011573941,0.));
#5255=CARTESIAN_POINT('',(-42.2600020072423,-21.3675011573941,0.));
#5256=CARTESIAN_POINT('',(-42.2600020072423,21.3675011573941,3.));
#5257=CARTESIAN_POINT('',(-42.2600020072423,-21.3675011573941,3.));
#5258=CARTESIAN_POINT('',(-42.2600020072423,21.3675011573941,0.));
#5259=CARTESIAN_POINT('Origin',(-39.2600020072423,21.3675011573942,0.));
#5260=CARTESIAN_POINT('Origin',(-39.2600020072423,21.3675011573942,0.));
#5261=CARTESIAN_POINT('Origin',(-39.2600020072423,21.3675011573942,3.));
#5262=CARTESIAN_POINT('Origin',(0.,0.,3.));
#5263=CARTESIAN_POINT('Origin',(0.,0.,0.));
#5264=UNCERTAINTY_MEASURE_WITH_UNIT(LENGTH_MEASURE(0.01),#5268,
'DISTANCE_ACCURACY_VALUE',
'Maximum model space distance between geometric entities at asserted c
onnectivities');
#5265=UNCERTAINTY_MEASURE_WITH_UNIT(LENGTH_MEASURE(0.01),#5268,
'DISTANCE_ACCURACY_VALUE',
'Maximum model space distance between geometric entities at asserted c
onnectivities');
#5266=(
GEOMETRIC_REPRESENTATION_CONTEXT(3)
GLOBAL_UNCERTAINTY_ASSIGNED_CONTEXT((#5264))
GLOBAL_UNIT_ASSIGNED_CONTEXT((#5268,#5270,#5271))
REPRESENTATION_CONTEXT('','3D')
);
#5267=(
GEOMETRIC_REPRESENTATION_CONTEXT(3)
GLOBAL_UNCERTAINTY_ASSIGNED_CONTEXT((#5265))
GLOBAL_UNIT_ASSIGNED_CONTEXT((#5268,#5270,#5271))
REPRESENTATION_CONTEXT('','3D')
);
#5268=(
LENGTH_UNIT()
NAMED_UNIT(*)
SI_UNIT(.MILLI.,.METRE.)
);
#5269=(
LENGTH_UNIT()
NAMED_UNIT(*)
SI_UNIT($,.METRE.)
);
#5270=(
NAMED_UNIT(*)
PLANE_ANGLE_UNIT()
SI_UNIT($,.RADIAN.)
);
#5271=(
NAMED_UNIT(*)
SI_UNIT($,.STERADIAN.)
SOLID_ANGLE_UNIT()
);
#5272=SHAPE_DEFINITION_REPRESENTATION(#5273,#5274);
#5273=PRODUCT_DEFINITION_SHAPE('',$,#5276);
#5274=SHAPE_REPRESENTATION('',(#3268),#5266);
#5275=PRODUCT_DEFINITION_CONTEXT('part definition',#5280,'design');
#5276=PRODUCT_DEFINITION('2026-09-20-16-56-58-125',
'Hayai Upper midplate',#5277,#5275);
#5277=PRODUCT_DEFINITION_FORMATION('',$,#5282);
#5278=PRODUCT_RELATED_PRODUCT_CATEGORY('Hayai Upper midplate',
'Hayai Upper midplate',(#5282));
#5279=APPLICATION_PROTOCOL_DEFINITION('international standard',
'automotive_design',2009,#5280);
#5280=APPLICATION_CONTEXT(
'Core Data for Automotive Mechanical Design Process');
#5281=PRODUCT_CONTEXT('part definition',#5280,'mechanical');
#5282=PRODUCT('2026-09-20-16-56-58-125','Hayai Upper midplate',$,(#5281));
#5283=PRESENTATION_STYLE_ASSIGNMENT((#5284));
#5284=SURFACE_STYLE_USAGE(.BOTH.,#5285);
#5285=SURFACE_SIDE_STYLE('',(#5286));
#5286=SURFACE_STYLE_FILL_AREA(#5287);
#5287=FILL_AREA_STYLE('Steel - Satin',(#5288));
#5288=FILL_AREA_STYLE_COLOUR('Steel - Satin',#5289);
#5289=COLOUR_RGB('Steel - Satin',0.627450980392157,0.627450980392157,0.627450980392157);
ENDSEC;
END-ISO-10303-21;
