ISO-10303-21;
HEADER;
/* Generated by software containing ST-Developer
 * from STEP Tools, Inc. (www.steptools.com) 
 */

FILE_DESCRIPTION(
/* description */ (''),
/* implementation_level */ '2;1');

FILE_NAME(
/* name */ 'Hayai Bottom plate.step',
/* time_stamp */ '2026-09-26T00:22:40+02:00',
/* author */ (''),
/* organization */ (''),
/* preprocessor_version */ 'ST-DEVELOPER v20.2',
/* originating_system */ 'Autodesk Translation Framework v15.15.0.0',
/* authorisation */ '');

FILE_SCHEMA (('AUTOMOTIVE_DESIGN { 1 0 10303 214 3 1 1 }'));
ENDSEC;

DATA;
#10=MECHANICAL_DESIGN_GEOMETRIC_PRESENTATION_REPRESENTATION('',(#13,#14,
#15,#16,#17,#18),#3182);
#11=SHAPE_REPRESENTATION_RELATIONSHIP('SRR','None',#3189,#12);
#12=ADVANCED_BREP_SHAPE_REPRESENTATION('',(#19,#20,#21,#22,#23,#24),#3181);
#13=STYLED_ITEM('',(#3198),#19);
#14=STYLED_ITEM('',(#3198),#20);
#15=STYLED_ITEM('',(#3198),#21);
#16=STYLED_ITEM('',(#3198),#22);
#17=STYLED_ITEM('',(#3198),#23);
#18=STYLED_ITEM('',(#3198),#24);
#19=MANIFOLD_SOLID_BREP('Body1',#1861);
#20=MANIFOLD_SOLID_BREP('Body2',#1862);
#21=MANIFOLD_SOLID_BREP('Body3',#1863);
#22=MANIFOLD_SOLID_BREP('Body4',#1864);
#23=MANIFOLD_SOLID_BREP('Body5',#1865);
#24=MANIFOLD_SOLID_BREP('Body6',#1866);
#25=FACE_BOUND('',#244,.T.);
#26=FACE_BOUND('',#245,.T.);
#27=FACE_BOUND('',#246,.T.);
#28=FACE_BOUND('',#247,.T.);
#29=FACE_BOUND('',#248,.T.);
#30=FACE_BOUND('',#249,.T.);
#31=FACE_BOUND('',#251,.T.);
#32=FACE_BOUND('',#252,.T.);
#33=FACE_BOUND('',#253,.T.);
#34=FACE_BOUND('',#254,.T.);
#35=FACE_BOUND('',#255,.T.);
#36=FACE_BOUND('',#256,.T.);
#37=FACE_BOUND('',#272,.T.);
#38=FACE_BOUND('',#273,.T.);
#39=FACE_BOUND('',#274,.T.);
#40=FACE_BOUND('',#275,.T.);
#41=FACE_BOUND('',#276,.T.);
#42=FACE_BOUND('',#277,.T.);
#43=FACE_BOUND('',#279,.T.);
#44=FACE_BOUND('',#280,.T.);
#45=FACE_BOUND('',#281,.T.);
#46=FACE_BOUND('',#282,.T.);
#47=FACE_BOUND('',#283,.T.);
#48=FACE_BOUND('',#284,.T.);
#49=FACE_BOUND('',#300,.T.);
#50=FACE_BOUND('',#301,.T.);
#51=FACE_BOUND('',#302,.T.);
#52=FACE_BOUND('',#303,.T.);
#53=FACE_BOUND('',#304,.T.);
#54=FACE_BOUND('',#305,.T.);
#55=FACE_BOUND('',#307,.T.);
#56=FACE_BOUND('',#308,.T.);
#57=FACE_BOUND('',#309,.T.);
#58=FACE_BOUND('',#310,.T.);
#59=FACE_BOUND('',#311,.T.);
#60=FACE_BOUND('',#312,.T.);
#61=FACE_BOUND('',#328,.T.);
#62=FACE_BOUND('',#329,.T.);
#63=FACE_BOUND('',#330,.T.);
#64=FACE_BOUND('',#331,.T.);
#65=FACE_BOUND('',#332,.T.);
#66=FACE_BOUND('',#333,.T.);
#67=FACE_BOUND('',#335,.T.);
#68=FACE_BOUND('',#336,.T.);
#69=FACE_BOUND('',#337,.T.);
#70=FACE_BOUND('',#338,.T.);
#71=FACE_BOUND('',#339,.T.);
#72=FACE_BOUND('',#340,.T.);
#73=FACE_BOUND('',#356,.T.);
#74=FACE_BOUND('',#357,.T.);
#75=FACE_BOUND('',#358,.T.);
#76=FACE_BOUND('',#359,.T.);
#77=FACE_BOUND('',#360,.T.);
#78=FACE_BOUND('',#361,.T.);
#79=FACE_BOUND('',#363,.T.);
#80=FACE_BOUND('',#364,.T.);
#81=FACE_BOUND('',#365,.T.);
#82=FACE_BOUND('',#366,.T.);
#83=FACE_BOUND('',#367,.T.);
#84=FACE_BOUND('',#368,.T.);
#85=FACE_BOUND('',#384,.T.);
#86=FACE_BOUND('',#385,.T.);
#87=FACE_BOUND('',#386,.T.);
#88=FACE_BOUND('',#387,.T.);
#89=FACE_BOUND('',#388,.T.);
#90=FACE_BOUND('',#389,.T.);
#91=FACE_BOUND('',#391,.T.);
#92=FACE_BOUND('',#392,.T.);
#93=FACE_BOUND('',#393,.T.);
#94=FACE_BOUND('',#394,.T.);
#95=FACE_BOUND('',#395,.T.);
#96=FACE_BOUND('',#396,.T.);
#97=PLANE('',#1898);
#98=PLANE('',#1902);
#99=PLANE('',#1906);
#100=PLANE('',#1910);
#101=PLANE('',#1914);
#102=PLANE('',#1915);
#103=PLANE('',#1934);
#104=PLANE('',#1938);
#105=PLANE('',#1942);
#106=PLANE('',#1946);
#107=PLANE('',#1950);
#108=PLANE('',#1951);
#109=PLANE('',#1970);
#110=PLANE('',#1974);
#111=PLANE('',#1978);
#112=PLANE('',#1982);
#113=PLANE('',#1986);
#114=PLANE('',#1987);
#115=PLANE('',#2006);
#116=PLANE('',#2010);
#117=PLANE('',#2014);
#118=PLANE('',#2018);
#119=PLANE('',#2022);
#120=PLANE('',#2023);
#121=PLANE('',#2042);
#122=PLANE('',#2046);
#123=PLANE('',#2050);
#124=PLANE('',#2054);
#125=PLANE('',#2058);
#126=PLANE('',#2059);
#127=PLANE('',#2078);
#128=PLANE('',#2082);
#129=PLANE('',#2086);
#130=PLANE('',#2090);
#131=PLANE('',#2094);
#132=PLANE('',#2095);
#133=FACE_OUTER_BOUND('',#229,.T.);
#134=FACE_OUTER_BOUND('',#230,.T.);
#135=FACE_OUTER_BOUND('',#231,.T.);
#136=FACE_OUTER_BOUND('',#232,.T.);
#137=FACE_OUTER_BOUND('',#233,.T.);
#138=FACE_OUTER_BOUND('',#234,.T.);
#139=FACE_OUTER_BOUND('',#235,.T.);
#140=FACE_OUTER_BOUND('',#236,.T.);
#141=FACE_OUTER_BOUND('',#237,.T.);
#142=FACE_OUTER_BOUND('',#238,.T.);
#143=FACE_OUTER_BOUND('',#239,.T.);
#144=FACE_OUTER_BOUND('',#240,.T.);
#145=FACE_OUTER_BOUND('',#241,.T.);
#146=FACE_OUTER_BOUND('',#242,.T.);
#147=FACE_OUTER_BOUND('',#243,.T.);
#148=FACE_OUTER_BOUND('',#250,.T.);
#149=FACE_OUTER_BOUND('',#257,.T.);
#150=FACE_OUTER_BOUND('',#258,.T.);
#151=FACE_OUTER_BOUND('',#259,.T.);
#152=FACE_OUTER_BOUND('',#260,.T.);
#153=FACE_OUTER_BOUND('',#261,.T.);
#154=FACE_OUTER_BOUND('',#262,.T.);
#155=FACE_OUTER_BOUND('',#263,.T.);
#156=FACE_OUTER_BOUND('',#264,.T.);
#157=FACE_OUTER_BOUND('',#265,.T.);
#158=FACE_OUTER_BOUND('',#266,.T.);
#159=FACE_OUTER_BOUND('',#267,.T.);
#160=FACE_OUTER_BOUND('',#268,.T.);
#161=FACE_OUTER_BOUND('',#269,.T.);
#162=FACE_OUTER_BOUND('',#270,.T.);
#163=FACE_OUTER_BOUND('',#271,.T.);
#164=FACE_OUTER_BOUND('',#278,.T.);
#165=FACE_OUTER_BOUND('',#285,.T.);
#166=FACE_OUTER_BOUND('',#286,.T.);
#167=FACE_OUTER_BOUND('',#287,.T.);
#168=FACE_OUTER_BOUND('',#288,.T.);
#169=FACE_OUTER_BOUND('',#289,.T.);
#170=FACE_OUTER_BOUND('',#290,.T.);
#171=FACE_OUTER_BOUND('',#291,.T.);
#172=FACE_OUTER_BOUND('',#292,.T.);
#173=FACE_OUTER_BOUND('',#293,.T.);
#174=FACE_OUTER_BOUND('',#294,.T.);
#175=FACE_OUTER_BOUND('',#295,.T.);
#176=FACE_OUTER_BOUND('',#296,.T.);
#177=FACE_OUTER_BOUND('',#297,.T.);
#178=FACE_OUTER_BOUND('',#298,.T.);
#179=FACE_OUTER_BOUND('',#299,.T.);
#180=FACE_OUTER_BOUND('',#306,.T.);
#181=FACE_OUTER_BOUND('',#313,.T.);
#182=FACE_OUTER_BOUND('',#314,.T.);
#183=FACE_OUTER_BOUND('',#315,.T.);
#184=FACE_OUTER_BOUND('',#316,.T.);
#185=FACE_OUTER_BOUND('',#317,.T.);
#186=FACE_OUTER_BOUND('',#318,.T.);
#187=FACE_OUTER_BOUND('',#319,.T.);
#188=FACE_OUTER_BOUND('',#320,.T.);
#189=FACE_OUTER_BOUND('',#321,.T.);
#190=FACE_OUTER_BOUND('',#322,.T.);
#191=FACE_OUTER_BOUND('',#323,.T.);
#192=FACE_OUTER_BOUND('',#324,.T.);
#193=FACE_OUTER_BOUND('',#325,.T.);
#194=FACE_OUTER_BOUND('',#326,.T.);
#195=FACE_OUTER_BOUND('',#327,.T.);
#196=FACE_OUTER_BOUND('',#334,.T.);
#197=FACE_OUTER_BOUND('',#341,.T.);
#198=FACE_OUTER_BOUND('',#342,.T.);
#199=FACE_OUTER_BOUND('',#343,.T.);
#200=FACE_OUTER_BOUND('',#344,.T.);
#201=FACE_OUTER_BOUND('',#345,.T.);
#202=FACE_OUTER_BOUND('',#346,.T.);
#203=FACE_OUTER_BOUND('',#347,.T.);
#204=FACE_OUTER_BOUND('',#348,.T.);
#205=FACE_OUTER_BOUND('',#349,.T.);
#206=FACE_OUTER_BOUND('',#350,.T.);
#207=FACE_OUTER_BOUND('',#351,.T.);
#208=FACE_OUTER_BOUND('',#352,.T.);
#209=FACE_OUTER_BOUND('',#353,.T.);
#210=FACE_OUTER_BOUND('',#354,.T.);
#211=FACE_OUTER_BOUND('',#355,.T.);
#212=FACE_OUTER_BOUND('',#362,.T.);
#213=FACE_OUTER_BOUND('',#369,.T.);
#214=FACE_OUTER_BOUND('',#370,.T.);
#215=FACE_OUTER_BOUND('',#371,.T.);
#216=FACE_OUTER_BOUND('',#372,.T.);
#217=FACE_OUTER_BOUND('',#373,.T.);
#218=FACE_OUTER_BOUND('',#374,.T.);
#219=FACE_OUTER_BOUND('',#375,.T.);
#220=FACE_OUTER_BOUND('',#376,.T.);
#221=FACE_OUTER_BOUND('',#377,.T.);
#222=FACE_OUTER_BOUND('',#378,.T.);
#223=FACE_OUTER_BOUND('',#379,.T.);
#224=FACE_OUTER_BOUND('',#380,.T.);
#225=FACE_OUTER_BOUND('',#381,.T.);
#226=FACE_OUTER_BOUND('',#382,.T.);
#227=FACE_OUTER_BOUND('',#383,.T.);
#228=FACE_OUTER_BOUND('',#390,.T.);
#229=EDGE_LOOP('',(#1201,#1202,#1203,#1204));
#230=EDGE_LOOP('',(#1205,#1206,#1207,#1208));
#231=EDGE_LOOP('',(#1209,#1210,#1211,#1212));
#232=EDGE_LOOP('',(#1213,#1214,#1215,#1216));
#233=EDGE_LOOP('',(#1217,#1218,#1219,#1220));
#234=EDGE_LOOP('',(#1221,#1222,#1223,#1224));
#235=EDGE_LOOP('',(#1225,#1226,#1227,#1228));
#236=EDGE_LOOP('',(#1229,#1230,#1231,#1232));
#237=EDGE_LOOP('',(#1233,#1234,#1235,#1236));
#238=EDGE_LOOP('',(#1237,#1238,#1239,#1240));
#239=EDGE_LOOP('',(#1241,#1242,#1243,#1244));
#240=EDGE_LOOP('',(#1245,#1246,#1247,#1248));
#241=EDGE_LOOP('',(#1249,#1250,#1251,#1252));
#242=EDGE_LOOP('',(#1253,#1254,#1255,#1256));
#243=EDGE_LOOP('',(#1257,#1258,#1259,#1260,#1261,#1262,#1263,#1264));
#244=EDGE_LOOP('',(#1265));
#245=EDGE_LOOP('',(#1266));
#246=EDGE_LOOP('',(#1267));
#247=EDGE_LOOP('',(#1268));
#248=EDGE_LOOP('',(#1269));
#249=EDGE_LOOP('',(#1270));
#250=EDGE_LOOP('',(#1271,#1272,#1273,#1274,#1275,#1276,#1277,#1278));
#251=EDGE_LOOP('',(#1279));
#252=EDGE_LOOP('',(#1280));
#253=EDGE_LOOP('',(#1281));
#254=EDGE_LOOP('',(#1282));
#255=EDGE_LOOP('',(#1283));
#256=EDGE_LOOP('',(#1284));
#257=EDGE_LOOP('',(#1285,#1286,#1287,#1288));
#258=EDGE_LOOP('',(#1289,#1290,#1291,#1292));
#259=EDGE_LOOP('',(#1293,#1294,#1295,#1296));
#260=EDGE_LOOP('',(#1297,#1298,#1299,#1300));
#261=EDGE_LOOP('',(#1301,#1302,#1303,#1304));
#262=EDGE_LOOP('',(#1305,#1306,#1307,#1308));
#263=EDGE_LOOP('',(#1309,#1310,#1311,#1312));
#264=EDGE_LOOP('',(#1313,#1314,#1315,#1316));
#265=EDGE_LOOP('',(#1317,#1318,#1319,#1320));
#266=EDGE_LOOP('',(#1321,#1322,#1323,#1324));
#267=EDGE_LOOP('',(#1325,#1326,#1327,#1328));
#268=EDGE_LOOP('',(#1329,#1330,#1331,#1332));
#269=EDGE_LOOP('',(#1333,#1334,#1335,#1336));
#270=EDGE_LOOP('',(#1337,#1338,#1339,#1340));
#271=EDGE_LOOP('',(#1341,#1342,#1343,#1344,#1345,#1346,#1347,#1348));
#272=EDGE_LOOP('',(#1349));
#273=EDGE_LOOP('',(#1350));
#274=EDGE_LOOP('',(#1351));
#275=EDGE_LOOP('',(#1352));
#276=EDGE_LOOP('',(#1353));
#277=EDGE_LOOP('',(#1354));
#278=EDGE_LOOP('',(#1355,#1356,#1357,#1358,#1359,#1360,#1361,#1362));
#279=EDGE_LOOP('',(#1363));
#280=EDGE_LOOP('',(#1364));
#281=EDGE_LOOP('',(#1365));
#282=EDGE_LOOP('',(#1366));
#283=EDGE_LOOP('',(#1367));
#284=EDGE_LOOP('',(#1368));
#285=EDGE_LOOP('',(#1369,#1370,#1371,#1372));
#286=EDGE_LOOP('',(#1373,#1374,#1375,#1376));
#287=EDGE_LOOP('',(#1377,#1378,#1379,#1380));
#288=EDGE_LOOP('',(#1381,#1382,#1383,#1384));
#289=EDGE_LOOP('',(#1385,#1386,#1387,#1388));
#290=EDGE_LOOP('',(#1389,#1390,#1391,#1392));
#291=EDGE_LOOP('',(#1393,#1394,#1395,#1396));
#292=EDGE_LOOP('',(#1397,#1398,#1399,#1400));
#293=EDGE_LOOP('',(#1401,#1402,#1403,#1404));
#294=EDGE_LOOP('',(#1405,#1406,#1407,#1408));
#295=EDGE_LOOP('',(#1409,#1410,#1411,#1412));
#296=EDGE_LOOP('',(#1413,#1414,#1415,#1416));
#297=EDGE_LOOP('',(#1417,#1418,#1419,#1420));
#298=EDGE_LOOP('',(#1421,#1422,#1423,#1424));
#299=EDGE_LOOP('',(#1425,#1426,#1427,#1428,#1429,#1430,#1431,#1432));
#300=EDGE_LOOP('',(#1433));
#301=EDGE_LOOP('',(#1434));
#302=EDGE_LOOP('',(#1435));
#303=EDGE_LOOP('',(#1436));
#304=EDGE_LOOP('',(#1437));
#305=EDGE_LOOP('',(#1438));
#306=EDGE_LOOP('',(#1439,#1440,#1441,#1442,#1443,#1444,#1445,#1446));
#307=EDGE_LOOP('',(#1447));
#308=EDGE_LOOP('',(#1448));
#309=EDGE_LOOP('',(#1449));
#310=EDGE_LOOP('',(#1450));
#311=EDGE_LOOP('',(#1451));
#312=EDGE_LOOP('',(#1452));
#313=EDGE_LOOP('',(#1453,#1454,#1455,#1456));
#314=EDGE_LOOP('',(#1457,#1458,#1459,#1460));
#315=EDGE_LOOP('',(#1461,#1462,#1463,#1464));
#316=EDGE_LOOP('',(#1465,#1466,#1467,#1468));
#317=EDGE_LOOP('',(#1469,#1470,#1471,#1472));
#318=EDGE_LOOP('',(#1473,#1474,#1475,#1476));
#319=EDGE_LOOP('',(#1477,#1478,#1479,#1480));
#320=EDGE_LOOP('',(#1481,#1482,#1483,#1484));
#321=EDGE_LOOP('',(#1485,#1486,#1487,#1488));
#322=EDGE_LOOP('',(#1489,#1490,#1491,#1492));
#323=EDGE_LOOP('',(#1493,#1494,#1495,#1496));
#324=EDGE_LOOP('',(#1497,#1498,#1499,#1500));
#325=EDGE_LOOP('',(#1501,#1502,#1503,#1504));
#326=EDGE_LOOP('',(#1505,#1506,#1507,#1508));
#327=EDGE_LOOP('',(#1509,#1510,#1511,#1512,#1513,#1514,#1515,#1516));
#328=EDGE_LOOP('',(#1517));
#329=EDGE_LOOP('',(#1518));
#330=EDGE_LOOP('',(#1519));
#331=EDGE_LOOP('',(#1520));
#332=EDGE_LOOP('',(#1521));
#333=EDGE_LOOP('',(#1522));
#334=EDGE_LOOP('',(#1523,#1524,#1525,#1526,#1527,#1528,#1529,#1530));
#335=EDGE_LOOP('',(#1531));
#336=EDGE_LOOP('',(#1532));
#337=EDGE_LOOP('',(#1533));
#338=EDGE_LOOP('',(#1534));
#339=EDGE_LOOP('',(#1535));
#340=EDGE_LOOP('',(#1536));
#341=EDGE_LOOP('',(#1537,#1538,#1539,#1540));
#342=EDGE_LOOP('',(#1541,#1542,#1543,#1544));
#343=EDGE_LOOP('',(#1545,#1546,#1547,#1548));
#344=EDGE_LOOP('',(#1549,#1550,#1551,#1552));
#345=EDGE_LOOP('',(#1553,#1554,#1555,#1556));
#346=EDGE_LOOP('',(#1557,#1558,#1559,#1560));
#347=EDGE_LOOP('',(#1561,#1562,#1563,#1564));
#348=EDGE_LOOP('',(#1565,#1566,#1567,#1568));
#349=EDGE_LOOP('',(#1569,#1570,#1571,#1572));
#350=EDGE_LOOP('',(#1573,#1574,#1575,#1576));
#351=EDGE_LOOP('',(#1577,#1578,#1579,#1580));
#352=EDGE_LOOP('',(#1581,#1582,#1583,#1584));
#353=EDGE_LOOP('',(#1585,#1586,#1587,#1588));
#354=EDGE_LOOP('',(#1589,#1590,#1591,#1592));
#355=EDGE_LOOP('',(#1593,#1594,#1595,#1596,#1597,#1598,#1599,#1600));
#356=EDGE_LOOP('',(#1601));
#357=EDGE_LOOP('',(#1602));
#358=EDGE_LOOP('',(#1603));
#359=EDGE_LOOP('',(#1604));
#360=EDGE_LOOP('',(#1605));
#361=EDGE_LOOP('',(#1606));
#362=EDGE_LOOP('',(#1607,#1608,#1609,#1610,#1611,#1612,#1613,#1614));
#363=EDGE_LOOP('',(#1615));
#364=EDGE_LOOP('',(#1616));
#365=EDGE_LOOP('',(#1617));
#366=EDGE_LOOP('',(#1618));
#367=EDGE_LOOP('',(#1619));
#368=EDGE_LOOP('',(#1620));
#369=EDGE_LOOP('',(#1621,#1622,#1623,#1624));
#370=EDGE_LOOP('',(#1625,#1626,#1627,#1628));
#371=EDGE_LOOP('',(#1629,#1630,#1631,#1632));
#372=EDGE_LOOP('',(#1633,#1634,#1635,#1636));
#373=EDGE_LOOP('',(#1637,#1638,#1639,#1640));
#374=EDGE_LOOP('',(#1641,#1642,#1643,#1644));
#375=EDGE_LOOP('',(#1645,#1646,#1647,#1648));
#376=EDGE_LOOP('',(#1649,#1650,#1651,#1652));
#377=EDGE_LOOP('',(#1653,#1654,#1655,#1656));
#378=EDGE_LOOP('',(#1657,#1658,#1659,#1660));
#379=EDGE_LOOP('',(#1661,#1662,#1663,#1664));
#380=EDGE_LOOP('',(#1665,#1666,#1667,#1668));
#381=EDGE_LOOP('',(#1669,#1670,#1671,#1672));
#382=EDGE_LOOP('',(#1673,#1674,#1675,#1676));
#383=EDGE_LOOP('',(#1677,#1678,#1679,#1680,#1681,#1682,#1683,#1684));
#384=EDGE_LOOP('',(#1685));
#385=EDGE_LOOP('',(#1686));
#386=EDGE_LOOP('',(#1687));
#387=EDGE_LOOP('',(#1688));
#388=EDGE_LOOP('',(#1689));
#389=EDGE_LOOP('',(#1690));
#390=EDGE_LOOP('',(#1691,#1692,#1693,#1694,#1695,#1696,#1697,#1698));
#391=EDGE_LOOP('',(#1699));
#392=EDGE_LOOP('',(#1700));
#393=EDGE_LOOP('',(#1701));
#394=EDGE_LOOP('',(#1702));
#395=EDGE_LOOP('',(#1703));
#396=EDGE_LOOP('',(#1704));
#397=LINE('',#2667,#529);
#398=LINE('',#2673,#530);
#399=LINE('',#2679,#531);
#400=LINE('',#2685,#532);
#401=LINE('',#2691,#533);
#402=LINE('',#2697,#534);
#403=LINE('',#2702,#535);
#404=LINE('',#2704,#536);
#405=LINE('',#2706,#537);
#406=LINE('',#2707,#538);
#407=LINE('',#2713,#539);
#408=LINE('',#2716,#540);
#409=LINE('',#2718,#541);
#410=LINE('',#2719,#542);
#411=LINE('',#2725,#543);
#412=LINE('',#2728,#544);
#413=LINE('',#2730,#545);
#414=LINE('',#2731,#546);
#415=LINE('',#2737,#547);
#416=LINE('',#2740,#548);
#417=LINE('',#2742,#549);
#418=LINE('',#2743,#550);
#419=LINE('',#2753,#551);
#420=LINE('',#2759,#552);
#421=LINE('',#2765,#553);
#422=LINE('',#2771,#554);
#423=LINE('',#2777,#555);
#424=LINE('',#2783,#556);
#425=LINE('',#2788,#557);
#426=LINE('',#2790,#558);
#427=LINE('',#2792,#559);
#428=LINE('',#2793,#560);
#429=LINE('',#2799,#561);
#430=LINE('',#2802,#562);
#431=LINE('',#2804,#563);
#432=LINE('',#2805,#564);
#433=LINE('',#2811,#565);
#434=LINE('',#2814,#566);
#435=LINE('',#2816,#567);
#436=LINE('',#2817,#568);
#437=LINE('',#2823,#569);
#438=LINE('',#2826,#570);
#439=LINE('',#2828,#571);
#440=LINE('',#2829,#572);
#441=LINE('',#2839,#573);
#442=LINE('',#2845,#574);
#443=LINE('',#2851,#575);
#444=LINE('',#2857,#576);
#445=LINE('',#2863,#577);
#446=LINE('',#2869,#578);
#447=LINE('',#2874,#579);
#448=LINE('',#2876,#580);
#449=LINE('',#2878,#581);
#450=LINE('',#2879,#582);
#451=LINE('',#2885,#583);
#452=LINE('',#2888,#584);
#453=LINE('',#2890,#585);
#454=LINE('',#2891,#586);
#455=LINE('',#2897,#587);
#456=LINE('',#2900,#588);
#457=LINE('',#2902,#589);
#458=LINE('',#2903,#590);
#459=LINE('',#2909,#591);
#460=LINE('',#2912,#592);
#461=LINE('',#2914,#593);
#462=LINE('',#2915,#594);
#463=LINE('',#2925,#595);
#464=LINE('',#2931,#596);
#465=LINE('',#2937,#597);
#466=LINE('',#2943,#598);
#467=LINE('',#2949,#599);
#468=LINE('',#2955,#600);
#469=LINE('',#2960,#601);
#470=LINE('',#2962,#602);
#471=LINE('',#2964,#603);
#472=LINE('',#2965,#604);
#473=LINE('',#2971,#605);
#474=LINE('',#2974,#606);
#475=LINE('',#2976,#607);
#476=LINE('',#2977,#608);
#477=LINE('',#2983,#609);
#478=LINE('',#2986,#610);
#479=LINE('',#2988,#611);
#480=LINE('',#2989,#612);
#481=LINE('',#2995,#613);
#482=LINE('',#2998,#614);
#483=LINE('',#3000,#615);
#484=LINE('',#3001,#616);
#485=LINE('',#3011,#617);
#486=LINE('',#3017,#618);
#487=LINE('',#3023,#619);
#488=LINE('',#3029,#620);
#489=LINE('',#3035,#621);
#490=LINE('',#3041,#622);
#491=LINE('',#3046,#623);
#492=LINE('',#3048,#624);
#493=LINE('',#3050,#625);
#494=LINE('',#3051,#626);
#495=LINE('',#3057,#627);
#496=LINE('',#3060,#628);
#497=LINE('',#3062,#629);
#498=LINE('',#3063,#630);
#499=LINE('',#3069,#631);
#500=LINE('',#3072,#632);
#501=LINE('',#3074,#633);
#502=LINE('',#3075,#634);
#503=LINE('',#3081,#635);
#504=LINE('',#3084,#636);
#505=LINE('',#3086,#637);
#506=LINE('',#3087,#638);
#507=LINE('',#3097,#639);
#508=LINE('',#3103,#640);
#509=LINE('',#3109,#641);
#510=LINE('',#3115,#642);
#511=LINE('',#3121,#643);
#512=LINE('',#3127,#644);
#513=LINE('',#3132,#645);
#514=LINE('',#3134,#646);
#515=LINE('',#3136,#647);
#516=LINE('',#3137,#648);
#517=LINE('',#3143,#649);
#518=LINE('',#3146,#650);
#519=LINE('',#3148,#651);
#520=LINE('',#3149,#652);
#521=LINE('',#3155,#653);
#522=LINE('',#3158,#654);
#523=LINE('',#3160,#655);
#524=LINE('',#3161,#656);
#525=LINE('',#3167,#657);
#526=LINE('',#3170,#658);
#527=LINE('',#3172,#659);
#528=LINE('',#3173,#660);
#529=VECTOR('',#2102,1.75);
#530=VECTOR('',#2109,1.75);
#531=VECTOR('',#2116,1.75);
#532=VECTOR('',#2123,1.525);
#533=VECTOR('',#2130,1.75);
#534=VECTOR('',#2137,1.525);
#535=VECTOR('',#2142,10.);
#536=VECTOR('',#2143,10.);
#537=VECTOR('',#2144,10.);
#538=VECTOR('',#2145,10.);
#539=VECTOR('',#2152,10.);
#540=VECTOR('',#2155,10.);
#541=VECTOR('',#2156,10.);
#542=VECTOR('',#2157,10.);
#543=VECTOR('',#2164,10.);
#544=VECTOR('',#2167,10.);
#545=VECTOR('',#2168,10.);
#546=VECTOR('',#2169,10.);
#547=VECTOR('',#2176,10.);
#548=VECTOR('',#2179,10.);
#549=VECTOR('',#2180,10.);
#550=VECTOR('',#2181,10.);
#551=VECTOR('',#2196,1.75);
#552=VECTOR('',#2203,1.75);
#553=VECTOR('',#2210,1.75);
#554=VECTOR('',#2217,1.525);
#555=VECTOR('',#2224,1.525);
#556=VECTOR('',#2231,1.75);
#557=VECTOR('',#2236,10.);
#558=VECTOR('',#2237,10.);
#559=VECTOR('',#2238,10.);
#560=VECTOR('',#2239,10.);
#561=VECTOR('',#2246,10.);
#562=VECTOR('',#2249,10.);
#563=VECTOR('',#2250,10.);
#564=VECTOR('',#2251,10.);
#565=VECTOR('',#2258,10.);
#566=VECTOR('',#2261,10.);
#567=VECTOR('',#2262,10.);
#568=VECTOR('',#2263,10.);
#569=VECTOR('',#2270,10.);
#570=VECTOR('',#2273,10.);
#571=VECTOR('',#2274,10.);
#572=VECTOR('',#2275,10.);
#573=VECTOR('',#2290,1.75);
#574=VECTOR('',#2297,1.75);
#575=VECTOR('',#2304,1.525);
#576=VECTOR('',#2311,1.75);
#577=VECTOR('',#2318,1.525);
#578=VECTOR('',#2325,1.75);
#579=VECTOR('',#2330,10.);
#580=VECTOR('',#2331,10.);
#581=VECTOR('',#2332,10.);
#582=VECTOR('',#2333,10.);
#583=VECTOR('',#2340,10.);
#584=VECTOR('',#2343,10.);
#585=VECTOR('',#2344,10.);
#586=VECTOR('',#2345,10.);
#587=VECTOR('',#2352,10.);
#588=VECTOR('',#2355,10.);
#589=VECTOR('',#2356,10.);
#590=VECTOR('',#2357,10.);
#591=VECTOR('',#2364,10.);
#592=VECTOR('',#2367,10.);
#593=VECTOR('',#2368,10.);
#594=VECTOR('',#2369,10.);
#595=VECTOR('',#2384,1.75);
#596=VECTOR('',#2391,1.75);
#597=VECTOR('',#2398,1.75);
#598=VECTOR('',#2405,1.75);
#599=VECTOR('',#2412,1.525);
#600=VECTOR('',#2419,1.525);
#601=VECTOR('',#2424,10.);
#602=VECTOR('',#2425,10.);
#603=VECTOR('',#2426,10.);
#604=VECTOR('',#2427,10.);
#605=VECTOR('',#2434,10.);
#606=VECTOR('',#2437,10.);
#607=VECTOR('',#2438,10.);
#608=VECTOR('',#2439,10.);
#609=VECTOR('',#2446,10.);
#610=VECTOR('',#2449,10.);
#611=VECTOR('',#2450,10.);
#612=VECTOR('',#2451,10.);
#613=VECTOR('',#2458,10.);
#614=VECTOR('',#2461,10.);
#615=VECTOR('',#2462,10.);
#616=VECTOR('',#2463,10.);
#617=VECTOR('',#2478,1.75);
#618=VECTOR('',#2485,1.75);
#619=VECTOR('',#2492,1.525);
#620=VECTOR('',#2499,1.75);
#621=VECTOR('',#2506,1.525);
#622=VECTOR('',#2513,1.75);
#623=VECTOR('',#2518,10.);
#624=VECTOR('',#2519,10.);
#625=VECTOR('',#2520,10.);
#626=VECTOR('',#2521,10.);
#627=VECTOR('',#2528,10.);
#628=VECTOR('',#2531,10.);
#629=VECTOR('',#2532,10.);
#630=VECTOR('',#2533,10.);
#631=VECTOR('',#2540,10.);
#632=VECTOR('',#2543,10.);
#633=VECTOR('',#2544,10.);
#634=VECTOR('',#2545,10.);
#635=VECTOR('',#2552,10.);
#636=VECTOR('',#2555,10.);
#637=VECTOR('',#2556,10.);
#638=VECTOR('',#2557,10.);
#639=VECTOR('',#2572,1.75);
#640=VECTOR('',#2579,1.525);
#641=VECTOR('',#2586,1.75);
#642=VECTOR('',#2593,1.75);
#643=VECTOR('',#2600,1.525);
#644=VECTOR('',#2607,1.75);
#645=VECTOR('',#2612,10.);
#646=VECTOR('',#2613,10.);
#647=VECTOR('',#2614,10.);
#648=VECTOR('',#2615,10.);
#649=VECTOR('',#2622,10.);
#650=VECTOR('',#2625,10.);
#651=VECTOR('',#2626,10.);
#652=VECTOR('',#2627,10.);
#653=VECTOR('',#2634,10.);
#654=VECTOR('',#2637,10.);
#655=VECTOR('',#2638,10.);
#656=VECTOR('',#2639,10.);
#657=VECTOR('',#2646,10.);
#658=VECTOR('',#2649,10.);
#659=VECTOR('',#2650,10.);
#660=VECTOR('',#2651,10.);
#661=CIRCLE('',#1881,1.75);
#662=CIRCLE('',#1882,1.75);
#663=CIRCLE('',#1884,1.75);
#664=CIRCLE('',#1885,1.75);
#665=CIRCLE('',#1887,1.75);
#666=CIRCLE('',#1888,1.75);
#667=CIRCLE('',#1890,1.525);
#668=CIRCLE('',#1891,1.525);
#669=CIRCLE('',#1893,1.75);
#670=CIRCLE('',#1894,1.75);
#671=CIRCLE('',#1896,1.525);
#672=CIRCLE('',#1897,1.525);
#673=CIRCLE('',#1900,2.99999999999998);
#674=CIRCLE('',#1901,2.99999999999998);
#675=CIRCLE('',#1904,2.99999999999999);
#676=CIRCLE('',#1905,2.99999999999999);
#677=CIRCLE('',#1908,2.99999999999998);
#678=CIRCLE('',#1909,2.99999999999998);
#679=CIRCLE('',#1912,2.99999999999999);
#680=CIRCLE('',#1913,2.99999999999999);
#681=CIRCLE('',#1917,1.75);
#682=CIRCLE('',#1918,1.75);
#683=CIRCLE('',#1920,1.75);
#684=CIRCLE('',#1921,1.75);
#685=CIRCLE('',#1923,1.75);
#686=CIRCLE('',#1924,1.75);
#687=CIRCLE('',#1926,1.525);
#688=CIRCLE('',#1927,1.525);
#689=CIRCLE('',#1929,1.525);
#690=CIRCLE('',#1930,1.525);
#691=CIRCLE('',#1932,1.75);
#692=CIRCLE('',#1933,1.75);
#693=CIRCLE('',#1936,2.99999999999998);
#694=CIRCLE('',#1937,2.99999999999998);
#695=CIRCLE('',#1940,2.99999999999999);
#696=CIRCLE('',#1941,2.99999999999999);
#697=CIRCLE('',#1944,2.99999999999998);
#698=CIRCLE('',#1945,2.99999999999998);
#699=CIRCLE('',#1948,2.99999999999999);
#700=CIRCLE('',#1949,2.99999999999999);
#701=CIRCLE('',#1953,1.75);
#702=CIRCLE('',#1954,1.75);
#703=CIRCLE('',#1956,1.75);
#704=CIRCLE('',#1957,1.75);
#705=CIRCLE('',#1959,1.525);
#706=CIRCLE('',#1960,1.525);
#707=CIRCLE('',#1962,1.75);
#708=CIRCLE('',#1963,1.75);
#709=CIRCLE('',#1965,1.525);
#710=CIRCLE('',#1966,1.525);
#711=CIRCLE('',#1968,1.75);
#712=CIRCLE('',#1969,1.75);
#713=CIRCLE('',#1972,2.99999999999998);
#714=CIRCLE('',#1973,2.99999999999998);
#715=CIRCLE('',#1976,2.99999999999999);
#716=CIRCLE('',#1977,2.99999999999999);
#717=CIRCLE('',#1980,2.99999999999998);
#718=CIRCLE('',#1981,2.99999999999998);
#719=CIRCLE('',#1984,2.99999999999999);
#720=CIRCLE('',#1985,2.99999999999999);
#721=CIRCLE('',#1989,1.75);
#722=CIRCLE('',#1990,1.75);
#723=CIRCLE('',#1992,1.75);
#724=CIRCLE('',#1993,1.75);
#725=CIRCLE('',#1995,1.75);
#726=CIRCLE('',#1996,1.75);
#727=CIRCLE('',#1998,1.75);
#728=CIRCLE('',#1999,1.75);
#729=CIRCLE('',#2001,1.525);
#730=CIRCLE('',#2002,1.525);
#731=CIRCLE('',#2004,1.525);
#732=CIRCLE('',#2005,1.525);
#733=CIRCLE('',#2008,2.99999999999998);
#734=CIRCLE('',#2009,2.99999999999998);
#735=CIRCLE('',#2012,2.99999999999999);
#736=CIRCLE('',#2013,2.99999999999999);
#737=CIRCLE('',#2016,2.99999999999998);
#738=CIRCLE('',#2017,2.99999999999998);
#739=CIRCLE('',#2020,2.99999999999999);
#740=CIRCLE('',#2021,2.99999999999999);
#741=CIRCLE('',#2025,1.75);
#742=CIRCLE('',#2026,1.75);
#743=CIRCLE('',#2028,1.75);
#744=CIRCLE('',#2029,1.75);
#745=CIRCLE('',#2031,1.525);
#746=CIRCLE('',#2032,1.525);
#747=CIRCLE('',#2034,1.75);
#748=CIRCLE('',#2035,1.75);
#749=CIRCLE('',#2037,1.525);
#750=CIRCLE('',#2038,1.525);
#751=CIRCLE('',#2040,1.75);
#752=CIRCLE('',#2041,1.75);
#753=CIRCLE('',#2044,2.99999999999998);
#754=CIRCLE('',#2045,2.99999999999998);
#755=CIRCLE('',#2048,2.99999999999999);
#756=CIRCLE('',#2049,2.99999999999999);
#757=CIRCLE('',#2052,2.99999999999998);
#758=CIRCLE('',#2053,2.99999999999998);
#759=CIRCLE('',#2056,2.99999999999999);
#760=CIRCLE('',#2057,2.99999999999999);
#761=CIRCLE('',#2061,1.75);
#762=CIRCLE('',#2062,1.75);
#763=CIRCLE('',#2064,1.525);
#764=CIRCLE('',#2065,1.525);
#765=CIRCLE('',#2067,1.75);
#766=CIRCLE('',#2068,1.75);
#767=CIRCLE('',#2070,1.75);
#768=CIRCLE('',#2071,1.75);
#769=CIRCLE('',#2073,1.525);
#770=CIRCLE('',#2074,1.525);
#771=CIRCLE('',#2076,1.75);
#772=CIRCLE('',#2077,1.75);
#773=CIRCLE('',#2080,2.99999999999998);
#774=CIRCLE('',#2081,2.99999999999998);
#775=CIRCLE('',#2084,2.99999999999999);
#776=CIRCLE('',#2085,2.99999999999999);
#777=CIRCLE('',#2088,2.99999999999998);
#778=CIRCLE('',#2089,2.99999999999998);
#779=CIRCLE('',#2092,2.99999999999999);
#780=CIRCLE('',#2093,2.99999999999999);
#781=VERTEX_POINT('',#2664);
#782=VERTEX_POINT('',#2666);
#783=VERTEX_POINT('',#2670);
#784=VERTEX_POINT('',#2672);
#785=VERTEX_POINT('',#2676);
#786=VERTEX_POINT('',#2678);
#787=VERTEX_POINT('',#2682);
#788=VERTEX_POINT('',#2684);
#789=VERTEX_POINT('',#2688);
#790=VERTEX_POINT('',#2690);
#791=VERTEX_POINT('',#2694);
#792=VERTEX_POINT('',#2696);
#793=VERTEX_POINT('',#2700);
#794=VERTEX_POINT('',#2701);
#795=VERTEX_POINT('',#2703);
#796=VERTEX_POINT('',#2705);
#797=VERTEX_POINT('',#2709);
#798=VERTEX_POINT('',#2711);
#799=VERTEX_POINT('',#2715);
#800=VERTEX_POINT('',#2717);
#801=VERTEX_POINT('',#2721);
#802=VERTEX_POINT('',#2723);
#803=VERTEX_POINT('',#2727);
#804=VERTEX_POINT('',#2729);
#805=VERTEX_POINT('',#2733);
#806=VERTEX_POINT('',#2735);
#807=VERTEX_POINT('',#2739);
#808=VERTEX_POINT('',#2741);
#809=VERTEX_POINT('',#2750);
#810=VERTEX_POINT('',#2752);
#811=VERTEX_POINT('',#2756);
#812=VERTEX_POINT('',#2758);
#813=VERTEX_POINT('',#2762);
#814=VERTEX_POINT('',#2764);
#815=VERTEX_POINT('',#2768);
#816=VERTEX_POINT('',#2770);
#817=VERTEX_POINT('',#2774);
#818=VERTEX_POINT('',#2776);
#819=VERTEX_POINT('',#2780);
#820=VERTEX_POINT('',#2782);
#821=VERTEX_POINT('',#2786);
#822=VERTEX_POINT('',#2787);
#823=VERTEX_POINT('',#2789);
#824=VERTEX_POINT('',#2791);
#825=VERTEX_POINT('',#2795);
#826=VERTEX_POINT('',#2797);
#827=VERTEX_POINT('',#2801);
#828=VERTEX_POINT('',#2803);
#829=VERTEX_POINT('',#2807);
#830=VERTEX_POINT('',#2809);
#831=VERTEX_POINT('',#2813);
#832=VERTEX_POINT('',#2815);
#833=VERTEX_POINT('',#2819);
#834=VERTEX_POINT('',#2821);
#835=VERTEX_POINT('',#2825);
#836=VERTEX_POINT('',#2827);
#837=VERTEX_POINT('',#2836);
#838=VERTEX_POINT('',#2838);
#839=VERTEX_POINT('',#2842);
#840=VERTEX_POINT('',#2844);
#841=VERTEX_POINT('',#2848);
#842=VERTEX_POINT('',#2850);
#843=VERTEX_POINT('',#2854);
#844=VERTEX_POINT('',#2856);
#845=VERTEX_POINT('',#2860);
#846=VERTEX_POINT('',#2862);
#847=VERTEX_POINT('',#2866);
#848=VERTEX_POINT('',#2868);
#849=VERTEX_POINT('',#2872);
#850=VERTEX_POINT('',#2873);
#851=VERTEX_POINT('',#2875);
#852=VERTEX_POINT('',#2877);
#853=VERTEX_POINT('',#2881);
#854=VERTEX_POINT('',#2883);
#855=VERTEX_POINT('',#2887);
#856=VERTEX_POINT('',#2889);
#857=VERTEX_POINT('',#2893);
#858=VERTEX_POINT('',#2895);
#859=VERTEX_POINT('',#2899);
#860=VERTEX_POINT('',#2901);
#861=VERTEX_POINT('',#2905);
#862=VERTEX_POINT('',#2907);
#863=VERTEX_POINT('',#2911);
#864=VERTEX_POINT('',#2913);
#865=VERTEX_POINT('',#2922);
#866=VERTEX_POINT('',#2924);
#867=VERTEX_POINT('',#2928);
#868=VERTEX_POINT('',#2930);
#869=VERTEX_POINT('',#2934);
#870=VERTEX_POINT('',#2936);
#871=VERTEX_POINT('',#2940);
#872=VERTEX_POINT('',#2942);
#873=VERTEX_POINT('',#2946);
#874=VERTEX_POINT('',#2948);
#875=VERTEX_POINT('',#2952);
#876=VERTEX_POINT('',#2954);
#877=VERTEX_POINT('',#2958);
#878=VERTEX_POINT('',#2959);
#879=VERTEX_POINT('',#2961);
#880=VERTEX_POINT('',#2963);
#881=VERTEX_POINT('',#2967);
#882=VERTEX_POINT('',#2969);
#883=VERTEX_POINT('',#2973);
#884=VERTEX_POINT('',#2975);
#885=VERTEX_POINT('',#2979);
#886=VERTEX_POINT('',#2981);
#887=VERTEX_POINT('',#2985);
#888=VERTEX_POINT('',#2987);
#889=VERTEX_POINT('',#2991);
#890=VERTEX_POINT('',#2993);
#891=VERTEX_POINT('',#2997);
#892=VERTEX_POINT('',#2999);
#893=VERTEX_POINT('',#3008);
#894=VERTEX_POINT('',#3010);
#895=VERTEX_POINT('',#3014);
#896=VERTEX_POINT('',#3016);
#897=VERTEX_POINT('',#3020);
#898=VERTEX_POINT('',#3022);
#899=VERTEX_POINT('',#3026);
#900=VERTEX_POINT('',#3028);
#901=VERTEX_POINT('',#3032);
#902=VERTEX_POINT('',#3034);
#903=VERTEX_POINT('',#3038);
#904=VERTEX_POINT('',#3040);
#905=VERTEX_POINT('',#3044);
#906=VERTEX_POINT('',#3045);
#907=VERTEX_POINT('',#3047);
#908=VERTEX_POINT('',#3049);
#909=VERTEX_POINT('',#3053);
#910=VERTEX_POINT('',#3055);
#911=VERTEX_POINT('',#3059);
#912=VERTEX_POINT('',#3061);
#913=VERTEX_POINT('',#3065);
#914=VERTEX_POINT('',#3067);
#915=VERTEX_POINT('',#3071);
#916=VERTEX_POINT('',#3073);
#917=VERTEX_POINT('',#3077);
#918=VERTEX_POINT('',#3079);
#919=VERTEX_POINT('',#3083);
#920=VERTEX_POINT('',#3085);
#921=VERTEX_POINT('',#3094);
#922=VERTEX_POINT('',#3096);
#923=VERTEX_POINT('',#3100);
#924=VERTEX_POINT('',#3102);
#925=VERTEX_POINT('',#3106);
#926=VERTEX_POINT('',#3108);
#927=VERTEX_POINT('',#3112);
#928=VERTEX_POINT('',#3114);
#929=VERTEX_POINT('',#3118);
#930=VERTEX_POINT('',#3120);
#931=VERTEX_POINT('',#3124);
#932=VERTEX_POINT('',#3126);
#933=VERTEX_POINT('',#3130);
#934=VERTEX_POINT('',#3131);
#935=VERTEX_POINT('',#3133);
#936=VERTEX_POINT('',#3135);
#937=VERTEX_POINT('',#3139);
#938=VERTEX_POINT('',#3141);
#939=VERTEX_POINT('',#3145);
#940=VERTEX_POINT('',#3147);
#941=VERTEX_POINT('',#3151);
#942=VERTEX_POINT('',#3153);
#943=VERTEX_POINT('',#3157);
#944=VERTEX_POINT('',#3159);
#945=VERTEX_POINT('',#3163);
#946=VERTEX_POINT('',#3165);
#947=VERTEX_POINT('',#3169);
#948=VERTEX_POINT('',#3171);
#949=EDGE_CURVE('',#781,#781,#661,.T.);
#950=EDGE_CURVE('',#781,#782,#397,.T.);
#951=EDGE_CURVE('',#782,#782,#662,.T.);
#952=EDGE_CURVE('',#783,#783,#663,.T.);
#953=EDGE_CURVE('',#783,#784,#398,.T.);
#954=EDGE_CURVE('',#784,#784,#664,.T.);
#955=EDGE_CURVE('',#785,#785,#665,.T.);
#956=EDGE_CURVE('',#785,#786,#399,.T.);
#957=EDGE_CURVE('',#786,#786,#666,.T.);
#958=EDGE_CURVE('',#787,#787,#667,.T.);
#959=EDGE_CURVE('',#787,#788,#400,.T.);
#960=EDGE_CURVE('',#788,#788,#668,.T.);
#961=EDGE_CURVE('',#789,#789,#669,.T.);
#962=EDGE_CURVE('',#789,#790,#401,.T.);
#963=EDGE_CURVE('',#790,#790,#670,.T.);
#964=EDGE_CURVE('',#791,#791,#671,.T.);
#965=EDGE_CURVE('',#791,#792,#402,.T.);
#966=EDGE_CURVE('',#792,#792,#672,.T.);
#967=EDGE_CURVE('',#793,#794,#403,.T.);
#968=EDGE_CURVE('',#793,#795,#404,.T.);
#969=EDGE_CURVE('',#796,#795,#405,.T.);
#970=EDGE_CURVE('',#794,#796,#406,.T.);
#971=EDGE_CURVE('',#797,#794,#673,.T.);
#972=EDGE_CURVE('',#798,#796,#674,.T.);
#973=EDGE_CURVE('',#797,#798,#407,.T.);
#974=EDGE_CURVE('',#797,#799,#408,.T.);
#975=EDGE_CURVE('',#800,#798,#409,.T.);
#976=EDGE_CURVE('',#799,#800,#410,.T.);
#977=EDGE_CURVE('',#801,#799,#675,.T.);
#978=EDGE_CURVE('',#802,#800,#676,.T.);
#979=EDGE_CURVE('',#801,#802,#411,.T.);
#980=EDGE_CURVE('',#801,#803,#412,.T.);
#981=EDGE_CURVE('',#804,#802,#413,.T.);
#982=EDGE_CURVE('',#803,#804,#414,.T.);
#983=EDGE_CURVE('',#805,#803,#677,.T.);
#984=EDGE_CURVE('',#806,#804,#678,.T.);
#985=EDGE_CURVE('',#805,#806,#415,.T.);
#986=EDGE_CURVE('',#805,#807,#416,.T.);
#987=EDGE_CURVE('',#808,#806,#417,.T.);
#988=EDGE_CURVE('',#807,#808,#418,.T.);
#989=EDGE_CURVE('',#793,#807,#679,.T.);
#990=EDGE_CURVE('',#795,#808,#680,.T.);
#991=EDGE_CURVE('',#809,#809,#681,.T.);
#992=EDGE_CURVE('',#809,#810,#419,.T.);
#993=EDGE_CURVE('',#810,#810,#682,.T.);
#994=EDGE_CURVE('',#811,#811,#683,.T.);
#995=EDGE_CURVE('',#811,#812,#420,.T.);
#996=EDGE_CURVE('',#812,#812,#684,.T.);
#997=EDGE_CURVE('',#813,#813,#685,.T.);
#998=EDGE_CURVE('',#813,#814,#421,.T.);
#999=EDGE_CURVE('',#814,#814,#686,.T.);
#1000=EDGE_CURVE('',#815,#815,#687,.T.);
#1001=EDGE_CURVE('',#815,#816,#422,.T.);
#1002=EDGE_CURVE('',#816,#816,#688,.T.);
#1003=EDGE_CURVE('',#817,#817,#689,.T.);
#1004=EDGE_CURVE('',#817,#818,#423,.T.);
#1005=EDGE_CURVE('',#818,#818,#690,.T.);
#1006=EDGE_CURVE('',#819,#819,#691,.T.);
#1007=EDGE_CURVE('',#819,#820,#424,.T.);
#1008=EDGE_CURVE('',#820,#820,#692,.T.);
#1009=EDGE_CURVE('',#821,#822,#425,.T.);
#1010=EDGE_CURVE('',#821,#823,#426,.T.);
#1011=EDGE_CURVE('',#824,#823,#427,.T.);
#1012=EDGE_CURVE('',#822,#824,#428,.T.);
#1013=EDGE_CURVE('',#825,#822,#693,.T.);
#1014=EDGE_CURVE('',#826,#824,#694,.T.);
#1015=EDGE_CURVE('',#825,#826,#429,.T.);
#1016=EDGE_CURVE('',#825,#827,#430,.T.);
#1017=EDGE_CURVE('',#828,#826,#431,.T.);
#1018=EDGE_CURVE('',#827,#828,#432,.T.);
#1019=EDGE_CURVE('',#829,#827,#695,.T.);
#1020=EDGE_CURVE('',#830,#828,#696,.T.);
#1021=EDGE_CURVE('',#829,#830,#433,.T.);
#1022=EDGE_CURVE('',#829,#831,#434,.T.);
#1023=EDGE_CURVE('',#832,#830,#435,.T.);
#1024=EDGE_CURVE('',#831,#832,#436,.T.);
#1025=EDGE_CURVE('',#833,#831,#697,.T.);
#1026=EDGE_CURVE('',#834,#832,#698,.T.);
#1027=EDGE_CURVE('',#833,#834,#437,.T.);
#1028=EDGE_CURVE('',#833,#835,#438,.T.);
#1029=EDGE_CURVE('',#836,#834,#439,.T.);
#1030=EDGE_CURVE('',#835,#836,#440,.T.);
#1031=EDGE_CURVE('',#821,#835,#699,.T.);
#1032=EDGE_CURVE('',#823,#836,#700,.T.);
#1033=EDGE_CURVE('',#837,#837,#701,.T.);
#1034=EDGE_CURVE('',#837,#838,#441,.T.);
#1035=EDGE_CURVE('',#838,#838,#702,.T.);
#1036=EDGE_CURVE('',#839,#839,#703,.T.);
#1037=EDGE_CURVE('',#839,#840,#442,.T.);
#1038=EDGE_CURVE('',#840,#840,#704,.T.);
#1039=EDGE_CURVE('',#841,#841,#705,.T.);
#1040=EDGE_CURVE('',#841,#842,#443,.T.);
#1041=EDGE_CURVE('',#842,#842,#706,.T.);
#1042=EDGE_CURVE('',#843,#843,#707,.T.);
#1043=EDGE_CURVE('',#843,#844,#444,.T.);
#1044=EDGE_CURVE('',#844,#844,#708,.T.);
#1045=EDGE_CURVE('',#845,#845,#709,.T.);
#1046=EDGE_CURVE('',#845,#846,#445,.T.);
#1047=EDGE_CURVE('',#846,#846,#710,.T.);
#1048=EDGE_CURVE('',#847,#847,#711,.T.);
#1049=EDGE_CURVE('',#847,#848,#446,.T.);
#1050=EDGE_CURVE('',#848,#848,#712,.T.);
#1051=EDGE_CURVE('',#849,#850,#447,.T.);
#1052=EDGE_CURVE('',#849,#851,#448,.T.);
#1053=EDGE_CURVE('',#852,#851,#449,.T.);
#1054=EDGE_CURVE('',#850,#852,#450,.T.);
#1055=EDGE_CURVE('',#853,#850,#713,.T.);
#1056=EDGE_CURVE('',#854,#852,#714,.T.);
#1057=EDGE_CURVE('',#853,#854,#451,.T.);
#1058=EDGE_CURVE('',#853,#855,#452,.T.);
#1059=EDGE_CURVE('',#856,#854,#453,.T.);
#1060=EDGE_CURVE('',#855,#856,#454,.T.);
#1061=EDGE_CURVE('',#857,#855,#715,.T.);
#1062=EDGE_CURVE('',#858,#856,#716,.T.);
#1063=EDGE_CURVE('',#857,#858,#455,.T.);
#1064=EDGE_CURVE('',#857,#859,#456,.T.);
#1065=EDGE_CURVE('',#860,#858,#457,.T.);
#1066=EDGE_CURVE('',#859,#860,#458,.T.);
#1067=EDGE_CURVE('',#861,#859,#717,.T.);
#1068=EDGE_CURVE('',#862,#860,#718,.T.);
#1069=EDGE_CURVE('',#861,#862,#459,.T.);
#1070=EDGE_CURVE('',#861,#863,#460,.T.);
#1071=EDGE_CURVE('',#864,#862,#461,.T.);
#1072=EDGE_CURVE('',#863,#864,#462,.T.);
#1073=EDGE_CURVE('',#849,#863,#719,.T.);
#1074=EDGE_CURVE('',#851,#864,#720,.T.);
#1075=EDGE_CURVE('',#865,#865,#721,.T.);
#1076=EDGE_CURVE('',#865,#866,#463,.T.);
#1077=EDGE_CURVE('',#866,#866,#722,.T.);
#1078=EDGE_CURVE('',#867,#867,#723,.T.);
#1079=EDGE_CURVE('',#867,#868,#464,.T.);
#1080=EDGE_CURVE('',#868,#868,#724,.T.);
#1081=EDGE_CURVE('',#869,#869,#725,.T.);
#1082=EDGE_CURVE('',#869,#870,#465,.T.);
#1083=EDGE_CURVE('',#870,#870,#726,.T.);
#1084=EDGE_CURVE('',#871,#871,#727,.T.);
#1085=EDGE_CURVE('',#871,#872,#466,.T.);
#1086=EDGE_CURVE('',#872,#872,#728,.T.);
#1087=EDGE_CURVE('',#873,#873,#729,.T.);
#1088=EDGE_CURVE('',#873,#874,#467,.T.);
#1089=EDGE_CURVE('',#874,#874,#730,.T.);
#1090=EDGE_CURVE('',#875,#875,#731,.T.);
#1091=EDGE_CURVE('',#875,#876,#468,.T.);
#1092=EDGE_CURVE('',#876,#876,#732,.T.);
#1093=EDGE_CURVE('',#877,#878,#469,.T.);
#1094=EDGE_CURVE('',#877,#879,#470,.T.);
#1095=EDGE_CURVE('',#880,#879,#471,.T.);
#1096=EDGE_CURVE('',#878,#880,#472,.T.);
#1097=EDGE_CURVE('',#881,#878,#733,.T.);
#1098=EDGE_CURVE('',#882,#880,#734,.T.);
#1099=EDGE_CURVE('',#881,#882,#473,.T.);
#1100=EDGE_CURVE('',#881,#883,#474,.T.);
#1101=EDGE_CURVE('',#884,#882,#475,.T.);
#1102=EDGE_CURVE('',#883,#884,#476,.T.);
#1103=EDGE_CURVE('',#885,#883,#735,.T.);
#1104=EDGE_CURVE('',#886,#884,#736,.T.);
#1105=EDGE_CURVE('',#885,#886,#477,.T.);
#1106=EDGE_CURVE('',#885,#887,#478,.T.);
#1107=EDGE_CURVE('',#888,#886,#479,.T.);
#1108=EDGE_CURVE('',#887,#888,#480,.T.);
#1109=EDGE_CURVE('',#889,#887,#737,.T.);
#1110=EDGE_CURVE('',#890,#888,#738,.T.);
#1111=EDGE_CURVE('',#889,#890,#481,.T.);
#1112=EDGE_CURVE('',#889,#891,#482,.T.);
#1113=EDGE_CURVE('',#892,#890,#483,.T.);
#1114=EDGE_CURVE('',#891,#892,#484,.T.);
#1115=EDGE_CURVE('',#877,#891,#739,.T.);
#1116=EDGE_CURVE('',#879,#892,#740,.T.);
#1117=EDGE_CURVE('',#893,#893,#741,.T.);
#1118=EDGE_CURVE('',#893,#894,#485,.T.);
#1119=EDGE_CURVE('',#894,#894,#742,.T.);
#1120=EDGE_CURVE('',#895,#895,#743,.T.);
#1121=EDGE_CURVE('',#895,#896,#486,.T.);
#1122=EDGE_CURVE('',#896,#896,#744,.T.);
#1123=EDGE_CURVE('',#897,#897,#745,.T.);
#1124=EDGE_CURVE('',#897,#898,#487,.T.);
#1125=EDGE_CURVE('',#898,#898,#746,.T.);
#1126=EDGE_CURVE('',#899,#899,#747,.T.);
#1127=EDGE_CURVE('',#899,#900,#488,.T.);
#1128=EDGE_CURVE('',#900,#900,#748,.T.);
#1129=EDGE_CURVE('',#901,#901,#749,.T.);
#1130=EDGE_CURVE('',#901,#902,#489,.T.);
#1131=EDGE_CURVE('',#902,#902,#750,.T.);
#1132=EDGE_CURVE('',#903,#903,#751,.T.);
#1133=EDGE_CURVE('',#903,#904,#490,.T.);
#1134=EDGE_CURVE('',#904,#904,#752,.T.);
#1135=EDGE_CURVE('',#905,#906,#491,.T.);
#1136=EDGE_CURVE('',#905,#907,#492,.T.);
#1137=EDGE_CURVE('',#908,#907,#493,.T.);
#1138=EDGE_CURVE('',#906,#908,#494,.T.);
#1139=EDGE_CURVE('',#909,#906,#753,.T.);
#1140=EDGE_CURVE('',#910,#908,#754,.T.);
#1141=EDGE_CURVE('',#909,#910,#495,.T.);
#1142=EDGE_CURVE('',#909,#911,#496,.T.);
#1143=EDGE_CURVE('',#912,#910,#497,.T.);
#1144=EDGE_CURVE('',#911,#912,#498,.T.);
#1145=EDGE_CURVE('',#913,#911,#755,.T.);
#1146=EDGE_CURVE('',#914,#912,#756,.T.);
#1147=EDGE_CURVE('',#913,#914,#499,.T.);
#1148=EDGE_CURVE('',#913,#915,#500,.T.);
#1149=EDGE_CURVE('',#916,#914,#501,.T.);
#1150=EDGE_CURVE('',#915,#916,#502,.T.);
#1151=EDGE_CURVE('',#917,#915,#757,.T.);
#1152=EDGE_CURVE('',#918,#916,#758,.T.);
#1153=EDGE_CURVE('',#917,#918,#503,.T.);
#1154=EDGE_CURVE('',#917,#919,#504,.T.);
#1155=EDGE_CURVE('',#920,#918,#505,.T.);
#1156=EDGE_CURVE('',#919,#920,#506,.T.);
#1157=EDGE_CURVE('',#905,#919,#759,.T.);
#1158=EDGE_CURVE('',#907,#920,#760,.T.);
#1159=EDGE_CURVE('',#921,#921,#761,.T.);
#1160=EDGE_CURVE('',#921,#922,#507,.T.);
#1161=EDGE_CURVE('',#922,#922,#762,.T.);
#1162=EDGE_CURVE('',#923,#923,#763,.T.);
#1163=EDGE_CURVE('',#923,#924,#508,.T.);
#1164=EDGE_CURVE('',#924,#924,#764,.T.);
#1165=EDGE_CURVE('',#925,#925,#765,.T.);
#1166=EDGE_CURVE('',#925,#926,#509,.T.);
#1167=EDGE_CURVE('',#926,#926,#766,.T.);
#1168=EDGE_CURVE('',#927,#927,#767,.T.);
#1169=EDGE_CURVE('',#927,#928,#510,.T.);
#1170=EDGE_CURVE('',#928,#928,#768,.T.);
#1171=EDGE_CURVE('',#929,#929,#769,.T.);
#1172=EDGE_CURVE('',#929,#930,#511,.T.);
#1173=EDGE_CURVE('',#930,#930,#770,.T.);
#1174=EDGE_CURVE('',#931,#931,#771,.T.);
#1175=EDGE_CURVE('',#931,#932,#512,.T.);
#1176=EDGE_CURVE('',#932,#932,#772,.T.);
#1177=EDGE_CURVE('',#933,#934,#513,.T.);
#1178=EDGE_CURVE('',#933,#935,#514,.T.);
#1179=EDGE_CURVE('',#936,#935,#515,.T.);
#1180=EDGE_CURVE('',#934,#936,#516,.T.);
#1181=EDGE_CURVE('',#937,#934,#773,.T.);
#1182=EDGE_CURVE('',#938,#936,#774,.T.);
#1183=EDGE_CURVE('',#937,#938,#517,.T.);
#1184=EDGE_CURVE('',#937,#939,#518,.T.);
#1185=EDGE_CURVE('',#940,#938,#519,.T.);
#1186=EDGE_CURVE('',#939,#940,#520,.T.);
#1187=EDGE_CURVE('',#941,#939,#775,.T.);
#1188=EDGE_CURVE('',#942,#940,#776,.T.);
#1189=EDGE_CURVE('',#941,#942,#521,.T.);
#1190=EDGE_CURVE('',#941,#943,#522,.T.);
#1191=EDGE_CURVE('',#944,#942,#523,.T.);
#1192=EDGE_CURVE('',#943,#944,#524,.T.);
#1193=EDGE_CURVE('',#945,#943,#777,.T.);
#1194=EDGE_CURVE('',#946,#944,#778,.T.);
#1195=EDGE_CURVE('',#945,#946,#525,.T.);
#1196=EDGE_CURVE('',#945,#947,#526,.T.);
#1197=EDGE_CURVE('',#948,#946,#527,.T.);
#1198=EDGE_CURVE('',#947,#948,#528,.T.);
#1199=EDGE_CURVE('',#933,#947,#779,.T.);
#1200=EDGE_CURVE('',#935,#948,#780,.T.);
#1201=ORIENTED_EDGE('',*,*,#949,.F.);
#1202=ORIENTED_EDGE('',*,*,#950,.T.);
#1203=ORIENTED_EDGE('',*,*,#951,.F.);
#1204=ORIENTED_EDGE('',*,*,#950,.F.);
#1205=ORIENTED_EDGE('',*,*,#952,.F.);
#1206=ORIENTED_EDGE('',*,*,#953,.T.);
#1207=ORIENTED_EDGE('',*,*,#954,.T.);
#1208=ORIENTED_EDGE('',*,*,#953,.F.);
#1209=ORIENTED_EDGE('',*,*,#955,.F.);
#1210=ORIENTED_EDGE('',*,*,#956,.T.);
#1211=ORIENTED_EDGE('',*,*,#957,.T.);
#1212=ORIENTED_EDGE('',*,*,#956,.F.);
#1213=ORIENTED_EDGE('',*,*,#958,.F.);
#1214=ORIENTED_EDGE('',*,*,#959,.T.);
#1215=ORIENTED_EDGE('',*,*,#960,.T.);
#1216=ORIENTED_EDGE('',*,*,#959,.F.);
#1217=ORIENTED_EDGE('',*,*,#961,.F.);
#1218=ORIENTED_EDGE('',*,*,#962,.T.);
#1219=ORIENTED_EDGE('',*,*,#963,.T.);
#1220=ORIENTED_EDGE('',*,*,#962,.F.);
#1221=ORIENTED_EDGE('',*,*,#964,.F.);
#1222=ORIENTED_EDGE('',*,*,#965,.T.);
#1223=ORIENTED_EDGE('',*,*,#966,.T.);
#1224=ORIENTED_EDGE('',*,*,#965,.F.);
#1225=ORIENTED_EDGE('',*,*,#967,.F.);
#1226=ORIENTED_EDGE('',*,*,#968,.T.);
#1227=ORIENTED_EDGE('',*,*,#969,.F.);
#1228=ORIENTED_EDGE('',*,*,#970,.F.);
#1229=ORIENTED_EDGE('',*,*,#971,.T.);
#1230=ORIENTED_EDGE('',*,*,#970,.T.);
#1231=ORIENTED_EDGE('',*,*,#972,.F.);
#1232=ORIENTED_EDGE('',*,*,#973,.F.);
#1233=ORIENTED_EDGE('',*,*,#974,.F.);
#1234=ORIENTED_EDGE('',*,*,#973,.T.);
#1235=ORIENTED_EDGE('',*,*,#975,.F.);
#1236=ORIENTED_EDGE('',*,*,#976,.F.);
#1237=ORIENTED_EDGE('',*,*,#977,.T.);
#1238=ORIENTED_EDGE('',*,*,#976,.T.);
#1239=ORIENTED_EDGE('',*,*,#978,.F.);
#1240=ORIENTED_EDGE('',*,*,#979,.F.);
#1241=ORIENTED_EDGE('',*,*,#980,.F.);
#1242=ORIENTED_EDGE('',*,*,#979,.T.);
#1243=ORIENTED_EDGE('',*,*,#981,.F.);
#1244=ORIENTED_EDGE('',*,*,#982,.F.);
#1245=ORIENTED_EDGE('',*,*,#983,.T.);
#1246=ORIENTED_EDGE('',*,*,#982,.T.);
#1247=ORIENTED_EDGE('',*,*,#984,.F.);
#1248=ORIENTED_EDGE('',*,*,#985,.F.);
#1249=ORIENTED_EDGE('',*,*,#986,.F.);
#1250=ORIENTED_EDGE('',*,*,#985,.T.);
#1251=ORIENTED_EDGE('',*,*,#987,.F.);
#1252=ORIENTED_EDGE('',*,*,#988,.F.);
#1253=ORIENTED_EDGE('',*,*,#989,.T.);
#1254=ORIENTED_EDGE('',*,*,#988,.T.);
#1255=ORIENTED_EDGE('',*,*,#990,.F.);
#1256=ORIENTED_EDGE('',*,*,#968,.F.);
#1257=ORIENTED_EDGE('',*,*,#990,.T.);
#1258=ORIENTED_EDGE('',*,*,#987,.T.);
#1259=ORIENTED_EDGE('',*,*,#984,.T.);
#1260=ORIENTED_EDGE('',*,*,#981,.T.);
#1261=ORIENTED_EDGE('',*,*,#978,.T.);
#1262=ORIENTED_EDGE('',*,*,#975,.T.);
#1263=ORIENTED_EDGE('',*,*,#972,.T.);
#1264=ORIENTED_EDGE('',*,*,#969,.T.);
#1265=ORIENTED_EDGE('',*,*,#951,.T.);
#1266=ORIENTED_EDGE('',*,*,#964,.T.);
#1267=ORIENTED_EDGE('',*,*,#961,.T.);
#1268=ORIENTED_EDGE('',*,*,#958,.T.);
#1269=ORIENTED_EDGE('',*,*,#955,.T.);
#1270=ORIENTED_EDGE('',*,*,#952,.T.);
#1271=ORIENTED_EDGE('',*,*,#989,.F.);
#1272=ORIENTED_EDGE('',*,*,#967,.T.);
#1273=ORIENTED_EDGE('',*,*,#971,.F.);
#1274=ORIENTED_EDGE('',*,*,#974,.T.);
#1275=ORIENTED_EDGE('',*,*,#977,.F.);
#1276=ORIENTED_EDGE('',*,*,#980,.T.);
#1277=ORIENTED_EDGE('',*,*,#983,.F.);
#1278=ORIENTED_EDGE('',*,*,#986,.T.);
#1279=ORIENTED_EDGE('',*,*,#949,.T.);
#1280=ORIENTED_EDGE('',*,*,#966,.F.);
#1281=ORIENTED_EDGE('',*,*,#963,.F.);
#1282=ORIENTED_EDGE('',*,*,#960,.F.);
#1283=ORIENTED_EDGE('',*,*,#957,.F.);
#1284=ORIENTED_EDGE('',*,*,#954,.F.);
#1285=ORIENTED_EDGE('',*,*,#991,.F.);
#1286=ORIENTED_EDGE('',*,*,#992,.T.);
#1287=ORIENTED_EDGE('',*,*,#993,.F.);
#1288=ORIENTED_EDGE('',*,*,#992,.F.);
#1289=ORIENTED_EDGE('',*,*,#994,.F.);
#1290=ORIENTED_EDGE('',*,*,#995,.T.);
#1291=ORIENTED_EDGE('',*,*,#996,.T.);
#1292=ORIENTED_EDGE('',*,*,#995,.F.);
#1293=ORIENTED_EDGE('',*,*,#997,.F.);
#1294=ORIENTED_EDGE('',*,*,#998,.T.);
#1295=ORIENTED_EDGE('',*,*,#999,.T.);
#1296=ORIENTED_EDGE('',*,*,#998,.F.);
#1297=ORIENTED_EDGE('',*,*,#1000,.F.);
#1298=ORIENTED_EDGE('',*,*,#1001,.T.);
#1299=ORIENTED_EDGE('',*,*,#1002,.T.);
#1300=ORIENTED_EDGE('',*,*,#1001,.F.);
#1301=ORIENTED_EDGE('',*,*,#1003,.F.);
#1302=ORIENTED_EDGE('',*,*,#1004,.T.);
#1303=ORIENTED_EDGE('',*,*,#1005,.T.);
#1304=ORIENTED_EDGE('',*,*,#1004,.F.);
#1305=ORIENTED_EDGE('',*,*,#1006,.F.);
#1306=ORIENTED_EDGE('',*,*,#1007,.T.);
#1307=ORIENTED_EDGE('',*,*,#1008,.T.);
#1308=ORIENTED_EDGE('',*,*,#1007,.F.);
#1309=ORIENTED_EDGE('',*,*,#1009,.F.);
#1310=ORIENTED_EDGE('',*,*,#1010,.T.);
#1311=ORIENTED_EDGE('',*,*,#1011,.F.);
#1312=ORIENTED_EDGE('',*,*,#1012,.F.);
#1313=ORIENTED_EDGE('',*,*,#1013,.T.);
#1314=ORIENTED_EDGE('',*,*,#1012,.T.);
#1315=ORIENTED_EDGE('',*,*,#1014,.F.);
#1316=ORIENTED_EDGE('',*,*,#1015,.F.);
#1317=ORIENTED_EDGE('',*,*,#1016,.F.);
#1318=ORIENTED_EDGE('',*,*,#1015,.T.);
#1319=ORIENTED_EDGE('',*,*,#1017,.F.);
#1320=ORIENTED_EDGE('',*,*,#1018,.F.);
#1321=ORIENTED_EDGE('',*,*,#1019,.T.);
#1322=ORIENTED_EDGE('',*,*,#1018,.T.);
#1323=ORIENTED_EDGE('',*,*,#1020,.F.);
#1324=ORIENTED_EDGE('',*,*,#1021,.F.);
#1325=ORIENTED_EDGE('',*,*,#1022,.F.);
#1326=ORIENTED_EDGE('',*,*,#1021,.T.);
#1327=ORIENTED_EDGE('',*,*,#1023,.F.);
#1328=ORIENTED_EDGE('',*,*,#1024,.F.);
#1329=ORIENTED_EDGE('',*,*,#1025,.T.);
#1330=ORIENTED_EDGE('',*,*,#1024,.T.);
#1331=ORIENTED_EDGE('',*,*,#1026,.F.);
#1332=ORIENTED_EDGE('',*,*,#1027,.F.);
#1333=ORIENTED_EDGE('',*,*,#1028,.F.);
#1334=ORIENTED_EDGE('',*,*,#1027,.T.);
#1335=ORIENTED_EDGE('',*,*,#1029,.F.);
#1336=ORIENTED_EDGE('',*,*,#1030,.F.);
#1337=ORIENTED_EDGE('',*,*,#1031,.T.);
#1338=ORIENTED_EDGE('',*,*,#1030,.T.);
#1339=ORIENTED_EDGE('',*,*,#1032,.F.);
#1340=ORIENTED_EDGE('',*,*,#1010,.F.);
#1341=ORIENTED_EDGE('',*,*,#1032,.T.);
#1342=ORIENTED_EDGE('',*,*,#1029,.T.);
#1343=ORIENTED_EDGE('',*,*,#1026,.T.);
#1344=ORIENTED_EDGE('',*,*,#1023,.T.);
#1345=ORIENTED_EDGE('',*,*,#1020,.T.);
#1346=ORIENTED_EDGE('',*,*,#1017,.T.);
#1347=ORIENTED_EDGE('',*,*,#1014,.T.);
#1348=ORIENTED_EDGE('',*,*,#1011,.T.);
#1349=ORIENTED_EDGE('',*,*,#993,.T.);
#1350=ORIENTED_EDGE('',*,*,#1006,.T.);
#1351=ORIENTED_EDGE('',*,*,#1003,.T.);
#1352=ORIENTED_EDGE('',*,*,#1000,.T.);
#1353=ORIENTED_EDGE('',*,*,#997,.T.);
#1354=ORIENTED_EDGE('',*,*,#994,.T.);
#1355=ORIENTED_EDGE('',*,*,#1031,.F.);
#1356=ORIENTED_EDGE('',*,*,#1009,.T.);
#1357=ORIENTED_EDGE('',*,*,#1013,.F.);
#1358=ORIENTED_EDGE('',*,*,#1016,.T.);
#1359=ORIENTED_EDGE('',*,*,#1019,.F.);
#1360=ORIENTED_EDGE('',*,*,#1022,.T.);
#1361=ORIENTED_EDGE('',*,*,#1025,.F.);
#1362=ORIENTED_EDGE('',*,*,#1028,.T.);
#1363=ORIENTED_EDGE('',*,*,#991,.T.);
#1364=ORIENTED_EDGE('',*,*,#1008,.F.);
#1365=ORIENTED_EDGE('',*,*,#1005,.F.);
#1366=ORIENTED_EDGE('',*,*,#1002,.F.);
#1367=ORIENTED_EDGE('',*,*,#999,.F.);
#1368=ORIENTED_EDGE('',*,*,#996,.F.);
#1369=ORIENTED_EDGE('',*,*,#1033,.F.);
#1370=ORIENTED_EDGE('',*,*,#1034,.T.);
#1371=ORIENTED_EDGE('',*,*,#1035,.T.);
#1372=ORIENTED_EDGE('',*,*,#1034,.F.);
#1373=ORIENTED_EDGE('',*,*,#1036,.F.);
#1374=ORIENTED_EDGE('',*,*,#1037,.T.);
#1375=ORIENTED_EDGE('',*,*,#1038,.T.);
#1376=ORIENTED_EDGE('',*,*,#1037,.F.);
#1377=ORIENTED_EDGE('',*,*,#1039,.F.);
#1378=ORIENTED_EDGE('',*,*,#1040,.T.);
#1379=ORIENTED_EDGE('',*,*,#1041,.T.);
#1380=ORIENTED_EDGE('',*,*,#1040,.F.);
#1381=ORIENTED_EDGE('',*,*,#1042,.F.);
#1382=ORIENTED_EDGE('',*,*,#1043,.T.);
#1383=ORIENTED_EDGE('',*,*,#1044,.T.);
#1384=ORIENTED_EDGE('',*,*,#1043,.F.);
#1385=ORIENTED_EDGE('',*,*,#1045,.F.);
#1386=ORIENTED_EDGE('',*,*,#1046,.T.);
#1387=ORIENTED_EDGE('',*,*,#1047,.T.);
#1388=ORIENTED_EDGE('',*,*,#1046,.F.);
#1389=ORIENTED_EDGE('',*,*,#1048,.F.);
#1390=ORIENTED_EDGE('',*,*,#1049,.T.);
#1391=ORIENTED_EDGE('',*,*,#1050,.T.);
#1392=ORIENTED_EDGE('',*,*,#1049,.F.);
#1393=ORIENTED_EDGE('',*,*,#1051,.F.);
#1394=ORIENTED_EDGE('',*,*,#1052,.T.);
#1395=ORIENTED_EDGE('',*,*,#1053,.F.);
#1396=ORIENTED_EDGE('',*,*,#1054,.F.);
#1397=ORIENTED_EDGE('',*,*,#1055,.T.);
#1398=ORIENTED_EDGE('',*,*,#1054,.T.);
#1399=ORIENTED_EDGE('',*,*,#1056,.F.);
#1400=ORIENTED_EDGE('',*,*,#1057,.F.);
#1401=ORIENTED_EDGE('',*,*,#1058,.F.);
#1402=ORIENTED_EDGE('',*,*,#1057,.T.);
#1403=ORIENTED_EDGE('',*,*,#1059,.F.);
#1404=ORIENTED_EDGE('',*,*,#1060,.F.);
#1405=ORIENTED_EDGE('',*,*,#1061,.T.);
#1406=ORIENTED_EDGE('',*,*,#1060,.T.);
#1407=ORIENTED_EDGE('',*,*,#1062,.F.);
#1408=ORIENTED_EDGE('',*,*,#1063,.F.);
#1409=ORIENTED_EDGE('',*,*,#1064,.F.);
#1410=ORIENTED_EDGE('',*,*,#1063,.T.);
#1411=ORIENTED_EDGE('',*,*,#1065,.F.);
#1412=ORIENTED_EDGE('',*,*,#1066,.F.);
#1413=ORIENTED_EDGE('',*,*,#1067,.T.);
#1414=ORIENTED_EDGE('',*,*,#1066,.T.);
#1415=ORIENTED_EDGE('',*,*,#1068,.F.);
#1416=ORIENTED_EDGE('',*,*,#1069,.F.);
#1417=ORIENTED_EDGE('',*,*,#1070,.F.);
#1418=ORIENTED_EDGE('',*,*,#1069,.T.);
#1419=ORIENTED_EDGE('',*,*,#1071,.F.);
#1420=ORIENTED_EDGE('',*,*,#1072,.F.);
#1421=ORIENTED_EDGE('',*,*,#1073,.T.);
#1422=ORIENTED_EDGE('',*,*,#1072,.T.);
#1423=ORIENTED_EDGE('',*,*,#1074,.F.);
#1424=ORIENTED_EDGE('',*,*,#1052,.F.);
#1425=ORIENTED_EDGE('',*,*,#1074,.T.);
#1426=ORIENTED_EDGE('',*,*,#1071,.T.);
#1427=ORIENTED_EDGE('',*,*,#1068,.T.);
#1428=ORIENTED_EDGE('',*,*,#1065,.T.);
#1429=ORIENTED_EDGE('',*,*,#1062,.T.);
#1430=ORIENTED_EDGE('',*,*,#1059,.T.);
#1431=ORIENTED_EDGE('',*,*,#1056,.T.);
#1432=ORIENTED_EDGE('',*,*,#1053,.T.);
#1433=ORIENTED_EDGE('',*,*,#1048,.T.);
#1434=ORIENTED_EDGE('',*,*,#1045,.T.);
#1435=ORIENTED_EDGE('',*,*,#1042,.T.);
#1436=ORIENTED_EDGE('',*,*,#1039,.T.);
#1437=ORIENTED_EDGE('',*,*,#1036,.T.);
#1438=ORIENTED_EDGE('',*,*,#1033,.T.);
#1439=ORIENTED_EDGE('',*,*,#1073,.F.);
#1440=ORIENTED_EDGE('',*,*,#1051,.T.);
#1441=ORIENTED_EDGE('',*,*,#1055,.F.);
#1442=ORIENTED_EDGE('',*,*,#1058,.T.);
#1443=ORIENTED_EDGE('',*,*,#1061,.F.);
#1444=ORIENTED_EDGE('',*,*,#1064,.T.);
#1445=ORIENTED_EDGE('',*,*,#1067,.F.);
#1446=ORIENTED_EDGE('',*,*,#1070,.T.);
#1447=ORIENTED_EDGE('',*,*,#1050,.F.);
#1448=ORIENTED_EDGE('',*,*,#1047,.F.);
#1449=ORIENTED_EDGE('',*,*,#1044,.F.);
#1450=ORIENTED_EDGE('',*,*,#1041,.F.);
#1451=ORIENTED_EDGE('',*,*,#1038,.F.);
#1452=ORIENTED_EDGE('',*,*,#1035,.F.);
#1453=ORIENTED_EDGE('',*,*,#1075,.F.);
#1454=ORIENTED_EDGE('',*,*,#1076,.T.);
#1455=ORIENTED_EDGE('',*,*,#1077,.T.);
#1456=ORIENTED_EDGE('',*,*,#1076,.F.);
#1457=ORIENTED_EDGE('',*,*,#1078,.F.);
#1458=ORIENTED_EDGE('',*,*,#1079,.T.);
#1459=ORIENTED_EDGE('',*,*,#1080,.T.);
#1460=ORIENTED_EDGE('',*,*,#1079,.F.);
#1461=ORIENTED_EDGE('',*,*,#1081,.F.);
#1462=ORIENTED_EDGE('',*,*,#1082,.T.);
#1463=ORIENTED_EDGE('',*,*,#1083,.T.);
#1464=ORIENTED_EDGE('',*,*,#1082,.F.);
#1465=ORIENTED_EDGE('',*,*,#1084,.F.);
#1466=ORIENTED_EDGE('',*,*,#1085,.T.);
#1467=ORIENTED_EDGE('',*,*,#1086,.T.);
#1468=ORIENTED_EDGE('',*,*,#1085,.F.);
#1469=ORIENTED_EDGE('',*,*,#1087,.F.);
#1470=ORIENTED_EDGE('',*,*,#1088,.T.);
#1471=ORIENTED_EDGE('',*,*,#1089,.T.);
#1472=ORIENTED_EDGE('',*,*,#1088,.F.);
#1473=ORIENTED_EDGE('',*,*,#1090,.F.);
#1474=ORIENTED_EDGE('',*,*,#1091,.T.);
#1475=ORIENTED_EDGE('',*,*,#1092,.T.);
#1476=ORIENTED_EDGE('',*,*,#1091,.F.);
#1477=ORIENTED_EDGE('',*,*,#1093,.F.);
#1478=ORIENTED_EDGE('',*,*,#1094,.T.);
#1479=ORIENTED_EDGE('',*,*,#1095,.F.);
#1480=ORIENTED_EDGE('',*,*,#1096,.F.);
#1481=ORIENTED_EDGE('',*,*,#1097,.T.);
#1482=ORIENTED_EDGE('',*,*,#1096,.T.);
#1483=ORIENTED_EDGE('',*,*,#1098,.F.);
#1484=ORIENTED_EDGE('',*,*,#1099,.F.);
#1485=ORIENTED_EDGE('',*,*,#1100,.F.);
#1486=ORIENTED_EDGE('',*,*,#1099,.T.);
#1487=ORIENTED_EDGE('',*,*,#1101,.F.);
#1488=ORIENTED_EDGE('',*,*,#1102,.F.);
#1489=ORIENTED_EDGE('',*,*,#1103,.T.);
#1490=ORIENTED_EDGE('',*,*,#1102,.T.);
#1491=ORIENTED_EDGE('',*,*,#1104,.F.);
#1492=ORIENTED_EDGE('',*,*,#1105,.F.);
#1493=ORIENTED_EDGE('',*,*,#1106,.F.);
#1494=ORIENTED_EDGE('',*,*,#1105,.T.);
#1495=ORIENTED_EDGE('',*,*,#1107,.F.);
#1496=ORIENTED_EDGE('',*,*,#1108,.F.);
#1497=ORIENTED_EDGE('',*,*,#1109,.T.);
#1498=ORIENTED_EDGE('',*,*,#1108,.T.);
#1499=ORIENTED_EDGE('',*,*,#1110,.F.);
#1500=ORIENTED_EDGE('',*,*,#1111,.F.);
#1501=ORIENTED_EDGE('',*,*,#1112,.F.);
#1502=ORIENTED_EDGE('',*,*,#1111,.T.);
#1503=ORIENTED_EDGE('',*,*,#1113,.F.);
#1504=ORIENTED_EDGE('',*,*,#1114,.F.);
#1505=ORIENTED_EDGE('',*,*,#1115,.T.);
#1506=ORIENTED_EDGE('',*,*,#1114,.T.);
#1507=ORIENTED_EDGE('',*,*,#1116,.F.);
#1508=ORIENTED_EDGE('',*,*,#1094,.F.);
#1509=ORIENTED_EDGE('',*,*,#1116,.T.);
#1510=ORIENTED_EDGE('',*,*,#1113,.T.);
#1511=ORIENTED_EDGE('',*,*,#1110,.T.);
#1512=ORIENTED_EDGE('',*,*,#1107,.T.);
#1513=ORIENTED_EDGE('',*,*,#1104,.T.);
#1514=ORIENTED_EDGE('',*,*,#1101,.T.);
#1515=ORIENTED_EDGE('',*,*,#1098,.T.);
#1516=ORIENTED_EDGE('',*,*,#1095,.T.);
#1517=ORIENTED_EDGE('',*,*,#1090,.T.);
#1518=ORIENTED_EDGE('',*,*,#1087,.T.);
#1519=ORIENTED_EDGE('',*,*,#1084,.T.);
#1520=ORIENTED_EDGE('',*,*,#1081,.T.);
#1521=ORIENTED_EDGE('',*,*,#1078,.T.);
#1522=ORIENTED_EDGE('',*,*,#1075,.T.);
#1523=ORIENTED_EDGE('',*,*,#1115,.F.);
#1524=ORIENTED_EDGE('',*,*,#1093,.T.);
#1525=ORIENTED_EDGE('',*,*,#1097,.F.);
#1526=ORIENTED_EDGE('',*,*,#1100,.T.);
#1527=ORIENTED_EDGE('',*,*,#1103,.F.);
#1528=ORIENTED_EDGE('',*,*,#1106,.T.);
#1529=ORIENTED_EDGE('',*,*,#1109,.F.);
#1530=ORIENTED_EDGE('',*,*,#1112,.T.);
#1531=ORIENTED_EDGE('',*,*,#1092,.F.);
#1532=ORIENTED_EDGE('',*,*,#1089,.F.);
#1533=ORIENTED_EDGE('',*,*,#1086,.F.);
#1534=ORIENTED_EDGE('',*,*,#1083,.F.);
#1535=ORIENTED_EDGE('',*,*,#1080,.F.);
#1536=ORIENTED_EDGE('',*,*,#1077,.F.);
#1537=ORIENTED_EDGE('',*,*,#1117,.F.);
#1538=ORIENTED_EDGE('',*,*,#1118,.T.);
#1539=ORIENTED_EDGE('',*,*,#1119,.T.);
#1540=ORIENTED_EDGE('',*,*,#1118,.F.);
#1541=ORIENTED_EDGE('',*,*,#1120,.F.);
#1542=ORIENTED_EDGE('',*,*,#1121,.T.);
#1543=ORIENTED_EDGE('',*,*,#1122,.T.);
#1544=ORIENTED_EDGE('',*,*,#1121,.F.);
#1545=ORIENTED_EDGE('',*,*,#1123,.F.);
#1546=ORIENTED_EDGE('',*,*,#1124,.T.);
#1547=ORIENTED_EDGE('',*,*,#1125,.T.);
#1548=ORIENTED_EDGE('',*,*,#1124,.F.);
#1549=ORIENTED_EDGE('',*,*,#1126,.F.);
#1550=ORIENTED_EDGE('',*,*,#1127,.T.);
#1551=ORIENTED_EDGE('',*,*,#1128,.T.);
#1552=ORIENTED_EDGE('',*,*,#1127,.F.);
#1553=ORIENTED_EDGE('',*,*,#1129,.F.);
#1554=ORIENTED_EDGE('',*,*,#1130,.T.);
#1555=ORIENTED_EDGE('',*,*,#1131,.T.);
#1556=ORIENTED_EDGE('',*,*,#1130,.F.);
#1557=ORIENTED_EDGE('',*,*,#1132,.F.);
#1558=ORIENTED_EDGE('',*,*,#1133,.T.);
#1559=ORIENTED_EDGE('',*,*,#1134,.T.);
#1560=ORIENTED_EDGE('',*,*,#1133,.F.);
#1561=ORIENTED_EDGE('',*,*,#1135,.F.);
#1562=ORIENTED_EDGE('',*,*,#1136,.T.);
#1563=ORIENTED_EDGE('',*,*,#1137,.F.);
#1564=ORIENTED_EDGE('',*,*,#1138,.F.);
#1565=ORIENTED_EDGE('',*,*,#1139,.T.);
#1566=ORIENTED_EDGE('',*,*,#1138,.T.);
#1567=ORIENTED_EDGE('',*,*,#1140,.F.);
#1568=ORIENTED_EDGE('',*,*,#1141,.F.);
#1569=ORIENTED_EDGE('',*,*,#1142,.F.);
#1570=ORIENTED_EDGE('',*,*,#1141,.T.);
#1571=ORIENTED_EDGE('',*,*,#1143,.F.);
#1572=ORIENTED_EDGE('',*,*,#1144,.F.);
#1573=ORIENTED_EDGE('',*,*,#1145,.T.);
#1574=ORIENTED_EDGE('',*,*,#1144,.T.);
#1575=ORIENTED_EDGE('',*,*,#1146,.F.);
#1576=ORIENTED_EDGE('',*,*,#1147,.F.);
#1577=ORIENTED_EDGE('',*,*,#1148,.F.);
#1578=ORIENTED_EDGE('',*,*,#1147,.T.);
#1579=ORIENTED_EDGE('',*,*,#1149,.F.);
#1580=ORIENTED_EDGE('',*,*,#1150,.F.);
#1581=ORIENTED_EDGE('',*,*,#1151,.T.);
#1582=ORIENTED_EDGE('',*,*,#1150,.T.);
#1583=ORIENTED_EDGE('',*,*,#1152,.F.);
#1584=ORIENTED_EDGE('',*,*,#1153,.F.);
#1585=ORIENTED_EDGE('',*,*,#1154,.F.);
#1586=ORIENTED_EDGE('',*,*,#1153,.T.);
#1587=ORIENTED_EDGE('',*,*,#1155,.F.);
#1588=ORIENTED_EDGE('',*,*,#1156,.F.);
#1589=ORIENTED_EDGE('',*,*,#1157,.T.);
#1590=ORIENTED_EDGE('',*,*,#1156,.T.);
#1591=ORIENTED_EDGE('',*,*,#1158,.F.);
#1592=ORIENTED_EDGE('',*,*,#1136,.F.);
#1593=ORIENTED_EDGE('',*,*,#1158,.T.);
#1594=ORIENTED_EDGE('',*,*,#1155,.T.);
#1595=ORIENTED_EDGE('',*,*,#1152,.T.);
#1596=ORIENTED_EDGE('',*,*,#1149,.T.);
#1597=ORIENTED_EDGE('',*,*,#1146,.T.);
#1598=ORIENTED_EDGE('',*,*,#1143,.T.);
#1599=ORIENTED_EDGE('',*,*,#1140,.T.);
#1600=ORIENTED_EDGE('',*,*,#1137,.T.);
#1601=ORIENTED_EDGE('',*,*,#1132,.T.);
#1602=ORIENTED_EDGE('',*,*,#1129,.T.);
#1603=ORIENTED_EDGE('',*,*,#1126,.T.);
#1604=ORIENTED_EDGE('',*,*,#1123,.T.);
#1605=ORIENTED_EDGE('',*,*,#1120,.T.);
#1606=ORIENTED_EDGE('',*,*,#1117,.T.);
#1607=ORIENTED_EDGE('',*,*,#1157,.F.);
#1608=ORIENTED_EDGE('',*,*,#1135,.T.);
#1609=ORIENTED_EDGE('',*,*,#1139,.F.);
#1610=ORIENTED_EDGE('',*,*,#1142,.T.);
#1611=ORIENTED_EDGE('',*,*,#1145,.F.);
#1612=ORIENTED_EDGE('',*,*,#1148,.T.);
#1613=ORIENTED_EDGE('',*,*,#1151,.F.);
#1614=ORIENTED_EDGE('',*,*,#1154,.T.);
#1615=ORIENTED_EDGE('',*,*,#1134,.F.);
#1616=ORIENTED_EDGE('',*,*,#1131,.F.);
#1617=ORIENTED_EDGE('',*,*,#1128,.F.);
#1618=ORIENTED_EDGE('',*,*,#1125,.F.);
#1619=ORIENTED_EDGE('',*,*,#1122,.F.);
#1620=ORIENTED_EDGE('',*,*,#1119,.F.);
#1621=ORIENTED_EDGE('',*,*,#1159,.F.);
#1622=ORIENTED_EDGE('',*,*,#1160,.T.);
#1623=ORIENTED_EDGE('',*,*,#1161,.T.);
#1624=ORIENTED_EDGE('',*,*,#1160,.F.);
#1625=ORIENTED_EDGE('',*,*,#1162,.F.);
#1626=ORIENTED_EDGE('',*,*,#1163,.T.);
#1627=ORIENTED_EDGE('',*,*,#1164,.T.);
#1628=ORIENTED_EDGE('',*,*,#1163,.F.);
#1629=ORIENTED_EDGE('',*,*,#1165,.F.);
#1630=ORIENTED_EDGE('',*,*,#1166,.T.);
#1631=ORIENTED_EDGE('',*,*,#1167,.T.);
#1632=ORIENTED_EDGE('',*,*,#1166,.F.);
#1633=ORIENTED_EDGE('',*,*,#1168,.F.);
#1634=ORIENTED_EDGE('',*,*,#1169,.T.);
#1635=ORIENTED_EDGE('',*,*,#1170,.T.);
#1636=ORIENTED_EDGE('',*,*,#1169,.F.);
#1637=ORIENTED_EDGE('',*,*,#1171,.F.);
#1638=ORIENTED_EDGE('',*,*,#1172,.T.);
#1639=ORIENTED_EDGE('',*,*,#1173,.T.);
#1640=ORIENTED_EDGE('',*,*,#1172,.F.);
#1641=ORIENTED_EDGE('',*,*,#1174,.F.);
#1642=ORIENTED_EDGE('',*,*,#1175,.T.);
#1643=ORIENTED_EDGE('',*,*,#1176,.T.);
#1644=ORIENTED_EDGE('',*,*,#1175,.F.);
#1645=ORIENTED_EDGE('',*,*,#1177,.F.);
#1646=ORIENTED_EDGE('',*,*,#1178,.T.);
#1647=ORIENTED_EDGE('',*,*,#1179,.F.);
#1648=ORIENTED_EDGE('',*,*,#1180,.F.);
#1649=ORIENTED_EDGE('',*,*,#1181,.T.);
#1650=ORIENTED_EDGE('',*,*,#1180,.T.);
#1651=ORIENTED_EDGE('',*,*,#1182,.F.);
#1652=ORIENTED_EDGE('',*,*,#1183,.F.);
#1653=ORIENTED_EDGE('',*,*,#1184,.F.);
#1654=ORIENTED_EDGE('',*,*,#1183,.T.);
#1655=ORIENTED_EDGE('',*,*,#1185,.F.);
#1656=ORIENTED_EDGE('',*,*,#1186,.F.);
#1657=ORIENTED_EDGE('',*,*,#1187,.T.);
#1658=ORIENTED_EDGE('',*,*,#1186,.T.);
#1659=ORIENTED_EDGE('',*,*,#1188,.F.);
#1660=ORIENTED_EDGE('',*,*,#1189,.F.);
#1661=ORIENTED_EDGE('',*,*,#1190,.F.);
#1662=ORIENTED_EDGE('',*,*,#1189,.T.);
#1663=ORIENTED_EDGE('',*,*,#1191,.F.);
#1664=ORIENTED_EDGE('',*,*,#1192,.F.);
#1665=ORIENTED_EDGE('',*,*,#1193,.T.);
#1666=ORIENTED_EDGE('',*,*,#1192,.T.);
#1667=ORIENTED_EDGE('',*,*,#1194,.F.);
#1668=ORIENTED_EDGE('',*,*,#1195,.F.);
#1669=ORIENTED_EDGE('',*,*,#1196,.F.);
#1670=ORIENTED_EDGE('',*,*,#1195,.T.);
#1671=ORIENTED_EDGE('',*,*,#1197,.F.);
#1672=ORIENTED_EDGE('',*,*,#1198,.F.);
#1673=ORIENTED_EDGE('',*,*,#1199,.T.);
#1674=ORIENTED_EDGE('',*,*,#1198,.T.);
#1675=ORIENTED_EDGE('',*,*,#1200,.F.);
#1676=ORIENTED_EDGE('',*,*,#1178,.F.);
#1677=ORIENTED_EDGE('',*,*,#1200,.T.);
#1678=ORIENTED_EDGE('',*,*,#1197,.T.);
#1679=ORIENTED_EDGE('',*,*,#1194,.T.);
#1680=ORIENTED_EDGE('',*,*,#1191,.T.);
#1681=ORIENTED_EDGE('',*,*,#1188,.T.);
#1682=ORIENTED_EDGE('',*,*,#1185,.T.);
#1683=ORIENTED_EDGE('',*,*,#1182,.T.);
#1684=ORIENTED_EDGE('',*,*,#1179,.T.);
#1685=ORIENTED_EDGE('',*,*,#1174,.T.);
#1686=ORIENTED_EDGE('',*,*,#1171,.T.);
#1687=ORIENTED_EDGE('',*,*,#1168,.T.);
#1688=ORIENTED_EDGE('',*,*,#1165,.T.);
#1689=ORIENTED_EDGE('',*,*,#1162,.T.);
#1690=ORIENTED_EDGE('',*,*,#1159,.T.);
#1691=ORIENTED_EDGE('',*,*,#1199,.F.);
#1692=ORIENTED_EDGE('',*,*,#1177,.T.);
#1693=ORIENTED_EDGE('',*,*,#1181,.F.);
#1694=ORIENTED_EDGE('',*,*,#1184,.T.);
#1695=ORIENTED_EDGE('',*,*,#1187,.F.);
#1696=ORIENTED_EDGE('',*,*,#1190,.T.);
#1697=ORIENTED_EDGE('',*,*,#1193,.F.);
#1698=ORIENTED_EDGE('',*,*,#1196,.T.);
#1699=ORIENTED_EDGE('',*,*,#1176,.F.);
#1700=ORIENTED_EDGE('',*,*,#1173,.F.);
#1701=ORIENTED_EDGE('',*,*,#1170,.F.);
#1702=ORIENTED_EDGE('',*,*,#1167,.F.);
#1703=ORIENTED_EDGE('',*,*,#1164,.F.);
#1704=ORIENTED_EDGE('',*,*,#1161,.F.);
#1705=CYLINDRICAL_SURFACE('',#1880,1.75);
#1706=CYLINDRICAL_SURFACE('',#1883,1.75);
#1707=CYLINDRICAL_SURFACE('',#1886,1.75);
#1708=CYLINDRICAL_SURFACE('',#1889,1.525);
#1709=CYLINDRICAL_SURFACE('',#1892,1.75);
#1710=CYLINDRICAL_SURFACE('',#1895,1.525);
#1711=CYLINDRICAL_SURFACE('',#1899,2.99999999999998);
#1712=CYLINDRICAL_SURFACE('',#1903,2.99999999999999);
#1713=CYLINDRICAL_SURFACE('',#1907,2.99999999999998);
#1714=CYLINDRICAL_SURFACE('',#1911,2.99999999999999);
#1715=CYLINDRICAL_SURFACE('',#1916,1.75);
#1716=CYLINDRICAL_SURFACE('',#1919,1.75);
#1717=CYLINDRICAL_SURFACE('',#1922,1.75);
#1718=CYLINDRICAL_SURFACE('',#1925,1.525);
#1719=CYLINDRICAL_SURFACE('',#1928,1.525);
#1720=CYLINDRICAL_SURFACE('',#1931,1.75);
#1721=CYLINDRICAL_SURFACE('',#1935,2.99999999999998);
#1722=CYLINDRICAL_SURFACE('',#1939,2.99999999999999);
#1723=CYLINDRICAL_SURFACE('',#1943,2.99999999999998);
#1724=CYLINDRICAL_SURFACE('',#1947,2.99999999999999);
#1725=CYLINDRICAL_SURFACE('',#1952,1.75);
#1726=CYLINDRICAL_SURFACE('',#1955,1.75);
#1727=CYLINDRICAL_SURFACE('',#1958,1.525);
#1728=CYLINDRICAL_SURFACE('',#1961,1.75);
#1729=CYLINDRICAL_SURFACE('',#1964,1.525);
#1730=CYLINDRICAL_SURFACE('',#1967,1.75);
#1731=CYLINDRICAL_SURFACE('',#1971,2.99999999999998);
#1732=CYLINDRICAL_SURFACE('',#1975,2.99999999999999);
#1733=CYLINDRICAL_SURFACE('',#1979,2.99999999999998);
#1734=CYLINDRICAL_SURFACE('',#1983,2.99999999999999);
#1735=CYLINDRICAL_SURFACE('',#1988,1.75);
#1736=CYLINDRICAL_SURFACE('',#1991,1.75);
#1737=CYLINDRICAL_SURFACE('',#1994,1.75);
#1738=CYLINDRICAL_SURFACE('',#1997,1.75);
#1739=CYLINDRICAL_SURFACE('',#2000,1.525);
#1740=CYLINDRICAL_SURFACE('',#2003,1.525);
#1741=CYLINDRICAL_SURFACE('',#2007,2.99999999999998);
#1742=CYLINDRICAL_SURFACE('',#2011,2.99999999999999);
#1743=CYLINDRICAL_SURFACE('',#2015,2.99999999999998);
#1744=CYLINDRICAL_SURFACE('',#2019,2.99999999999999);
#1745=CYLINDRICAL_SURFACE('',#2024,1.75);
#1746=CYLINDRICAL_SURFACE('',#2027,1.75);
#1747=CYLINDRICAL_SURFACE('',#2030,1.525);
#1748=CYLINDRICAL_SURFACE('',#2033,1.75);
#1749=CYLINDRICAL_SURFACE('',#2036,1.525);
#1750=CYLINDRICAL_SURFACE('',#2039,1.75);
#1751=CYLINDRICAL_SURFACE('',#2043,2.99999999999998);
#1752=CYLINDRICAL_SURFACE('',#2047,2.99999999999999);
#1753=CYLINDRICAL_SURFACE('',#2051,2.99999999999998);
#1754=CYLINDRICAL_SURFACE('',#2055,2.99999999999999);
#1755=CYLINDRICAL_SURFACE('',#2060,1.75);
#1756=CYLINDRICAL_SURFACE('',#2063,1.525);
#1757=CYLINDRICAL_SURFACE('',#2066,1.75);
#1758=CYLINDRICAL_SURFACE('',#2069,1.75);
#1759=CYLINDRICAL_SURFACE('',#2072,1.525);
#1760=CYLINDRICAL_SURFACE('',#2075,1.75);
#1761=CYLINDRICAL_SURFACE('',#2079,2.99999999999998);
#1762=CYLINDRICAL_SURFACE('',#2083,2.99999999999999);
#1763=CYLINDRICAL_SURFACE('',#2087,2.99999999999998);
#1764=CYLINDRICAL_SURFACE('',#2091,2.99999999999999);
#1765=ADVANCED_FACE('',(#133),#1705,.F.);
#1766=ADVANCED_FACE('',(#134),#1706,.F.);
#1767=ADVANCED_FACE('',(#135),#1707,.F.);
#1768=ADVANCED_FACE('',(#136),#1708,.F.);
#1769=ADVANCED_FACE('',(#137),#1709,.F.);
#1770=ADVANCED_FACE('',(#138),#1710,.F.);
#1771=ADVANCED_FACE('',(#139),#97,.T.);
#1772=ADVANCED_FACE('',(#140),#1711,.T.);
#1773=ADVANCED_FACE('',(#141),#98,.T.);
#1774=ADVANCED_FACE('',(#142),#1712,.T.);
#1775=ADVANCED_FACE('',(#143),#99,.T.);
#1776=ADVANCED_FACE('',(#144),#1713,.T.);
#1777=ADVANCED_FACE('',(#145),#100,.T.);
#1778=ADVANCED_FACE('',(#146),#1714,.T.);
#1779=ADVANCED_FACE('',(#147,#25,#26,#27,#28,#29,#30),#101,.T.);
#1780=ADVANCED_FACE('',(#148,#31,#32,#33,#34,#35,#36),#102,.F.);
#1781=ADVANCED_FACE('',(#149),#1715,.F.);
#1782=ADVANCED_FACE('',(#150),#1716,.F.);
#1783=ADVANCED_FACE('',(#151),#1717,.F.);
#1784=ADVANCED_FACE('',(#152),#1718,.F.);
#1785=ADVANCED_FACE('',(#153),#1719,.F.);
#1786=ADVANCED_FACE('',(#154),#1720,.F.);
#1787=ADVANCED_FACE('',(#155),#103,.T.);
#1788=ADVANCED_FACE('',(#156),#1721,.T.);
#1789=ADVANCED_FACE('',(#157),#104,.T.);
#1790=ADVANCED_FACE('',(#158),#1722,.T.);
#1791=ADVANCED_FACE('',(#159),#105,.T.);
#1792=ADVANCED_FACE('',(#160),#1723,.T.);
#1793=ADVANCED_FACE('',(#161),#106,.T.);
#1794=ADVANCED_FACE('',(#162),#1724,.T.);
#1795=ADVANCED_FACE('',(#163,#37,#38,#39,#40,#41,#42),#107,.T.);
#1796=ADVANCED_FACE('',(#164,#43,#44,#45,#46,#47,#48),#108,.F.);
#1797=ADVANCED_FACE('',(#165),#1725,.F.);
#1798=ADVANCED_FACE('',(#166),#1726,.F.);
#1799=ADVANCED_FACE('',(#167),#1727,.F.);
#1800=ADVANCED_FACE('',(#168),#1728,.F.);
#1801=ADVANCED_FACE('',(#169),#1729,.F.);
#1802=ADVANCED_FACE('',(#170),#1730,.F.);
#1803=ADVANCED_FACE('',(#171),#109,.T.);
#1804=ADVANCED_FACE('',(#172),#1731,.T.);
#1805=ADVANCED_FACE('',(#173),#110,.T.);
#1806=ADVANCED_FACE('',(#174),#1732,.T.);
#1807=ADVANCED_FACE('',(#175),#111,.T.);
#1808=ADVANCED_FACE('',(#176),#1733,.T.);
#1809=ADVANCED_FACE('',(#177),#112,.T.);
#1810=ADVANCED_FACE('',(#178),#1734,.T.);
#1811=ADVANCED_FACE('',(#179,#49,#50,#51,#52,#53,#54),#113,.T.);
#1812=ADVANCED_FACE('',(#180,#55,#56,#57,#58,#59,#60),#114,.F.);
#1813=ADVANCED_FACE('',(#181),#1735,.F.);
#1814=ADVANCED_FACE('',(#182),#1736,.F.);
#1815=ADVANCED_FACE('',(#183),#1737,.F.);
#1816=ADVANCED_FACE('',(#184),#1738,.F.);
#1817=ADVANCED_FACE('',(#185),#1739,.F.);
#1818=ADVANCED_FACE('',(#186),#1740,.F.);
#1819=ADVANCED_FACE('',(#187),#115,.T.);
#1820=ADVANCED_FACE('',(#188),#1741,.T.);
#1821=ADVANCED_FACE('',(#189),#116,.T.);
#1822=ADVANCED_FACE('',(#190),#1742,.T.);
#1823=ADVANCED_FACE('',(#191),#117,.T.);
#1824=ADVANCED_FACE('',(#192),#1743,.T.);
#1825=ADVANCED_FACE('',(#193),#118,.T.);
#1826=ADVANCED_FACE('',(#194),#1744,.T.);
#1827=ADVANCED_FACE('',(#195,#61,#62,#63,#64,#65,#66),#119,.T.);
#1828=ADVANCED_FACE('',(#196,#67,#68,#69,#70,#71,#72),#120,.F.);
#1829=ADVANCED_FACE('',(#197),#1745,.F.);
#1830=ADVANCED_FACE('',(#198),#1746,.F.);
#1831=ADVANCED_FACE('',(#199),#1747,.F.);
#1832=ADVANCED_FACE('',(#200),#1748,.F.);
#1833=ADVANCED_FACE('',(#201),#1749,.F.);
#1834=ADVANCED_FACE('',(#202),#1750,.F.);
#1835=ADVANCED_FACE('',(#203),#121,.T.);
#1836=ADVANCED_FACE('',(#204),#1751,.T.);
#1837=ADVANCED_FACE('',(#205),#122,.T.);
#1838=ADVANCED_FACE('',(#206),#1752,.T.);
#1839=ADVANCED_FACE('',(#207),#123,.T.);
#1840=ADVANCED_FACE('',(#208),#1753,.T.);
#1841=ADVANCED_FACE('',(#209),#124,.T.);
#1842=ADVANCED_FACE('',(#210),#1754,.T.);
#1843=ADVANCED_FACE('',(#211,#73,#74,#75,#76,#77,#78),#125,.T.);
#1844=ADVANCED_FACE('',(#212,#79,#80,#81,#82,#83,#84),#126,.F.);
#1845=ADVANCED_FACE('',(#213),#1755,.F.);
#1846=ADVANCED_FACE('',(#214),#1756,.F.);
#1847=ADVANCED_FACE('',(#215),#1757,.F.);
#1848=ADVANCED_FACE('',(#216),#1758,.F.);
#1849=ADVANCED_FACE('',(#217),#1759,.F.);
#1850=ADVANCED_FACE('',(#218),#1760,.F.);
#1851=ADVANCED_FACE('',(#219),#127,.T.);
#1852=ADVANCED_FACE('',(#220),#1761,.T.);
#1853=ADVANCED_FACE('',(#221),#128,.T.);
#1854=ADVANCED_FACE('',(#222),#1762,.T.);
#1855=ADVANCED_FACE('',(#223),#129,.T.);
#1856=ADVANCED_FACE('',(#224),#1763,.T.);
#1857=ADVANCED_FACE('',(#225),#130,.T.);
#1858=ADVANCED_FACE('',(#226),#1764,.T.);
#1859=ADVANCED_FACE('',(#227,#85,#86,#87,#88,#89,#90),#131,.T.);
#1860=ADVANCED_FACE('',(#228,#91,#92,#93,#94,#95,#96),#132,.F.);
#1861=CLOSED_SHELL('',(#1765,#1766,#1767,#1768,#1769,#1770,#1771,#1772,
#1773,#1774,#1775,#1776,#1777,#1778,#1779,#1780));
#1862=CLOSED_SHELL('',(#1781,#1782,#1783,#1784,#1785,#1786,#1787,#1788,
#1789,#1790,#1791,#1792,#1793,#1794,#1795,#1796));
#1863=CLOSED_SHELL('',(#1797,#1798,#1799,#1800,#1801,#1802,#1803,#1804,
#1805,#1806,#1807,#1808,#1809,#1810,#1811,#1812));
#1864=CLOSED_SHELL('',(#1813,#1814,#1815,#1816,#1817,#1818,#1819,#1820,
#1821,#1822,#1823,#1824,#1825,#1826,#1827,#1828));
#1865=CLOSED_SHELL('',(#1829,#1830,#1831,#1832,#1833,#1834,#1835,#1836,
#1837,#1838,#1839,#1840,#1841,#1842,#1843,#1844));
#1866=CLOSED_SHELL('',(#1845,#1846,#1847,#1848,#1849,#1850,#1851,#1852,
#1853,#1854,#1855,#1856,#1857,#1858,#1859,#1860));
#1867=DERIVED_UNIT_ELEMENT(#1869,1.);
#1868=DERIVED_UNIT_ELEMENT(#3184,-3.);
#1869=(
MASS_UNIT()
NAMED_UNIT(*)
SI_UNIT(.KILO.,.GRAM.)
);
#1870=DERIVED_UNIT((#1867,#1868));
#1871=MEASURE_REPRESENTATION_ITEM('density measure',
POSITIVE_RATIO_MEASURE(7850.),#1870);
#1872=PROPERTY_DEFINITION_REPRESENTATION(#1877,#1874);
#1873=PROPERTY_DEFINITION_REPRESENTATION(#1878,#1875);
#1874=REPRESENTATION('material name',(#1876),#3181);
#1875=REPRESENTATION('density',(#1871),#3181);
#1876=DESCRIPTIVE_REPRESENTATION_ITEM('Steel','Steel');
#1877=PROPERTY_DEFINITION('material property','material name',#3191);
#1878=PROPERTY_DEFINITION('material property','density of part',#3191);
#1879=AXIS2_PLACEMENT_3D('',#2662,#2096,#2097);
#1880=AXIS2_PLACEMENT_3D('',#2663,#2098,#2099);
#1881=AXIS2_PLACEMENT_3D('',#2665,#2100,#2101);
#1882=AXIS2_PLACEMENT_3D('',#2668,#2103,#2104);
#1883=AXIS2_PLACEMENT_3D('',#2669,#2105,#2106);
#1884=AXIS2_PLACEMENT_3D('',#2671,#2107,#2108);
#1885=AXIS2_PLACEMENT_3D('',#2674,#2110,#2111);
#1886=AXIS2_PLACEMENT_3D('',#2675,#2112,#2113);
#1887=AXIS2_PLACEMENT_3D('',#2677,#2114,#2115);
#1888=AXIS2_PLACEMENT_3D('',#2680,#2117,#2118);
#1889=AXIS2_PLACEMENT_3D('',#2681,#2119,#2120);
#1890=AXIS2_PLACEMENT_3D('',#2683,#2121,#2122);
#1891=AXIS2_PLACEMENT_3D('',#2686,#2124,#2125);
#1892=AXIS2_PLACEMENT_3D('',#2687,#2126,#2127);
#1893=AXIS2_PLACEMENT_3D('',#2689,#2128,#2129);
#1894=AXIS2_PLACEMENT_3D('',#2692,#2131,#2132);
#1895=AXIS2_PLACEMENT_3D('',#2693,#2133,#2134);
#1896=AXIS2_PLACEMENT_3D('',#2695,#2135,#2136);
#1897=AXIS2_PLACEMENT_3D('',#2698,#2138,#2139);
#1898=AXIS2_PLACEMENT_3D('',#2699,#2140,#2141);
#1899=AXIS2_PLACEMENT_3D('',#2708,#2146,#2147);
#1900=AXIS2_PLACEMENT_3D('',#2710,#2148,#2149);
#1901=AXIS2_PLACEMENT_3D('',#2712,#2150,#2151);
#1902=AXIS2_PLACEMENT_3D('',#2714,#2153,#2154);
#1903=AXIS2_PLACEMENT_3D('',#2720,#2158,#2159);
#1904=AXIS2_PLACEMENT_3D('',#2722,#2160,#2161);
#1905=AXIS2_PLACEMENT_3D('',#2724,#2162,#2163);
#1906=AXIS2_PLACEMENT_3D('',#2726,#2165,#2166);
#1907=AXIS2_PLACEMENT_3D('',#2732,#2170,#2171);
#1908=AXIS2_PLACEMENT_3D('',#2734,#2172,#2173);
#1909=AXIS2_PLACEMENT_3D('',#2736,#2174,#2175);
#1910=AXIS2_PLACEMENT_3D('',#2738,#2177,#2178);
#1911=AXIS2_PLACEMENT_3D('',#2744,#2182,#2183);
#1912=AXIS2_PLACEMENT_3D('',#2745,#2184,#2185);
#1913=AXIS2_PLACEMENT_3D('',#2746,#2186,#2187);
#1914=AXIS2_PLACEMENT_3D('',#2747,#2188,#2189);
#1915=AXIS2_PLACEMENT_3D('',#2748,#2190,#2191);
#1916=AXIS2_PLACEMENT_3D('',#2749,#2192,#2193);
#1917=AXIS2_PLACEMENT_3D('',#2751,#2194,#2195);
#1918=AXIS2_PLACEMENT_3D('',#2754,#2197,#2198);
#1919=AXIS2_PLACEMENT_3D('',#2755,#2199,#2200);
#1920=AXIS2_PLACEMENT_3D('',#2757,#2201,#2202);
#1921=AXIS2_PLACEMENT_3D('',#2760,#2204,#2205);
#1922=AXIS2_PLACEMENT_3D('',#2761,#2206,#2207);
#1923=AXIS2_PLACEMENT_3D('',#2763,#2208,#2209);
#1924=AXIS2_PLACEMENT_3D('',#2766,#2211,#2212);
#1925=AXIS2_PLACEMENT_3D('',#2767,#2213,#2214);
#1926=AXIS2_PLACEMENT_3D('',#2769,#2215,#2216);
#1927=AXIS2_PLACEMENT_3D('',#2772,#2218,#2219);
#1928=AXIS2_PLACEMENT_3D('',#2773,#2220,#2221);
#1929=AXIS2_PLACEMENT_3D('',#2775,#2222,#2223);
#1930=AXIS2_PLACEMENT_3D('',#2778,#2225,#2226);
#1931=AXIS2_PLACEMENT_3D('',#2779,#2227,#2228);
#1932=AXIS2_PLACEMENT_3D('',#2781,#2229,#2230);
#1933=AXIS2_PLACEMENT_3D('',#2784,#2232,#2233);
#1934=AXIS2_PLACEMENT_3D('',#2785,#2234,#2235);
#1935=AXIS2_PLACEMENT_3D('',#2794,#2240,#2241);
#1936=AXIS2_PLACEMENT_3D('',#2796,#2242,#2243);
#1937=AXIS2_PLACEMENT_3D('',#2798,#2244,#2245);
#1938=AXIS2_PLACEMENT_3D('',#2800,#2247,#2248);
#1939=AXIS2_PLACEMENT_3D('',#2806,#2252,#2253);
#1940=AXIS2_PLACEMENT_3D('',#2808,#2254,#2255);
#1941=AXIS2_PLACEMENT_3D('',#2810,#2256,#2257);
#1942=AXIS2_PLACEMENT_3D('',#2812,#2259,#2260);
#1943=AXIS2_PLACEMENT_3D('',#2818,#2264,#2265);
#1944=AXIS2_PLACEMENT_3D('',#2820,#2266,#2267);
#1945=AXIS2_PLACEMENT_3D('',#2822,#2268,#2269);
#1946=AXIS2_PLACEMENT_3D('',#2824,#2271,#2272);
#1947=AXIS2_PLACEMENT_3D('',#2830,#2276,#2277);
#1948=AXIS2_PLACEMENT_3D('',#2831,#2278,#2279);
#1949=AXIS2_PLACEMENT_3D('',#2832,#2280,#2281);
#1950=AXIS2_PLACEMENT_3D('',#2833,#2282,#2283);
#1951=AXIS2_PLACEMENT_3D('',#2834,#2284,#2285);
#1952=AXIS2_PLACEMENT_3D('',#2835,#2286,#2287);
#1953=AXIS2_PLACEMENT_3D('',#2837,#2288,#2289);
#1954=AXIS2_PLACEMENT_3D('',#2840,#2291,#2292);
#1955=AXIS2_PLACEMENT_3D('',#2841,#2293,#2294);
#1956=AXIS2_PLACEMENT_3D('',#2843,#2295,#2296);
#1957=AXIS2_PLACEMENT_3D('',#2846,#2298,#2299);
#1958=AXIS2_PLACEMENT_3D('',#2847,#2300,#2301);
#1959=AXIS2_PLACEMENT_3D('',#2849,#2302,#2303);
#1960=AXIS2_PLACEMENT_3D('',#2852,#2305,#2306);
#1961=AXIS2_PLACEMENT_3D('',#2853,#2307,#2308);
#1962=AXIS2_PLACEMENT_3D('',#2855,#2309,#2310);
#1963=AXIS2_PLACEMENT_3D('',#2858,#2312,#2313);
#1964=AXIS2_PLACEMENT_3D('',#2859,#2314,#2315);
#1965=AXIS2_PLACEMENT_3D('',#2861,#2316,#2317);
#1966=AXIS2_PLACEMENT_3D('',#2864,#2319,#2320);
#1967=AXIS2_PLACEMENT_3D('',#2865,#2321,#2322);
#1968=AXIS2_PLACEMENT_3D('',#2867,#2323,#2324);
#1969=AXIS2_PLACEMENT_3D('',#2870,#2326,#2327);
#1970=AXIS2_PLACEMENT_3D('',#2871,#2328,#2329);
#1971=AXIS2_PLACEMENT_3D('',#2880,#2334,#2335);
#1972=AXIS2_PLACEMENT_3D('',#2882,#2336,#2337);
#1973=AXIS2_PLACEMENT_3D('',#2884,#2338,#2339);
#1974=AXIS2_PLACEMENT_3D('',#2886,#2341,#2342);
#1975=AXIS2_PLACEMENT_3D('',#2892,#2346,#2347);
#1976=AXIS2_PLACEMENT_3D('',#2894,#2348,#2349);
#1977=AXIS2_PLACEMENT_3D('',#2896,#2350,#2351);
#1978=AXIS2_PLACEMENT_3D('',#2898,#2353,#2354);
#1979=AXIS2_PLACEMENT_3D('',#2904,#2358,#2359);
#1980=AXIS2_PLACEMENT_3D('',#2906,#2360,#2361);
#1981=AXIS2_PLACEMENT_3D('',#2908,#2362,#2363);
#1982=AXIS2_PLACEMENT_3D('',#2910,#2365,#2366);
#1983=AXIS2_PLACEMENT_3D('',#2916,#2370,#2371);
#1984=AXIS2_PLACEMENT_3D('',#2917,#2372,#2373);
#1985=AXIS2_PLACEMENT_3D('',#2918,#2374,#2375);
#1986=AXIS2_PLACEMENT_3D('',#2919,#2376,#2377);
#1987=AXIS2_PLACEMENT_3D('',#2920,#2378,#2379);
#1988=AXIS2_PLACEMENT_3D('',#2921,#2380,#2381);
#1989=AXIS2_PLACEMENT_3D('',#2923,#2382,#2383);
#1990=AXIS2_PLACEMENT_3D('',#2926,#2385,#2386);
#1991=AXIS2_PLACEMENT_3D('',#2927,#2387,#2388);
#1992=AXIS2_PLACEMENT_3D('',#2929,#2389,#2390);
#1993=AXIS2_PLACEMENT_3D('',#2932,#2392,#2393);
#1994=AXIS2_PLACEMENT_3D('',#2933,#2394,#2395);
#1995=AXIS2_PLACEMENT_3D('',#2935,#2396,#2397);
#1996=AXIS2_PLACEMENT_3D('',#2938,#2399,#2400);
#1997=AXIS2_PLACEMENT_3D('',#2939,#2401,#2402);
#1998=AXIS2_PLACEMENT_3D('',#2941,#2403,#2404);
#1999=AXIS2_PLACEMENT_3D('',#2944,#2406,#2407);
#2000=AXIS2_PLACEMENT_3D('',#2945,#2408,#2409);
#2001=AXIS2_PLACEMENT_3D('',#2947,#2410,#2411);
#2002=AXIS2_PLACEMENT_3D('',#2950,#2413,#2414);
#2003=AXIS2_PLACEMENT_3D('',#2951,#2415,#2416);
#2004=AXIS2_PLACEMENT_3D('',#2953,#2417,#2418);
#2005=AXIS2_PLACEMENT_3D('',#2956,#2420,#2421);
#2006=AXIS2_PLACEMENT_3D('',#2957,#2422,#2423);
#2007=AXIS2_PLACEMENT_3D('',#2966,#2428,#2429);
#2008=AXIS2_PLACEMENT_3D('',#2968,#2430,#2431);
#2009=AXIS2_PLACEMENT_3D('',#2970,#2432,#2433);
#2010=AXIS2_PLACEMENT_3D('',#2972,#2435,#2436);
#2011=AXIS2_PLACEMENT_3D('',#2978,#2440,#2441);
#2012=AXIS2_PLACEMENT_3D('',#2980,#2442,#2443);
#2013=AXIS2_PLACEMENT_3D('',#2982,#2444,#2445);
#2014=AXIS2_PLACEMENT_3D('',#2984,#2447,#2448);
#2015=AXIS2_PLACEMENT_3D('',#2990,#2452,#2453);
#2016=AXIS2_PLACEMENT_3D('',#2992,#2454,#2455);
#2017=AXIS2_PLACEMENT_3D('',#2994,#2456,#2457);
#2018=AXIS2_PLACEMENT_3D('',#2996,#2459,#2460);
#2019=AXIS2_PLACEMENT_3D('',#3002,#2464,#2465);
#2020=AXIS2_PLACEMENT_3D('',#3003,#2466,#2467);
#2021=AXIS2_PLACEMENT_3D('',#3004,#2468,#2469);
#2022=AXIS2_PLACEMENT_3D('',#3005,#2470,#2471);
#2023=AXIS2_PLACEMENT_3D('',#3006,#2472,#2473);
#2024=AXIS2_PLACEMENT_3D('',#3007,#2474,#2475);
#2025=AXIS2_PLACEMENT_3D('',#3009,#2476,#2477);
#2026=AXIS2_PLACEMENT_3D('',#3012,#2479,#2480);
#2027=AXIS2_PLACEMENT_3D('',#3013,#2481,#2482);
#2028=AXIS2_PLACEMENT_3D('',#3015,#2483,#2484);
#2029=AXIS2_PLACEMENT_3D('',#3018,#2486,#2487);
#2030=AXIS2_PLACEMENT_3D('',#3019,#2488,#2489);
#2031=AXIS2_PLACEMENT_3D('',#3021,#2490,#2491);
#2032=AXIS2_PLACEMENT_3D('',#3024,#2493,#2494);
#2033=AXIS2_PLACEMENT_3D('',#3025,#2495,#2496);
#2034=AXIS2_PLACEMENT_3D('',#3027,#2497,#2498);
#2035=AXIS2_PLACEMENT_3D('',#3030,#2500,#2501);
#2036=AXIS2_PLACEMENT_3D('',#3031,#2502,#2503);
#2037=AXIS2_PLACEMENT_3D('',#3033,#2504,#2505);
#2038=AXIS2_PLACEMENT_3D('',#3036,#2507,#2508);
#2039=AXIS2_PLACEMENT_3D('',#3037,#2509,#2510);
#2040=AXIS2_PLACEMENT_3D('',#3039,#2511,#2512);
#2041=AXIS2_PLACEMENT_3D('',#3042,#2514,#2515);
#2042=AXIS2_PLACEMENT_3D('',#3043,#2516,#2517);
#2043=AXIS2_PLACEMENT_3D('',#3052,#2522,#2523);
#2044=AXIS2_PLACEMENT_3D('',#3054,#2524,#2525);
#2045=AXIS2_PLACEMENT_3D('',#3056,#2526,#2527);
#2046=AXIS2_PLACEMENT_3D('',#3058,#2529,#2530);
#2047=AXIS2_PLACEMENT_3D('',#3064,#2534,#2535);
#2048=AXIS2_PLACEMENT_3D('',#3066,#2536,#2537);
#2049=AXIS2_PLACEMENT_3D('',#3068,#2538,#2539);
#2050=AXIS2_PLACEMENT_3D('',#3070,#2541,#2542);
#2051=AXIS2_PLACEMENT_3D('',#3076,#2546,#2547);
#2052=AXIS2_PLACEMENT_3D('',#3078,#2548,#2549);
#2053=AXIS2_PLACEMENT_3D('',#3080,#2550,#2551);
#2054=AXIS2_PLACEMENT_3D('',#3082,#2553,#2554);
#2055=AXIS2_PLACEMENT_3D('',#3088,#2558,#2559);
#2056=AXIS2_PLACEMENT_3D('',#3089,#2560,#2561);
#2057=AXIS2_PLACEMENT_3D('',#3090,#2562,#2563);
#2058=AXIS2_PLACEMENT_3D('',#3091,#2564,#2565);
#2059=AXIS2_PLACEMENT_3D('',#3092,#2566,#2567);
#2060=AXIS2_PLACEMENT_3D('',#3093,#2568,#2569);
#2061=AXIS2_PLACEMENT_3D('',#3095,#2570,#2571);
#2062=AXIS2_PLACEMENT_3D('',#3098,#2573,#2574);
#2063=AXIS2_PLACEMENT_3D('',#3099,#2575,#2576);
#2064=AXIS2_PLACEMENT_3D('',#3101,#2577,#2578);
#2065=AXIS2_PLACEMENT_3D('',#3104,#2580,#2581);
#2066=AXIS2_PLACEMENT_3D('',#3105,#2582,#2583);
#2067=AXIS2_PLACEMENT_3D('',#3107,#2584,#2585);
#2068=AXIS2_PLACEMENT_3D('',#3110,#2587,#2588);
#2069=AXIS2_PLACEMENT_3D('',#3111,#2589,#2590);
#2070=AXIS2_PLACEMENT_3D('',#3113,#2591,#2592);
#2071=AXIS2_PLACEMENT_3D('',#3116,#2594,#2595);
#2072=AXIS2_PLACEMENT_3D('',#3117,#2596,#2597);
#2073=AXIS2_PLACEMENT_3D('',#3119,#2598,#2599);
#2074=AXIS2_PLACEMENT_3D('',#3122,#2601,#2602);
#2075=AXIS2_PLACEMENT_3D('',#3123,#2603,#2604);
#2076=AXIS2_PLACEMENT_3D('',#3125,#2605,#2606);
#2077=AXIS2_PLACEMENT_3D('',#3128,#2608,#2609);
#2078=AXIS2_PLACEMENT_3D('',#3129,#2610,#2611);
#2079=AXIS2_PLACEMENT_3D('',#3138,#2616,#2617);
#2080=AXIS2_PLACEMENT_3D('',#3140,#2618,#2619);
#2081=AXIS2_PLACEMENT_3D('',#3142,#2620,#2621);
#2082=AXIS2_PLACEMENT_3D('',#3144,#2623,#2624);
#2083=AXIS2_PLACEMENT_3D('',#3150,#2628,#2629);
#2084=AXIS2_PLACEMENT_3D('',#3152,#2630,#2631);
#2085=AXIS2_PLACEMENT_3D('',#3154,#2632,#2633);
#2086=AXIS2_PLACEMENT_3D('',#3156,#2635,#2636);
#2087=AXIS2_PLACEMENT_3D('',#3162,#2640,#2641);
#2088=AXIS2_PLACEMENT_3D('',#3164,#2642,#2643);
#2089=AXIS2_PLACEMENT_3D('',#3166,#2644,#2645);
#2090=AXIS2_PLACEMENT_3D('',#3168,#2647,#2648);
#2091=AXIS2_PLACEMENT_3D('',#3174,#2652,#2653);
#2092=AXIS2_PLACEMENT_3D('',#3175,#2654,#2655);
#2093=AXIS2_PLACEMENT_3D('',#3176,#2656,#2657);
#2094=AXIS2_PLACEMENT_3D('',#3177,#2658,#2659);
#2095=AXIS2_PLACEMENT_3D('',#3178,#2660,#2661);
#2096=DIRECTION('axis',(0.,0.,1.));
#2097=DIRECTION('refdir',(1.,0.,0.));
#2098=DIRECTION('center_axis',(0.,0.,1.));
#2099=DIRECTION('ref_axis',(1.,0.,0.));
#2100=DIRECTION('center_axis',(0.,0.,1.));
#2101=DIRECTION('ref_axis',(1.,0.,0.));
#2102=DIRECTION('',(0.,0.,1.));
#2103=DIRECTION('center_axis',(0.,0.,-1.));
#2104=DIRECTION('ref_axis',(1.,0.,0.));
#2105=DIRECTION('center_axis',(0.,0.,1.));
#2106=DIRECTION('ref_axis',(1.,0.,0.));
#2107=DIRECTION('center_axis',(0.,0.,-1.));
#2108=DIRECTION('ref_axis',(1.,0.,0.));
#2109=DIRECTION('',(0.,0.,-1.));
#2110=DIRECTION('center_axis',(0.,0.,-1.));
#2111=DIRECTION('ref_axis',(1.,0.,0.));
#2112=DIRECTION('center_axis',(0.,0.,1.));
#2113=DIRECTION('ref_axis',(1.,0.,0.));
#2114=DIRECTION('center_axis',(0.,0.,-1.));
#2115=DIRECTION('ref_axis',(1.,0.,0.));
#2116=DIRECTION('',(0.,0.,-1.));
#2117=DIRECTION('center_axis',(0.,0.,-1.));
#2118=DIRECTION('ref_axis',(1.,0.,0.));
#2119=DIRECTION('center_axis',(0.,0.,1.));
#2120=DIRECTION('ref_axis',(1.,0.,0.));
#2121=DIRECTION('center_axis',(0.,0.,-1.));
#2122=DIRECTION('ref_axis',(1.,0.,0.));
#2123=DIRECTION('',(0.,0.,-1.));
#2124=DIRECTION('center_axis',(0.,0.,-1.));
#2125=DIRECTION('ref_axis',(1.,0.,0.));
#2126=DIRECTION('center_axis',(0.,0.,1.));
#2127=DIRECTION('ref_axis',(1.,0.,0.));
#2128=DIRECTION('center_axis',(0.,0.,-1.));
#2129=DIRECTION('ref_axis',(1.,0.,0.));
#2130=DIRECTION('',(0.,0.,-1.));
#2131=DIRECTION('center_axis',(0.,0.,-1.));
#2132=DIRECTION('ref_axis',(1.,0.,0.));
#2133=DIRECTION('center_axis',(0.,0.,1.));
#2134=DIRECTION('ref_axis',(1.,0.,0.));
#2135=DIRECTION('center_axis',(0.,0.,-1.));
#2136=DIRECTION('ref_axis',(1.,0.,0.));
#2137=DIRECTION('',(0.,0.,-1.));
#2138=DIRECTION('center_axis',(0.,0.,-1.));
#2139=DIRECTION('ref_axis',(1.,0.,0.));
#2140=DIRECTION('center_axis',(-1.,0.,0.));
#2141=DIRECTION('ref_axis',(0.,-1.,0.));
#2142=DIRECTION('',(0.,1.,0.));
#2143=DIRECTION('',(0.,0.,1.));
#2144=DIRECTION('',(0.,-1.,0.));
#2145=DIRECTION('',(0.,0.,1.));
#2146=DIRECTION('center_axis',(0.,0.,1.));
#2147=DIRECTION('ref_axis',(5.92118946466753E-15,1.,0.));
#2148=DIRECTION('center_axis',(0.,0.,1.));
#2149=DIRECTION('ref_axis',(5.92118946466753E-15,1.,0.));
#2150=DIRECTION('center_axis',(0.,0.,1.));
#2151=DIRECTION('ref_axis',(5.92118946466753E-15,1.,0.));
#2152=DIRECTION('',(0.,0.,1.));
#2153=DIRECTION('center_axis',(0.,1.,0.));
#2154=DIRECTION('ref_axis',(-1.,0.,0.));
#2155=DIRECTION('',(1.,0.,0.));
#2156=DIRECTION('',(-1.,0.,0.));
#2157=DIRECTION('',(0.,0.,1.));
#2158=DIRECTION('center_axis',(0.,0.,1.));
#2159=DIRECTION('ref_axis',(1.,-2.96059473233376E-15,0.));
#2160=DIRECTION('center_axis',(0.,0.,1.));
#2161=DIRECTION('ref_axis',(1.,-2.96059473233376E-15,0.));
#2162=DIRECTION('center_axis',(0.,0.,1.));
#2163=DIRECTION('ref_axis',(1.,-2.96059473233376E-15,0.));
#2164=DIRECTION('',(0.,0.,1.));
#2165=DIRECTION('center_axis',(1.,0.,0.));
#2166=DIRECTION('ref_axis',(0.,1.,0.));
#2167=DIRECTION('',(0.,-1.,0.));
#2168=DIRECTION('',(0.,1.,0.));
#2169=DIRECTION('',(0.,0.,1.));
#2170=DIRECTION('center_axis',(0.,0.,1.));
#2171=DIRECTION('ref_axis',(-5.92118946466754E-15,-1.,0.));
#2172=DIRECTION('center_axis',(0.,0.,1.));
#2173=DIRECTION('ref_axis',(-5.92118946466754E-15,-1.,0.));
#2174=DIRECTION('center_axis',(0.,0.,1.));
#2175=DIRECTION('ref_axis',(-5.92118946466754E-15,-1.,0.));
#2176=DIRECTION('',(0.,0.,1.));
#2177=DIRECTION('center_axis',(5.65574614295921E-17,-1.,0.));
#2178=DIRECTION('ref_axis',(1.,5.65574614295921E-17,0.));
#2179=DIRECTION('',(-1.,-5.65574614295921E-17,0.));
#2180=DIRECTION('',(1.,5.65574614295921E-17,0.));
#2181=DIRECTION('',(0.,0.,1.));
#2182=DIRECTION('center_axis',(0.,0.,1.));
#2183=DIRECTION('ref_axis',(-1.,2.96059473233376E-15,0.));
#2184=DIRECTION('center_axis',(0.,0.,1.));
#2185=DIRECTION('ref_axis',(-1.,2.96059473233376E-15,0.));
#2186=DIRECTION('center_axis',(0.,0.,1.));
#2187=DIRECTION('ref_axis',(-1.,2.96059473233376E-15,0.));
#2188=DIRECTION('center_axis',(0.,0.,1.));
#2189=DIRECTION('ref_axis',(1.,0.,0.));
#2190=DIRECTION('center_axis',(0.,0.,1.));
#2191=DIRECTION('ref_axis',(1.,0.,0.));
#2192=DIRECTION('center_axis',(0.,0.,1.));
#2193=DIRECTION('ref_axis',(1.,0.,0.));
#2194=DIRECTION('center_axis',(0.,0.,1.));
#2195=DIRECTION('ref_axis',(1.,0.,0.));
#2196=DIRECTION('',(0.,0.,1.));
#2197=DIRECTION('center_axis',(0.,0.,-1.));
#2198=DIRECTION('ref_axis',(1.,0.,0.));
#2199=DIRECTION('center_axis',(0.,0.,1.));
#2200=DIRECTION('ref_axis',(1.,0.,0.));
#2201=DIRECTION('center_axis',(0.,0.,-1.));
#2202=DIRECTION('ref_axis',(1.,0.,0.));
#2203=DIRECTION('',(0.,0.,-1.));
#2204=DIRECTION('center_axis',(0.,0.,-1.));
#2205=DIRECTION('ref_axis',(1.,0.,0.));
#2206=DIRECTION('center_axis',(0.,0.,1.));
#2207=DIRECTION('ref_axis',(1.,0.,0.));
#2208=DIRECTION('center_axis',(0.,0.,-1.));
#2209=DIRECTION('ref_axis',(1.,0.,0.));
#2210=DIRECTION('',(0.,0.,-1.));
#2211=DIRECTION('center_axis',(0.,0.,-1.));
#2212=DIRECTION('ref_axis',(1.,0.,0.));
#2213=DIRECTION('center_axis',(0.,0.,1.));
#2214=DIRECTION('ref_axis',(1.,0.,0.));
#2215=DIRECTION('center_axis',(0.,0.,-1.));
#2216=DIRECTION('ref_axis',(1.,0.,0.));
#2217=DIRECTION('',(0.,0.,-1.));
#2218=DIRECTION('center_axis',(0.,0.,-1.));
#2219=DIRECTION('ref_axis',(1.,0.,0.));
#2220=DIRECTION('center_axis',(0.,0.,1.));
#2221=DIRECTION('ref_axis',(1.,0.,0.));
#2222=DIRECTION('center_axis',(0.,0.,-1.));
#2223=DIRECTION('ref_axis',(1.,0.,0.));
#2224=DIRECTION('',(0.,0.,-1.));
#2225=DIRECTION('center_axis',(0.,0.,-1.));
#2226=DIRECTION('ref_axis',(1.,0.,0.));
#2227=DIRECTION('center_axis',(0.,0.,1.));
#2228=DIRECTION('ref_axis',(1.,0.,0.));
#2229=DIRECTION('center_axis',(0.,0.,-1.));
#2230=DIRECTION('ref_axis',(1.,0.,0.));
#2231=DIRECTION('',(0.,0.,-1.));
#2232=DIRECTION('center_axis',(0.,0.,-1.));
#2233=DIRECTION('ref_axis',(1.,0.,0.));
#2234=DIRECTION('center_axis',(-1.,0.,0.));
#2235=DIRECTION('ref_axis',(0.,-1.,0.));
#2236=DIRECTION('',(0.,1.,0.));
#2237=DIRECTION('',(0.,0.,1.));
#2238=DIRECTION('',(0.,-1.,0.));
#2239=DIRECTION('',(0.,0.,1.));
#2240=DIRECTION('center_axis',(0.,0.,1.));
#2241=DIRECTION('ref_axis',(5.92118946466753E-15,1.,0.));
#2242=DIRECTION('center_axis',(0.,0.,1.));
#2243=DIRECTION('ref_axis',(5.92118946466753E-15,1.,0.));
#2244=DIRECTION('center_axis',(0.,0.,1.));
#2245=DIRECTION('ref_axis',(5.92118946466753E-15,1.,0.));
#2246=DIRECTION('',(0.,0.,1.));
#2247=DIRECTION('center_axis',(0.,1.,0.));
#2248=DIRECTION('ref_axis',(-1.,0.,0.));
#2249=DIRECTION('',(1.,0.,0.));
#2250=DIRECTION('',(-1.,0.,0.));
#2251=DIRECTION('',(0.,0.,1.));
#2252=DIRECTION('center_axis',(0.,0.,1.));
#2253=DIRECTION('ref_axis',(1.,-2.96059473233376E-15,0.));
#2254=DIRECTION('center_axis',(0.,0.,1.));
#2255=DIRECTION('ref_axis',(1.,-2.96059473233376E-15,0.));
#2256=DIRECTION('center_axis',(0.,0.,1.));
#2257=DIRECTION('ref_axis',(1.,-2.96059473233376E-15,0.));
#2258=DIRECTION('',(0.,0.,1.));
#2259=DIRECTION('center_axis',(1.,0.,0.));
#2260=DIRECTION('ref_axis',(0.,1.,0.));
#2261=DIRECTION('',(0.,-1.,0.));
#2262=DIRECTION('',(0.,1.,0.));
#2263=DIRECTION('',(0.,0.,1.));
#2264=DIRECTION('center_axis',(0.,0.,1.));
#2265=DIRECTION('ref_axis',(-5.92118946466754E-15,-1.,0.));
#2266=DIRECTION('center_axis',(0.,0.,1.));
#2267=DIRECTION('ref_axis',(-5.92118946466754E-15,-1.,0.));
#2268=DIRECTION('center_axis',(0.,0.,1.));
#2269=DIRECTION('ref_axis',(-5.92118946466754E-15,-1.,0.));
#2270=DIRECTION('',(0.,0.,1.));
#2271=DIRECTION('center_axis',(5.65574614295921E-17,-1.,0.));
#2272=DIRECTION('ref_axis',(1.,5.65574614295921E-17,0.));
#2273=DIRECTION('',(-1.,-5.65574614295921E-17,0.));
#2274=DIRECTION('',(1.,5.65574614295921E-17,0.));
#2275=DIRECTION('',(0.,0.,1.));
#2276=DIRECTION('center_axis',(0.,0.,1.));
#2277=DIRECTION('ref_axis',(-1.,2.96059473233376E-15,0.));
#2278=DIRECTION('center_axis',(0.,0.,1.));
#2279=DIRECTION('ref_axis',(-1.,2.96059473233376E-15,0.));
#2280=DIRECTION('center_axis',(0.,0.,1.));
#2281=DIRECTION('ref_axis',(-1.,2.96059473233376E-15,0.));
#2282=DIRECTION('center_axis',(0.,0.,1.));
#2283=DIRECTION('ref_axis',(1.,0.,0.));
#2284=DIRECTION('center_axis',(0.,0.,1.));
#2285=DIRECTION('ref_axis',(1.,0.,0.));
#2286=DIRECTION('center_axis',(0.,0.,1.));
#2287=DIRECTION('ref_axis',(1.,0.,0.));
#2288=DIRECTION('center_axis',(0.,0.,-1.));
#2289=DIRECTION('ref_axis',(1.,0.,0.));
#2290=DIRECTION('',(0.,0.,-1.));
#2291=DIRECTION('center_axis',(0.,0.,-1.));
#2292=DIRECTION('ref_axis',(1.,0.,0.));
#2293=DIRECTION('center_axis',(0.,0.,1.));
#2294=DIRECTION('ref_axis',(1.,0.,0.));
#2295=DIRECTION('center_axis',(0.,0.,-1.));
#2296=DIRECTION('ref_axis',(1.,0.,0.));
#2297=DIRECTION('',(0.,0.,-1.));
#2298=DIRECTION('center_axis',(0.,0.,-1.));
#2299=DIRECTION('ref_axis',(1.,0.,0.));
#2300=DIRECTION('center_axis',(0.,0.,1.));
#2301=DIRECTION('ref_axis',(1.,0.,0.));
#2302=DIRECTION('center_axis',(0.,0.,-1.));
#2303=DIRECTION('ref_axis',(1.,0.,0.));
#2304=DIRECTION('',(0.,0.,-1.));
#2305=DIRECTION('center_axis',(0.,0.,-1.));
#2306=DIRECTION('ref_axis',(1.,0.,0.));
#2307=DIRECTION('center_axis',(0.,0.,1.));
#2308=DIRECTION('ref_axis',(1.,0.,0.));
#2309=DIRECTION('center_axis',(0.,0.,-1.));
#2310=DIRECTION('ref_axis',(1.,0.,0.));
#2311=DIRECTION('',(0.,0.,-1.));
#2312=DIRECTION('center_axis',(0.,0.,-1.));
#2313=DIRECTION('ref_axis',(1.,0.,0.));
#2314=DIRECTION('center_axis',(0.,0.,1.));
#2315=DIRECTION('ref_axis',(1.,0.,0.));
#2316=DIRECTION('center_axis',(0.,0.,-1.));
#2317=DIRECTION('ref_axis',(1.,0.,0.));
#2318=DIRECTION('',(0.,0.,-1.));
#2319=DIRECTION('center_axis',(0.,0.,-1.));
#2320=DIRECTION('ref_axis',(1.,0.,0.));
#2321=DIRECTION('center_axis',(0.,0.,1.));
#2322=DIRECTION('ref_axis',(1.,0.,0.));
#2323=DIRECTION('center_axis',(0.,0.,-1.));
#2324=DIRECTION('ref_axis',(1.,0.,0.));
#2325=DIRECTION('',(0.,0.,-1.));
#2326=DIRECTION('center_axis',(0.,0.,-1.));
#2327=DIRECTION('ref_axis',(1.,0.,0.));
#2328=DIRECTION('center_axis',(-1.,0.,0.));
#2329=DIRECTION('ref_axis',(0.,-1.,0.));
#2330=DIRECTION('',(0.,1.,0.));
#2331=DIRECTION('',(0.,0.,1.));
#2332=DIRECTION('',(0.,-1.,0.));
#2333=DIRECTION('',(0.,0.,1.));
#2334=DIRECTION('center_axis',(0.,0.,1.));
#2335=DIRECTION('ref_axis',(5.92118946466753E-15,1.,0.));
#2336=DIRECTION('center_axis',(0.,0.,1.));
#2337=DIRECTION('ref_axis',(5.92118946466753E-15,1.,0.));
#2338=DIRECTION('center_axis',(0.,0.,1.));
#2339=DIRECTION('ref_axis',(5.92118946466753E-15,1.,0.));
#2340=DIRECTION('',(0.,0.,1.));
#2341=DIRECTION('center_axis',(0.,1.,0.));
#2342=DIRECTION('ref_axis',(-1.,0.,0.));
#2343=DIRECTION('',(1.,0.,0.));
#2344=DIRECTION('',(-1.,0.,0.));
#2345=DIRECTION('',(0.,0.,1.));
#2346=DIRECTION('center_axis',(0.,0.,1.));
#2347=DIRECTION('ref_axis',(1.,-2.96059473233376E-15,0.));
#2348=DIRECTION('center_axis',(0.,0.,1.));
#2349=DIRECTION('ref_axis',(1.,-2.96059473233376E-15,0.));
#2350=DIRECTION('center_axis',(0.,0.,1.));
#2351=DIRECTION('ref_axis',(1.,-2.96059473233376E-15,0.));
#2352=DIRECTION('',(0.,0.,1.));
#2353=DIRECTION('center_axis',(1.,0.,0.));
#2354=DIRECTION('ref_axis',(0.,1.,0.));
#2355=DIRECTION('',(0.,-1.,0.));
#2356=DIRECTION('',(0.,1.,0.));
#2357=DIRECTION('',(0.,0.,1.));
#2358=DIRECTION('center_axis',(0.,0.,1.));
#2359=DIRECTION('ref_axis',(-5.92118946466754E-15,-1.,0.));
#2360=DIRECTION('center_axis',(0.,0.,1.));
#2361=DIRECTION('ref_axis',(-5.92118946466754E-15,-1.,0.));
#2362=DIRECTION('center_axis',(0.,0.,1.));
#2363=DIRECTION('ref_axis',(-5.92118946466754E-15,-1.,0.));
#2364=DIRECTION('',(0.,0.,1.));
#2365=DIRECTION('center_axis',(5.65574614295921E-17,-1.,0.));
#2366=DIRECTION('ref_axis',(1.,5.65574614295921E-17,0.));
#2367=DIRECTION('',(-1.,-5.65574614295921E-17,0.));
#2368=DIRECTION('',(1.,5.65574614295921E-17,0.));
#2369=DIRECTION('',(0.,0.,1.));
#2370=DIRECTION('center_axis',(0.,0.,1.));
#2371=DIRECTION('ref_axis',(-1.,2.96059473233376E-15,0.));
#2372=DIRECTION('center_axis',(0.,0.,1.));
#2373=DIRECTION('ref_axis',(-1.,2.96059473233376E-15,0.));
#2374=DIRECTION('center_axis',(0.,0.,1.));
#2375=DIRECTION('ref_axis',(-1.,2.96059473233376E-15,0.));
#2376=DIRECTION('center_axis',(0.,0.,1.));
#2377=DIRECTION('ref_axis',(1.,0.,0.));
#2378=DIRECTION('center_axis',(0.,0.,1.));
#2379=DIRECTION('ref_axis',(1.,0.,0.));
#2380=DIRECTION('center_axis',(0.,0.,1.));
#2381=DIRECTION('ref_axis',(1.,0.,0.));
#2382=DIRECTION('center_axis',(0.,0.,-1.));
#2383=DIRECTION('ref_axis',(1.,0.,0.));
#2384=DIRECTION('',(0.,0.,-1.));
#2385=DIRECTION('center_axis',(0.,0.,-1.));
#2386=DIRECTION('ref_axis',(1.,0.,0.));
#2387=DIRECTION('center_axis',(0.,0.,1.));
#2388=DIRECTION('ref_axis',(1.,0.,0.));
#2389=DIRECTION('center_axis',(0.,0.,-1.));
#2390=DIRECTION('ref_axis',(1.,0.,0.));
#2391=DIRECTION('',(0.,0.,-1.));
#2392=DIRECTION('center_axis',(0.,0.,-1.));
#2393=DIRECTION('ref_axis',(1.,0.,0.));
#2394=DIRECTION('center_axis',(0.,0.,1.));
#2395=DIRECTION('ref_axis',(1.,0.,0.));
#2396=DIRECTION('center_axis',(0.,0.,-1.));
#2397=DIRECTION('ref_axis',(1.,0.,0.));
#2398=DIRECTION('',(0.,0.,-1.));
#2399=DIRECTION('center_axis',(0.,0.,-1.));
#2400=DIRECTION('ref_axis',(1.,0.,0.));
#2401=DIRECTION('center_axis',(0.,0.,1.));
#2402=DIRECTION('ref_axis',(1.,0.,0.));
#2403=DIRECTION('center_axis',(0.,0.,-1.));
#2404=DIRECTION('ref_axis',(1.,0.,0.));
#2405=DIRECTION('',(0.,0.,-1.));
#2406=DIRECTION('center_axis',(0.,0.,-1.));
#2407=DIRECTION('ref_axis',(1.,0.,0.));
#2408=DIRECTION('center_axis',(0.,0.,1.));
#2409=DIRECTION('ref_axis',(1.,0.,0.));
#2410=DIRECTION('center_axis',(0.,0.,-1.));
#2411=DIRECTION('ref_axis',(1.,0.,0.));
#2412=DIRECTION('',(0.,0.,-1.));
#2413=DIRECTION('center_axis',(0.,0.,-1.));
#2414=DIRECTION('ref_axis',(1.,0.,0.));
#2415=DIRECTION('center_axis',(0.,0.,1.));
#2416=DIRECTION('ref_axis',(1.,0.,0.));
#2417=DIRECTION('center_axis',(0.,0.,-1.));
#2418=DIRECTION('ref_axis',(1.,0.,0.));
#2419=DIRECTION('',(0.,0.,-1.));
#2420=DIRECTION('center_axis',(0.,0.,-1.));
#2421=DIRECTION('ref_axis',(1.,0.,0.));
#2422=DIRECTION('center_axis',(-1.,0.,0.));
#2423=DIRECTION('ref_axis',(0.,-1.,0.));
#2424=DIRECTION('',(0.,1.,0.));
#2425=DIRECTION('',(0.,0.,1.));
#2426=DIRECTION('',(0.,-1.,0.));
#2427=DIRECTION('',(0.,0.,1.));
#2428=DIRECTION('center_axis',(0.,0.,1.));
#2429=DIRECTION('ref_axis',(5.92118946466753E-15,1.,0.));
#2430=DIRECTION('center_axis',(0.,0.,1.));
#2431=DIRECTION('ref_axis',(5.92118946466753E-15,1.,0.));
#2432=DIRECTION('center_axis',(0.,0.,1.));
#2433=DIRECTION('ref_axis',(5.92118946466753E-15,1.,0.));
#2434=DIRECTION('',(0.,0.,1.));
#2435=DIRECTION('center_axis',(0.,1.,0.));
#2436=DIRECTION('ref_axis',(-1.,0.,0.));
#2437=DIRECTION('',(1.,0.,0.));
#2438=DIRECTION('',(-1.,0.,0.));
#2439=DIRECTION('',(0.,0.,1.));
#2440=DIRECTION('center_axis',(0.,0.,1.));
#2441=DIRECTION('ref_axis',(1.,-2.96059473233376E-15,0.));
#2442=DIRECTION('center_axis',(0.,0.,1.));
#2443=DIRECTION('ref_axis',(1.,-2.96059473233376E-15,0.));
#2444=DIRECTION('center_axis',(0.,0.,1.));
#2445=DIRECTION('ref_axis',(1.,-2.96059473233376E-15,0.));
#2446=DIRECTION('',(0.,0.,1.));
#2447=DIRECTION('center_axis',(1.,0.,0.));
#2448=DIRECTION('ref_axis',(0.,1.,0.));
#2449=DIRECTION('',(0.,-1.,0.));
#2450=DIRECTION('',(0.,1.,0.));
#2451=DIRECTION('',(0.,0.,1.));
#2452=DIRECTION('center_axis',(0.,0.,1.));
#2453=DIRECTION('ref_axis',(-5.92118946466754E-15,-1.,0.));
#2454=DIRECTION('center_axis',(0.,0.,1.));
#2455=DIRECTION('ref_axis',(-5.92118946466754E-15,-1.,0.));
#2456=DIRECTION('center_axis',(0.,0.,1.));
#2457=DIRECTION('ref_axis',(-5.92118946466754E-15,-1.,0.));
#2458=DIRECTION('',(0.,0.,1.));
#2459=DIRECTION('center_axis',(5.65574614295921E-17,-1.,0.));
#2460=DIRECTION('ref_axis',(1.,5.65574614295921E-17,0.));
#2461=DIRECTION('',(-1.,-5.65574614295921E-17,0.));
#2462=DIRECTION('',(1.,5.65574614295921E-17,0.));
#2463=DIRECTION('',(0.,0.,1.));
#2464=DIRECTION('center_axis',(0.,0.,1.));
#2465=DIRECTION('ref_axis',(-1.,2.96059473233376E-15,0.));
#2466=DIRECTION('center_axis',(0.,0.,1.));
#2467=DIRECTION('ref_axis',(-1.,2.96059473233376E-15,0.));
#2468=DIRECTION('center_axis',(0.,0.,1.));
#2469=DIRECTION('ref_axis',(-1.,2.96059473233376E-15,0.));
#2470=DIRECTION('center_axis',(0.,0.,1.));
#2471=DIRECTION('ref_axis',(1.,0.,0.));
#2472=DIRECTION('center_axis',(0.,0.,1.));
#2473=DIRECTION('ref_axis',(1.,0.,0.));
#2474=DIRECTION('center_axis',(0.,0.,1.));
#2475=DIRECTION('ref_axis',(1.,0.,0.));
#2476=DIRECTION('center_axis',(0.,0.,-1.));
#2477=DIRECTION('ref_axis',(1.,0.,0.));
#2478=DIRECTION('',(0.,0.,-1.));
#2479=DIRECTION('center_axis',(0.,0.,-1.));
#2480=DIRECTION('ref_axis',(1.,0.,0.));
#2481=DIRECTION('center_axis',(0.,0.,1.));
#2482=DIRECTION('ref_axis',(1.,0.,0.));
#2483=DIRECTION('center_axis',(0.,0.,-1.));
#2484=DIRECTION('ref_axis',(1.,0.,0.));
#2485=DIRECTION('',(0.,0.,-1.));
#2486=DIRECTION('center_axis',(0.,0.,-1.));
#2487=DIRECTION('ref_axis',(1.,0.,0.));
#2488=DIRECTION('center_axis',(0.,0.,1.));
#2489=DIRECTION('ref_axis',(1.,0.,0.));
#2490=DIRECTION('center_axis',(0.,0.,-1.));
#2491=DIRECTION('ref_axis',(1.,0.,0.));
#2492=DIRECTION('',(0.,0.,-1.));
#2493=DIRECTION('center_axis',(0.,0.,-1.));
#2494=DIRECTION('ref_axis',(1.,0.,0.));
#2495=DIRECTION('center_axis',(0.,0.,1.));
#2496=DIRECTION('ref_axis',(1.,0.,0.));
#2497=DIRECTION('center_axis',(0.,0.,-1.));
#2498=DIRECTION('ref_axis',(1.,0.,0.));
#2499=DIRECTION('',(0.,0.,-1.));
#2500=DIRECTION('center_axis',(0.,0.,-1.));
#2501=DIRECTION('ref_axis',(1.,0.,0.));
#2502=DIRECTION('center_axis',(0.,0.,1.));
#2503=DIRECTION('ref_axis',(1.,0.,0.));
#2504=DIRECTION('center_axis',(0.,0.,-1.));
#2505=DIRECTION('ref_axis',(1.,0.,0.));
#2506=DIRECTION('',(0.,0.,-1.));
#2507=DIRECTION('center_axis',(0.,0.,-1.));
#2508=DIRECTION('ref_axis',(1.,0.,0.));
#2509=DIRECTION('center_axis',(0.,0.,1.));
#2510=DIRECTION('ref_axis',(1.,0.,0.));
#2511=DIRECTION('center_axis',(0.,0.,-1.));
#2512=DIRECTION('ref_axis',(1.,0.,0.));
#2513=DIRECTION('',(0.,0.,-1.));
#2514=DIRECTION('center_axis',(0.,0.,-1.));
#2515=DIRECTION('ref_axis',(1.,0.,0.));
#2516=DIRECTION('center_axis',(-1.,0.,0.));
#2517=DIRECTION('ref_axis',(0.,-1.,0.));
#2518=DIRECTION('',(0.,1.,0.));
#2519=DIRECTION('',(0.,0.,1.));
#2520=DIRECTION('',(0.,-1.,0.));
#2521=DIRECTION('',(0.,0.,1.));
#2522=DIRECTION('center_axis',(0.,0.,1.));
#2523=DIRECTION('ref_axis',(5.92118946466753E-15,1.,0.));
#2524=DIRECTION('center_axis',(0.,0.,1.));
#2525=DIRECTION('ref_axis',(5.92118946466753E-15,1.,0.));
#2526=DIRECTION('center_axis',(0.,0.,1.));
#2527=DIRECTION('ref_axis',(5.92118946466753E-15,1.,0.));
#2528=DIRECTION('',(0.,0.,1.));
#2529=DIRECTION('center_axis',(0.,1.,0.));
#2530=DIRECTION('ref_axis',(-1.,0.,0.));
#2531=DIRECTION('',(1.,0.,0.));
#2532=DIRECTION('',(-1.,0.,0.));
#2533=DIRECTION('',(0.,0.,1.));
#2534=DIRECTION('center_axis',(0.,0.,1.));
#2535=DIRECTION('ref_axis',(1.,-2.96059473233376E-15,0.));
#2536=DIRECTION('center_axis',(0.,0.,1.));
#2537=DIRECTION('ref_axis',(1.,-2.96059473233376E-15,0.));
#2538=DIRECTION('center_axis',(0.,0.,1.));
#2539=DIRECTION('ref_axis',(1.,-2.96059473233376E-15,0.));
#2540=DIRECTION('',(0.,0.,1.));
#2541=DIRECTION('center_axis',(1.,0.,0.));
#2542=DIRECTION('ref_axis',(0.,1.,0.));
#2543=DIRECTION('',(0.,-1.,0.));
#2544=DIRECTION('',(0.,1.,0.));
#2545=DIRECTION('',(0.,0.,1.));
#2546=DIRECTION('center_axis',(0.,0.,1.));
#2547=DIRECTION('ref_axis',(-5.92118946466754E-15,-1.,0.));
#2548=DIRECTION('center_axis',(0.,0.,1.));
#2549=DIRECTION('ref_axis',(-5.92118946466754E-15,-1.,0.));
#2550=DIRECTION('center_axis',(0.,0.,1.));
#2551=DIRECTION('ref_axis',(-5.92118946466754E-15,-1.,0.));
#2552=DIRECTION('',(0.,0.,1.));
#2553=DIRECTION('center_axis',(5.65574614295921E-17,-1.,0.));
#2554=DIRECTION('ref_axis',(1.,5.65574614295921E-17,0.));
#2555=DIRECTION('',(-1.,-5.65574614295921E-17,0.));
#2556=DIRECTION('',(1.,5.65574614295921E-17,0.));
#2557=DIRECTION('',(0.,0.,1.));
#2558=DIRECTION('center_axis',(0.,0.,1.));
#2559=DIRECTION('ref_axis',(-1.,2.96059473233376E-15,0.));
#2560=DIRECTION('center_axis',(0.,0.,1.));
#2561=DIRECTION('ref_axis',(-1.,2.96059473233376E-15,0.));
#2562=DIRECTION('center_axis',(0.,0.,1.));
#2563=DIRECTION('ref_axis',(-1.,2.96059473233376E-15,0.));
#2564=DIRECTION('center_axis',(0.,0.,1.));
#2565=DIRECTION('ref_axis',(1.,0.,0.));
#2566=DIRECTION('center_axis',(0.,0.,1.));
#2567=DIRECTION('ref_axis',(1.,0.,0.));
#2568=DIRECTION('center_axis',(0.,0.,1.));
#2569=DIRECTION('ref_axis',(1.,0.,0.));
#2570=DIRECTION('center_axis',(0.,0.,-1.));
#2571=DIRECTION('ref_axis',(1.,0.,0.));
#2572=DIRECTION('',(0.,0.,-1.));
#2573=DIRECTION('center_axis',(0.,0.,-1.));
#2574=DIRECTION('ref_axis',(1.,0.,0.));
#2575=DIRECTION('center_axis',(0.,0.,1.));
#2576=DIRECTION('ref_axis',(1.,0.,0.));
#2577=DIRECTION('center_axis',(0.,0.,-1.));
#2578=DIRECTION('ref_axis',(1.,0.,0.));
#2579=DIRECTION('',(0.,0.,-1.));
#2580=DIRECTION('center_axis',(0.,0.,-1.));
#2581=DIRECTION('ref_axis',(1.,0.,0.));
#2582=DIRECTION('center_axis',(0.,0.,1.));
#2583=DIRECTION('ref_axis',(1.,0.,0.));
#2584=DIRECTION('center_axis',(0.,0.,-1.));
#2585=DIRECTION('ref_axis',(1.,0.,0.));
#2586=DIRECTION('',(0.,0.,-1.));
#2587=DIRECTION('center_axis',(0.,0.,-1.));
#2588=DIRECTION('ref_axis',(1.,0.,0.));
#2589=DIRECTION('center_axis',(0.,0.,1.));
#2590=DIRECTION('ref_axis',(1.,0.,0.));
#2591=DIRECTION('center_axis',(0.,0.,-1.));
#2592=DIRECTION('ref_axis',(1.,0.,0.));
#2593=DIRECTION('',(0.,0.,-1.));
#2594=DIRECTION('center_axis',(0.,0.,-1.));
#2595=DIRECTION('ref_axis',(1.,0.,0.));
#2596=DIRECTION('center_axis',(0.,0.,1.));
#2597=DIRECTION('ref_axis',(1.,0.,0.));
#2598=DIRECTION('center_axis',(0.,0.,-1.));
#2599=DIRECTION('ref_axis',(1.,0.,0.));
#2600=DIRECTION('',(0.,0.,-1.));
#2601=DIRECTION('center_axis',(0.,0.,-1.));
#2602=DIRECTION('ref_axis',(1.,0.,0.));
#2603=DIRECTION('center_axis',(0.,0.,1.));
#2604=DIRECTION('ref_axis',(1.,0.,0.));
#2605=DIRECTION('center_axis',(0.,0.,-1.));
#2606=DIRECTION('ref_axis',(1.,0.,0.));
#2607=DIRECTION('',(0.,0.,-1.));
#2608=DIRECTION('center_axis',(0.,0.,-1.));
#2609=DIRECTION('ref_axis',(1.,0.,0.));
#2610=DIRECTION('center_axis',(-1.,0.,0.));
#2611=DIRECTION('ref_axis',(0.,-1.,0.));
#2612=DIRECTION('',(0.,1.,0.));
#2613=DIRECTION('',(0.,0.,1.));
#2614=DIRECTION('',(0.,-1.,0.));
#2615=DIRECTION('',(0.,0.,1.));
#2616=DIRECTION('center_axis',(0.,0.,1.));
#2617=DIRECTION('ref_axis',(5.92118946466753E-15,1.,0.));
#2618=DIRECTION('center_axis',(0.,0.,1.));
#2619=DIRECTION('ref_axis',(5.92118946466753E-15,1.,0.));
#2620=DIRECTION('center_axis',(0.,0.,1.));
#2621=DIRECTION('ref_axis',(5.92118946466753E-15,1.,0.));
#2622=DIRECTION('',(0.,0.,1.));
#2623=DIRECTION('center_axis',(0.,1.,0.));
#2624=DIRECTION('ref_axis',(-1.,0.,0.));
#2625=DIRECTION('',(1.,0.,0.));
#2626=DIRECTION('',(-1.,0.,0.));
#2627=DIRECTION('',(0.,0.,1.));
#2628=DIRECTION('center_axis',(0.,0.,1.));
#2629=DIRECTION('ref_axis',(1.,-2.96059473233376E-15,0.));
#2630=DIRECTION('center_axis',(0.,0.,1.));
#2631=DIRECTION('ref_axis',(1.,-2.96059473233376E-15,0.));
#2632=DIRECTION('center_axis',(0.,0.,1.));
#2633=DIRECTION('ref_axis',(1.,-2.96059473233376E-15,0.));
#2634=DIRECTION('',(0.,0.,1.));
#2635=DIRECTION('center_axis',(1.,0.,0.));
#2636=DIRECTION('ref_axis',(0.,1.,0.));
#2637=DIRECTION('',(0.,-1.,0.));
#2638=DIRECTION('',(0.,1.,0.));
#2639=DIRECTION('',(0.,0.,1.));
#2640=DIRECTION('center_axis',(0.,0.,1.));
#2641=DIRECTION('ref_axis',(-5.92118946466754E-15,-1.,0.));
#2642=DIRECTION('center_axis',(0.,0.,1.));
#2643=DIRECTION('ref_axis',(-5.92118946466754E-15,-1.,0.));
#2644=DIRECTION('center_axis',(0.,0.,1.));
#2645=DIRECTION('ref_axis',(-5.92118946466754E-15,-1.,0.));
#2646=DIRECTION('',(0.,0.,1.));
#2647=DIRECTION('center_axis',(5.65574614295921E-17,-1.,0.));
#2648=DIRECTION('ref_axis',(1.,5.65574614295921E-17,0.));
#2649=DIRECTION('',(-1.,-5.65574614295921E-17,0.));
#2650=DIRECTION('',(1.,5.65574614295921E-17,0.));
#2651=DIRECTION('',(0.,0.,1.));
#2652=DIRECTION('center_axis',(0.,0.,1.));
#2653=DIRECTION('ref_axis',(-1.,2.96059473233376E-15,0.));
#2654=DIRECTION('center_axis',(0.,0.,1.));
#2655=DIRECTION('ref_axis',(-1.,2.96059473233376E-15,0.));
#2656=DIRECTION('center_axis',(0.,0.,1.));
#2657=DIRECTION('ref_axis',(-1.,2.96059473233376E-15,0.));
#2658=DIRECTION('center_axis',(0.,0.,1.));
#2659=DIRECTION('ref_axis',(1.,0.,0.));
#2660=DIRECTION('center_axis',(0.,0.,1.));
#2661=DIRECTION('ref_axis',(1.,0.,0.));
#2662=CARTESIAN_POINT('',(0.,0.,0.));
#2663=CARTESIAN_POINT('Origin',(38.2600020072423,-20.3675011574059,0.));
#2664=CARTESIAN_POINT('',(36.5100020072423,-20.3675011574059,0.));
#2665=CARTESIAN_POINT('Origin',(38.2600020072423,-20.3675011574059,0.));
#2666=CARTESIAN_POINT('',(36.5100020072423,-20.3675011574059,2.));
#2667=CARTESIAN_POINT('',(36.5100020072423,-20.3675011574059,0.));
#2668=CARTESIAN_POINT('Origin',(38.2600020072423,-20.3675011574059,2.));
#2669=CARTESIAN_POINT('Origin',(-38.26,20.3675,0.));
#2670=CARTESIAN_POINT('',(-40.01,20.3675,2.));
#2671=CARTESIAN_POINT('Origin',(-38.26,20.3675,2.));
#2672=CARTESIAN_POINT('',(-40.01,20.3675,0.));
#2673=CARTESIAN_POINT('',(-40.01,20.3675,0.));
#2674=CARTESIAN_POINT('Origin',(-38.26,20.3675,0.));
#2675=CARTESIAN_POINT('Origin',(-38.26,-20.3675011573941,0.));
#2676=CARTESIAN_POINT('',(-40.01,-20.3675011573941,2.));
#2677=CARTESIAN_POINT('Origin',(-38.26,-20.3675011573941,2.));
#2678=CARTESIAN_POINT('',(-40.01,-20.3675011573941,0.));
#2679=CARTESIAN_POINT('',(-40.01,-20.3675011573941,0.));
#2680=CARTESIAN_POINT('Origin',(-38.26,-20.3675011573941,0.));
#2681=CARTESIAN_POINT('Origin',(38.2600018073936,0.000498842605858307,0.));
#2682=CARTESIAN_POINT('',(36.7350018073936,0.000498842605858121,2.));
#2683=CARTESIAN_POINT('Origin',(38.2600018073936,0.000498842605858307,2.));
#2684=CARTESIAN_POINT('',(36.7350018073936,0.000498842605858121,0.));
#2685=CARTESIAN_POINT('',(36.7350018073936,0.000498842605858121,0.));
#2686=CARTESIAN_POINT('Origin',(38.2600018073936,0.000498842605858307,0.));
#2687=CARTESIAN_POINT('Origin',(38.26,20.3675,0.));
#2688=CARTESIAN_POINT('',(36.51,20.3675,2.));
#2689=CARTESIAN_POINT('Origin',(38.26,20.3675,2.));
#2690=CARTESIAN_POINT('',(36.51,20.3675,0.));
#2691=CARTESIAN_POINT('',(36.51,20.3675,0.));
#2692=CARTESIAN_POINT('Origin',(38.26,20.3675,0.));
#2693=CARTESIAN_POINT('Origin',(-38.26,0.000498842605853866,0.));
#2694=CARTESIAN_POINT('',(-39.785,0.00049884260585368,2.));
#2695=CARTESIAN_POINT('Origin',(-38.26,0.000498842605853866,2.));
#2696=CARTESIAN_POINT('',(-39.785,0.00049884260585368,0.));
#2697=CARTESIAN_POINT('',(-39.785,0.00049884260585368,0.));
#2698=CARTESIAN_POINT('Origin',(-38.26,0.000498842605853866,0.));
#2699=CARTESIAN_POINT('Origin',(-42.2600020072423,21.3675011573941,0.));
#2700=CARTESIAN_POINT('',(-42.2600020072423,-21.3675011573941,0.));
#2701=CARTESIAN_POINT('',(-42.2600020072423,21.3675011573941,0.));
#2702=CARTESIAN_POINT('',(-42.2600020072423,-21.3675011573941,0.));
#2703=CARTESIAN_POINT('',(-42.2600020072423,-21.3675011573941,2.));
#2704=CARTESIAN_POINT('',(-42.2600020072423,-21.3675011573941,0.));
#2705=CARTESIAN_POINT('',(-42.2600020072423,21.3675011573941,2.));
#2706=CARTESIAN_POINT('',(-42.2600020072423,-21.3675011573941,2.));
#2707=CARTESIAN_POINT('',(-42.2600020072423,21.3675011573941,0.));
#2708=CARTESIAN_POINT('Origin',(-39.2600020072423,21.3675011573942,0.));
#2709=CARTESIAN_POINT('',(-39.2600020072423,24.3675011573941,0.));
#2710=CARTESIAN_POINT('Origin',(-39.2600020072423,21.3675011573942,0.));
#2711=CARTESIAN_POINT('',(-39.2600020072423,24.3675011573941,2.));
#2712=CARTESIAN_POINT('Origin',(-39.2600020072423,21.3675011573942,2.));
#2713=CARTESIAN_POINT('',(-39.2600020072423,24.3675011573941,0.));
#2714=CARTESIAN_POINT('Origin',(39.2600020072423,24.3675011573941,0.));
#2715=CARTESIAN_POINT('',(39.2600020072423,24.3675011573941,0.));
#2716=CARTESIAN_POINT('',(-39.2600020072423,24.3675011573941,0.));
#2717=CARTESIAN_POINT('',(39.2600020072423,24.3675011573941,2.));
#2718=CARTESIAN_POINT('',(-39.2600020072423,24.3675011573941,2.));
#2719=CARTESIAN_POINT('',(39.2600020072423,24.3675011573941,0.));
#2720=CARTESIAN_POINT('Origin',(39.2600020072423,21.3675011573942,0.));
#2721=CARTESIAN_POINT('',(42.2600020072423,21.3675011573941,0.));
#2722=CARTESIAN_POINT('Origin',(39.2600020072423,21.3675011573942,0.));
#2723=CARTESIAN_POINT('',(42.2600020072423,21.3675011573941,2.));
#2724=CARTESIAN_POINT('Origin',(39.2600020072423,21.3675011573942,2.));
#2725=CARTESIAN_POINT('',(42.2600020072423,21.3675011573941,0.));
#2726=CARTESIAN_POINT('Origin',(42.2600020072423,-21.3675011573941,0.));
#2727=CARTESIAN_POINT('',(42.2600020072423,-21.3675011573941,0.));
#2728=CARTESIAN_POINT('',(42.2600020072423,21.3675011573941,0.));
#2729=CARTESIAN_POINT('',(42.2600020072423,-21.3675011573941,2.));
#2730=CARTESIAN_POINT('',(42.2600020072423,21.3675011573941,2.));
#2731=CARTESIAN_POINT('',(42.2600020072423,-21.3675011573941,0.));
#2732=CARTESIAN_POINT('Origin',(39.2600020072423,-21.3675011573942,0.));
#2733=CARTESIAN_POINT('',(39.2600020072423,-24.3675011573941,0.));
#2734=CARTESIAN_POINT('Origin',(39.2600020072423,-21.3675011573942,0.));
#2735=CARTESIAN_POINT('',(39.2600020072423,-24.3675011573941,2.));
#2736=CARTESIAN_POINT('Origin',(39.2600020072423,-21.3675011573942,2.));
#2737=CARTESIAN_POINT('',(39.2600020072423,-24.3675011573941,0.));
#2738=CARTESIAN_POINT('Origin',(-39.2600020072423,-24.3675011573941,0.));
#2739=CARTESIAN_POINT('',(-39.2600020072423,-24.3675011573941,0.));
#2740=CARTESIAN_POINT('',(39.2600020072423,-24.3675011573941,0.));
#2741=CARTESIAN_POINT('',(-39.2600020072423,-24.3675011573941,2.));
#2742=CARTESIAN_POINT('',(39.2600020072423,-24.3675011573941,2.));
#2743=CARTESIAN_POINT('',(-39.2600020072423,-24.3675011573941,0.));
#2744=CARTESIAN_POINT('Origin',(-39.2600020072423,-21.3675011573942,0.));
#2745=CARTESIAN_POINT('Origin',(-39.2600020072423,-21.3675011573942,0.));
#2746=CARTESIAN_POINT('Origin',(-39.2600020072423,-21.3675011573942,2.));
#2747=CARTESIAN_POINT('Origin',(0.,0.,2.));
#2748=CARTESIAN_POINT('Origin',(0.,0.,0.));
#2749=CARTESIAN_POINT('Origin',(38.2600020072423,-20.3675011574059,0.));
#2750=CARTESIAN_POINT('',(36.5100020072423,-20.3675011574059,0.));
#2751=CARTESIAN_POINT('Origin',(38.2600020072423,-20.3675011574059,0.));
#2752=CARTESIAN_POINT('',(36.5100020072423,-20.3675011574059,2.));
#2753=CARTESIAN_POINT('',(36.5100020072423,-20.3675011574059,0.));
#2754=CARTESIAN_POINT('Origin',(38.2600020072423,-20.3675011574059,2.));
#2755=CARTESIAN_POINT('Origin',(-38.26,20.3675,0.));
#2756=CARTESIAN_POINT('',(-40.01,20.3675,2.));
#2757=CARTESIAN_POINT('Origin',(-38.26,20.3675,2.));
#2758=CARTESIAN_POINT('',(-40.01,20.3675,0.));
#2759=CARTESIAN_POINT('',(-40.01,20.3675,0.));
#2760=CARTESIAN_POINT('Origin',(-38.26,20.3675,0.));
#2761=CARTESIAN_POINT('Origin',(-38.26,-20.3675011573941,0.));
#2762=CARTESIAN_POINT('',(-40.01,-20.3675011573941,2.));
#2763=CARTESIAN_POINT('Origin',(-38.26,-20.3675011573941,2.));
#2764=CARTESIAN_POINT('',(-40.01,-20.3675011573941,0.));
#2765=CARTESIAN_POINT('',(-40.01,-20.3675011573941,0.));
#2766=CARTESIAN_POINT('Origin',(-38.26,-20.3675011573941,0.));
#2767=CARTESIAN_POINT('Origin',(-38.26,0.000498842605853866,0.));
#2768=CARTESIAN_POINT('',(-39.785,0.000498842605853866,2.));
#2769=CARTESIAN_POINT('Origin',(-38.26,0.000498842605853866,2.));
#2770=CARTESIAN_POINT('',(-39.785,0.00049884260585368,0.));
#2771=CARTESIAN_POINT('',(-39.785,0.00049884260585368,0.));
#2772=CARTESIAN_POINT('Origin',(-38.26,0.000498842605853866,0.));
#2773=CARTESIAN_POINT('Origin',(38.2600018073936,0.000498842605858307,0.));
#2774=CARTESIAN_POINT('',(36.7350018073936,0.000498842605858307,2.));
#2775=CARTESIAN_POINT('Origin',(38.2600018073936,0.000498842605858307,2.));
#2776=CARTESIAN_POINT('',(36.7350018073936,0.000498842605858121,0.));
#2777=CARTESIAN_POINT('',(36.7350018073936,0.000498842605858121,0.));
#2778=CARTESIAN_POINT('Origin',(38.2600018073936,0.000498842605858307,0.));
#2779=CARTESIAN_POINT('Origin',(38.26,20.3675,0.));
#2780=CARTESIAN_POINT('',(36.51,20.3675,2.));
#2781=CARTESIAN_POINT('Origin',(38.26,20.3675,2.));
#2782=CARTESIAN_POINT('',(36.51,20.3675,0.));
#2783=CARTESIAN_POINT('',(36.51,20.3675,0.));
#2784=CARTESIAN_POINT('Origin',(38.26,20.3675,0.));
#2785=CARTESIAN_POINT('Origin',(-42.2600020072423,21.3675011573941,0.));
#2786=CARTESIAN_POINT('',(-42.2600020072423,-21.3675011573941,0.));
#2787=CARTESIAN_POINT('',(-42.2600020072423,21.3675011573941,0.));
#2788=CARTESIAN_POINT('',(-42.2600020072423,-21.3675011573941,0.));
#2789=CARTESIAN_POINT('',(-42.2600020072423,-21.3675011573941,2.));
#2790=CARTESIAN_POINT('',(-42.2600020072423,-21.3675011573941,0.));
#2791=CARTESIAN_POINT('',(-42.2600020072423,21.3675011573941,2.));
#2792=CARTESIAN_POINT('',(-42.2600020072423,-21.3675011573941,2.));
#2793=CARTESIAN_POINT('',(-42.2600020072423,21.3675011573941,0.));
#2794=CARTESIAN_POINT('Origin',(-39.2600020072423,21.3675011573942,0.));
#2795=CARTESIAN_POINT('',(-39.2600020072423,24.3675011573941,0.));
#2796=CARTESIAN_POINT('Origin',(-39.2600020072423,21.3675011573942,0.));
#2797=CARTESIAN_POINT('',(-39.2600020072423,24.3675011573941,2.));
#2798=CARTESIAN_POINT('Origin',(-39.2600020072423,21.3675011573942,2.));
#2799=CARTESIAN_POINT('',(-39.2600020072423,24.3675011573941,0.));
#2800=CARTESIAN_POINT('Origin',(39.2600020072423,24.3675011573941,0.));
#2801=CARTESIAN_POINT('',(39.2600020072423,24.3675011573941,0.));
#2802=CARTESIAN_POINT('',(-39.2600020072423,24.3675011573941,0.));
#2803=CARTESIAN_POINT('',(39.2600020072423,24.3675011573941,2.));
#2804=CARTESIAN_POINT('',(-39.2600020072423,24.3675011573941,2.));
#2805=CARTESIAN_POINT('',(39.2600020072423,24.3675011573941,0.));
#2806=CARTESIAN_POINT('Origin',(39.2600020072423,21.3675011573942,0.));
#2807=CARTESIAN_POINT('',(42.2600020072423,21.3675011573941,0.));
#2808=CARTESIAN_POINT('Origin',(39.2600020072423,21.3675011573942,0.));
#2809=CARTESIAN_POINT('',(42.2600020072423,21.3675011573941,2.));
#2810=CARTESIAN_POINT('Origin',(39.2600020072423,21.3675011573942,2.));
#2811=CARTESIAN_POINT('',(42.2600020072423,21.3675011573941,0.));
#2812=CARTESIAN_POINT('Origin',(42.2600020072423,-21.3675011573941,0.));
#2813=CARTESIAN_POINT('',(42.2600020072423,-21.3675011573941,0.));
#2814=CARTESIAN_POINT('',(42.2600020072423,21.3675011573941,0.));
#2815=CARTESIAN_POINT('',(42.2600020072423,-21.3675011573941,2.));
#2816=CARTESIAN_POINT('',(42.2600020072423,21.3675011573941,2.));
#2817=CARTESIAN_POINT('',(42.2600020072423,-21.3675011573941,0.));
#2818=CARTESIAN_POINT('Origin',(39.2600020072423,-21.3675011573942,0.));
#2819=CARTESIAN_POINT('',(39.2600020072423,-24.3675011573941,0.));
#2820=CARTESIAN_POINT('Origin',(39.2600020072423,-21.3675011573942,0.));
#2821=CARTESIAN_POINT('',(39.2600020072423,-24.3675011573941,2.));
#2822=CARTESIAN_POINT('Origin',(39.2600020072423,-21.3675011573942,2.));
#2823=CARTESIAN_POINT('',(39.2600020072423,-24.3675011573941,0.));
#2824=CARTESIAN_POINT('Origin',(-39.2600020072423,-24.3675011573941,0.));
#2825=CARTESIAN_POINT('',(-39.2600020072423,-24.3675011573941,0.));
#2826=CARTESIAN_POINT('',(39.2600020072423,-24.3675011573941,0.));
#2827=CARTESIAN_POINT('',(-39.2600020072423,-24.3675011573941,2.));
#2828=CARTESIAN_POINT('',(39.2600020072423,-24.3675011573941,2.));
#2829=CARTESIAN_POINT('',(-39.2600020072423,-24.3675011573941,0.));
#2830=CARTESIAN_POINT('Origin',(-39.2600020072423,-21.3675011573942,0.));
#2831=CARTESIAN_POINT('Origin',(-39.2600020072423,-21.3675011573942,0.));
#2832=CARTESIAN_POINT('Origin',(-39.2600020072423,-21.3675011573942,2.));
#2833=CARTESIAN_POINT('Origin',(0.,0.,2.));
#2834=CARTESIAN_POINT('Origin',(0.,0.,0.));
#2835=CARTESIAN_POINT('Origin',(38.26,20.3675,0.));
#2836=CARTESIAN_POINT('',(36.51,20.3675,2.));
#2837=CARTESIAN_POINT('Origin',(38.26,20.3675,2.));
#2838=CARTESIAN_POINT('',(36.51,20.3675,0.));
#2839=CARTESIAN_POINT('',(36.51,20.3675,0.));
#2840=CARTESIAN_POINT('Origin',(38.26,20.3675,0.));
#2841=CARTESIAN_POINT('Origin',(-38.26,-20.3675011573941,0.));
#2842=CARTESIAN_POINT('',(-40.01,-20.3675011573941,2.));
#2843=CARTESIAN_POINT('Origin',(-38.26,-20.3675011573941,2.));
#2844=CARTESIAN_POINT('',(-40.01,-20.3675011573941,0.));
#2845=CARTESIAN_POINT('',(-40.01,-20.3675011573941,0.));
#2846=CARTESIAN_POINT('Origin',(-38.26,-20.3675011573941,0.));
#2847=CARTESIAN_POINT('Origin',(-38.26,0.000498842605853866,0.));
#2848=CARTESIAN_POINT('',(-39.785,0.000498842605853866,2.));
#2849=CARTESIAN_POINT('Origin',(-38.26,0.000498842605853866,2.));
#2850=CARTESIAN_POINT('',(-39.785,0.00049884260585368,0.));
#2851=CARTESIAN_POINT('',(-39.785,0.00049884260585368,0.));
#2852=CARTESIAN_POINT('Origin',(-38.26,0.000498842605853866,0.));
#2853=CARTESIAN_POINT('Origin',(38.2600020072423,-20.3675011574059,0.));
#2854=CARTESIAN_POINT('',(36.5100020072423,-20.3675011574059,2.));
#2855=CARTESIAN_POINT('Origin',(38.2600020072423,-20.3675011574059,2.));
#2856=CARTESIAN_POINT('',(36.5100020072423,-20.3675011574059,0.));
#2857=CARTESIAN_POINT('',(36.5100020072423,-20.3675011574059,0.));
#2858=CARTESIAN_POINT('Origin',(38.2600020072423,-20.3675011574059,0.));
#2859=CARTESIAN_POINT('Origin',(38.2600018073936,0.000498842605858307,0.));
#2860=CARTESIAN_POINT('',(36.7350018073936,0.000498842605858307,2.));
#2861=CARTESIAN_POINT('Origin',(38.2600018073936,0.000498842605858307,2.));
#2862=CARTESIAN_POINT('',(36.7350018073936,0.000498842605858121,0.));
#2863=CARTESIAN_POINT('',(36.7350018073936,0.000498842605858121,0.));
#2864=CARTESIAN_POINT('Origin',(38.2600018073936,0.000498842605858307,0.));
#2865=CARTESIAN_POINT('Origin',(-38.26,20.3675,0.));
#2866=CARTESIAN_POINT('',(-40.01,20.3675,2.));
#2867=CARTESIAN_POINT('Origin',(-38.26,20.3675,2.));
#2868=CARTESIAN_POINT('',(-40.01,20.3675,0.));
#2869=CARTESIAN_POINT('',(-40.01,20.3675,0.));
#2870=CARTESIAN_POINT('Origin',(-38.26,20.3675,0.));
#2871=CARTESIAN_POINT('Origin',(-42.2600020072423,21.3675011573941,0.));
#2872=CARTESIAN_POINT('',(-42.2600020072423,-21.3675011573941,0.));
#2873=CARTESIAN_POINT('',(-42.2600020072423,21.3675011573941,0.));
#2874=CARTESIAN_POINT('',(-42.2600020072423,-21.3675011573941,0.));
#2875=CARTESIAN_POINT('',(-42.2600020072423,-21.3675011573942,2.));
#2876=CARTESIAN_POINT('',(-42.2600020072423,-21.3675011573941,0.));
#2877=CARTESIAN_POINT('',(-42.2600020072423,21.3675011573941,2.));
#2878=CARTESIAN_POINT('',(-42.2600020072423,-21.3675011573941,2.));
#2879=CARTESIAN_POINT('',(-42.2600020072423,21.3675011573941,0.));
#2880=CARTESIAN_POINT('Origin',(-39.2600020072423,21.3675011573942,0.));
#2881=CARTESIAN_POINT('',(-39.2600020072423,24.3675011573941,0.));
#2882=CARTESIAN_POINT('Origin',(-39.2600020072423,21.3675011573942,0.));
#2883=CARTESIAN_POINT('',(-39.2600020072423,24.3675011573941,2.));
#2884=CARTESIAN_POINT('Origin',(-39.2600020072423,21.3675011573942,2.));
#2885=CARTESIAN_POINT('',(-39.2600020072423,24.3675011573941,0.));
#2886=CARTESIAN_POINT('Origin',(39.2600020072423,24.3675011573941,0.));
#2887=CARTESIAN_POINT('',(39.2600020072423,24.3675011573941,0.));
#2888=CARTESIAN_POINT('',(-39.2600020072423,24.3675011573941,0.));
#2889=CARTESIAN_POINT('',(39.2600020072423,24.3675011573941,2.));
#2890=CARTESIAN_POINT('',(-39.2600020072423,24.3675011573941,2.));
#2891=CARTESIAN_POINT('',(39.2600020072423,24.3675011573941,0.));
#2892=CARTESIAN_POINT('Origin',(39.2600020072423,21.3675011573942,0.));
#2893=CARTESIAN_POINT('',(42.2600020072423,21.3675011573941,0.));
#2894=CARTESIAN_POINT('Origin',(39.2600020072423,21.3675011573942,0.));
#2895=CARTESIAN_POINT('',(42.2600020072423,21.3675011573941,2.));
#2896=CARTESIAN_POINT('Origin',(39.2600020072423,21.3675011573942,2.));
#2897=CARTESIAN_POINT('',(42.2600020072423,21.3675011573941,0.));
#2898=CARTESIAN_POINT('Origin',(42.2600020072423,-21.3675011573941,0.));
#2899=CARTESIAN_POINT('',(42.2600020072423,-21.3675011573941,0.));
#2900=CARTESIAN_POINT('',(42.2600020072423,21.3675011573941,0.));
#2901=CARTESIAN_POINT('',(42.2600020072423,-21.3675011573942,2.));
#2902=CARTESIAN_POINT('',(42.2600020072423,21.3675011573941,2.));
#2903=CARTESIAN_POINT('',(42.2600020072423,-21.3675011573941,0.));
#2904=CARTESIAN_POINT('Origin',(39.2600020072423,-21.3675011573942,0.));
#2905=CARTESIAN_POINT('',(39.2600020072423,-24.3675011573941,0.));
#2906=CARTESIAN_POINT('Origin',(39.2600020072423,-21.3675011573942,0.));
#2907=CARTESIAN_POINT('',(39.2600020072423,-24.3675011573941,2.));
#2908=CARTESIAN_POINT('Origin',(39.2600020072423,-21.3675011573942,2.));
#2909=CARTESIAN_POINT('',(39.2600020072423,-24.3675011573941,0.));
#2910=CARTESIAN_POINT('Origin',(-39.2600020072423,-24.3675011573941,0.));
#2911=CARTESIAN_POINT('',(-39.2600020072423,-24.3675011573941,0.));
#2912=CARTESIAN_POINT('',(39.2600020072423,-24.3675011573941,0.));
#2913=CARTESIAN_POINT('',(-39.2600020072423,-24.3675011573941,2.));
#2914=CARTESIAN_POINT('',(39.2600020072423,-24.3675011573941,2.));
#2915=CARTESIAN_POINT('',(-39.2600020072423,-24.3675011573941,0.));
#2916=CARTESIAN_POINT('Origin',(-39.2600020072423,-21.3675011573942,0.));
#2917=CARTESIAN_POINT('Origin',(-39.2600020072423,-21.3675011573942,0.));
#2918=CARTESIAN_POINT('Origin',(-39.2600020072423,-21.3675011573942,2.));
#2919=CARTESIAN_POINT('Origin',(0.,0.,2.));
#2920=CARTESIAN_POINT('Origin',(0.,0.,0.));
#2921=CARTESIAN_POINT('Origin',(38.2600020072423,-20.3675011574059,0.));
#2922=CARTESIAN_POINT('',(36.5100020072423,-20.3675011574059,2.));
#2923=CARTESIAN_POINT('Origin',(38.2600020072423,-20.3675011574059,2.));
#2924=CARTESIAN_POINT('',(36.5100020072423,-20.3675011574059,0.));
#2925=CARTESIAN_POINT('',(36.5100020072423,-20.3675011574059,0.));
#2926=CARTESIAN_POINT('Origin',(38.2600020072423,-20.3675011574059,0.));
#2927=CARTESIAN_POINT('Origin',(-38.26,-20.3675011573941,0.));
#2928=CARTESIAN_POINT('',(-40.01,-20.3675011573941,2.));
#2929=CARTESIAN_POINT('Origin',(-38.26,-20.3675011573941,2.));
#2930=CARTESIAN_POINT('',(-40.01,-20.3675011573941,0.));
#2931=CARTESIAN_POINT('',(-40.01,-20.3675011573941,0.));
#2932=CARTESIAN_POINT('Origin',(-38.26,-20.3675011573941,0.));
#2933=CARTESIAN_POINT('Origin',(-38.26,20.3675,0.));
#2934=CARTESIAN_POINT('',(-40.01,20.3675,2.));
#2935=CARTESIAN_POINT('Origin',(-38.26,20.3675,2.));
#2936=CARTESIAN_POINT('',(-40.01,20.3675,0.));
#2937=CARTESIAN_POINT('',(-40.01,20.3675,0.));
#2938=CARTESIAN_POINT('Origin',(-38.26,20.3675,0.));
#2939=CARTESIAN_POINT('Origin',(38.26,20.3675,0.));
#2940=CARTESIAN_POINT('',(36.51,20.3675,2.));
#2941=CARTESIAN_POINT('Origin',(38.26,20.3675,2.));
#2942=CARTESIAN_POINT('',(36.51,20.3675,0.));
#2943=CARTESIAN_POINT('',(36.51,20.3675,0.));
#2944=CARTESIAN_POINT('Origin',(38.26,20.3675,0.));
#2945=CARTESIAN_POINT('Origin',(38.2600018073936,0.000498842605858307,0.));
#2946=CARTESIAN_POINT('',(36.7350018073936,0.000498842605858121,2.));
#2947=CARTESIAN_POINT('Origin',(38.2600018073936,0.000498842605858307,2.));
#2948=CARTESIAN_POINT('',(36.7350018073936,0.000498842605858121,0.));
#2949=CARTESIAN_POINT('',(36.7350018073936,0.000498842605858121,0.));
#2950=CARTESIAN_POINT('Origin',(38.2600018073936,0.000498842605858307,0.));
#2951=CARTESIAN_POINT('Origin',(-38.26,0.000498842605853866,0.));
#2952=CARTESIAN_POINT('',(-39.785,0.00049884260585368,2.));
#2953=CARTESIAN_POINT('Origin',(-38.26,0.000498842605853866,2.));
#2954=CARTESIAN_POINT('',(-39.785,0.00049884260585368,0.));
#2955=CARTESIAN_POINT('',(-39.785,0.00049884260585368,0.));
#2956=CARTESIAN_POINT('Origin',(-38.26,0.000498842605853866,0.));
#2957=CARTESIAN_POINT('Origin',(-42.2600020072423,21.3675011573941,0.));
#2958=CARTESIAN_POINT('',(-42.2600020072423,-21.3675011573941,0.));
#2959=CARTESIAN_POINT('',(-42.2600020072423,21.3675011573941,0.));
#2960=CARTESIAN_POINT('',(-42.2600020072423,-21.3675011573941,0.));
#2961=CARTESIAN_POINT('',(-42.2600020072423,-21.3675011573941,2.));
#2962=CARTESIAN_POINT('',(-42.2600020072423,-21.3675011573941,0.));
#2963=CARTESIAN_POINT('',(-42.2600020072423,21.3675011573941,2.));
#2964=CARTESIAN_POINT('',(-42.2600020072423,-21.3675011573941,2.));
#2965=CARTESIAN_POINT('',(-42.2600020072423,21.3675011573941,0.));
#2966=CARTESIAN_POINT('Origin',(-39.2600020072423,21.3675011573942,0.));
#2967=CARTESIAN_POINT('',(-39.2600020072423,24.3675011573941,0.));
#2968=CARTESIAN_POINT('Origin',(-39.2600020072423,21.3675011573942,0.));
#2969=CARTESIAN_POINT('',(-39.2600020072423,24.3675011573941,2.));
#2970=CARTESIAN_POINT('Origin',(-39.2600020072423,21.3675011573942,2.));
#2971=CARTESIAN_POINT('',(-39.2600020072423,24.3675011573941,0.));
#2972=CARTESIAN_POINT('Origin',(39.2600020072423,24.3675011573941,0.));
#2973=CARTESIAN_POINT('',(39.2600020072423,24.3675011573941,0.));
#2974=CARTESIAN_POINT('',(-39.2600020072423,24.3675011573941,0.));
#2975=CARTESIAN_POINT('',(39.2600020072423,24.3675011573941,2.));
#2976=CARTESIAN_POINT('',(-39.2600020072423,24.3675011573941,2.));
#2977=CARTESIAN_POINT('',(39.2600020072423,24.3675011573941,0.));
#2978=CARTESIAN_POINT('Origin',(39.2600020072423,21.3675011573942,0.));
#2979=CARTESIAN_POINT('',(42.2600020072423,21.3675011573941,0.));
#2980=CARTESIAN_POINT('Origin',(39.2600020072423,21.3675011573942,0.));
#2981=CARTESIAN_POINT('',(42.2600020072423,21.3675011573941,2.));
#2982=CARTESIAN_POINT('Origin',(39.2600020072423,21.3675011573942,2.));
#2983=CARTESIAN_POINT('',(42.2600020072423,21.3675011573941,0.));
#2984=CARTESIAN_POINT('Origin',(42.2600020072423,-21.3675011573941,0.));
#2985=CARTESIAN_POINT('',(42.2600020072423,-21.3675011573941,0.));
#2986=CARTESIAN_POINT('',(42.2600020072423,21.3675011573941,0.));
#2987=CARTESIAN_POINT('',(42.2600020072423,-21.3675011573941,2.));
#2988=CARTESIAN_POINT('',(42.2600020072423,21.3675011573941,2.));
#2989=CARTESIAN_POINT('',(42.2600020072423,-21.3675011573941,0.));
#2990=CARTESIAN_POINT('Origin',(39.2600020072423,-21.3675011573942,0.));
#2991=CARTESIAN_POINT('',(39.2600020072423,-24.3675011573941,0.));
#2992=CARTESIAN_POINT('Origin',(39.2600020072423,-21.3675011573942,0.));
#2993=CARTESIAN_POINT('',(39.2600020072423,-24.3675011573941,2.));
#2994=CARTESIAN_POINT('Origin',(39.2600020072423,-21.3675011573942,2.));
#2995=CARTESIAN_POINT('',(39.2600020072423,-24.3675011573941,0.));
#2996=CARTESIAN_POINT('Origin',(-39.2600020072423,-24.3675011573941,0.));
#2997=CARTESIAN_POINT('',(-39.2600020072423,-24.3675011573941,0.));
#2998=CARTESIAN_POINT('',(39.2600020072423,-24.3675011573941,0.));
#2999=CARTESIAN_POINT('',(-39.2600020072423,-24.3675011573941,2.));
#3000=CARTESIAN_POINT('',(39.2600020072423,-24.3675011573941,2.));
#3001=CARTESIAN_POINT('',(-39.2600020072423,-24.3675011573941,0.));
#3002=CARTESIAN_POINT('Origin',(-39.2600020072423,-21.3675011573942,0.));
#3003=CARTESIAN_POINT('Origin',(-39.2600020072423,-21.3675011573942,0.));
#3004=CARTESIAN_POINT('Origin',(-39.2600020072423,-21.3675011573942,2.));
#3005=CARTESIAN_POINT('Origin',(0.,0.,2.));
#3006=CARTESIAN_POINT('Origin',(0.,0.,0.));
#3007=CARTESIAN_POINT('Origin',(38.2600020072423,-20.3675011574059,0.));
#3008=CARTESIAN_POINT('',(36.5100020072423,-20.3675011574059,2.));
#3009=CARTESIAN_POINT('Origin',(38.2600020072423,-20.3675011574059,2.));
#3010=CARTESIAN_POINT('',(36.5100020072423,-20.3675011574059,0.));
#3011=CARTESIAN_POINT('',(36.5100020072423,-20.3675011574059,0.));
#3012=CARTESIAN_POINT('Origin',(38.2600020072423,-20.3675011574059,0.));
#3013=CARTESIAN_POINT('Origin',(38.26,20.3675,0.));
#3014=CARTESIAN_POINT('',(36.51,20.3675,2.));
#3015=CARTESIAN_POINT('Origin',(38.26,20.3675,2.));
#3016=CARTESIAN_POINT('',(36.51,20.3675,0.));
#3017=CARTESIAN_POINT('',(36.51,20.3675,0.));
#3018=CARTESIAN_POINT('Origin',(38.26,20.3675,0.));
#3019=CARTESIAN_POINT('Origin',(-38.26,0.000498842605853866,0.));
#3020=CARTESIAN_POINT('',(-39.785,0.000498842605853866,2.));
#3021=CARTESIAN_POINT('Origin',(-38.26,0.000498842605853866,2.));
#3022=CARTESIAN_POINT('',(-39.785,0.00049884260585368,0.));
#3023=CARTESIAN_POINT('',(-39.785,0.00049884260585368,0.));
#3024=CARTESIAN_POINT('Origin',(-38.26,0.000498842605853866,0.));
#3025=CARTESIAN_POINT('Origin',(-38.26,20.3675,0.));
#3026=CARTESIAN_POINT('',(-40.01,20.3675,2.));
#3027=CARTESIAN_POINT('Origin',(-38.26,20.3675,2.));
#3028=CARTESIAN_POINT('',(-40.01,20.3675,0.));
#3029=CARTESIAN_POINT('',(-40.01,20.3675,0.));
#3030=CARTESIAN_POINT('Origin',(-38.26,20.3675,0.));
#3031=CARTESIAN_POINT('Origin',(38.2600018073936,0.000498842605858307,0.));
#3032=CARTESIAN_POINT('',(36.7350018073936,0.000498842605858307,2.));
#3033=CARTESIAN_POINT('Origin',(38.2600018073936,0.000498842605858307,2.));
#3034=CARTESIAN_POINT('',(36.7350018073936,0.000498842605858121,0.));
#3035=CARTESIAN_POINT('',(36.7350018073936,0.000498842605858121,0.));
#3036=CARTESIAN_POINT('Origin',(38.2600018073936,0.000498842605858307,0.));
#3037=CARTESIAN_POINT('Origin',(-38.26,-20.3675011573941,0.));
#3038=CARTESIAN_POINT('',(-40.01,-20.3675011573941,2.));
#3039=CARTESIAN_POINT('Origin',(-38.26,-20.3675011573941,2.));
#3040=CARTESIAN_POINT('',(-40.01,-20.3675011573941,0.));
#3041=CARTESIAN_POINT('',(-40.01,-20.3675011573941,0.));
#3042=CARTESIAN_POINT('Origin',(-38.26,-20.3675011573941,0.));
#3043=CARTESIAN_POINT('Origin',(-42.2600020072423,21.3675011573941,0.));
#3044=CARTESIAN_POINT('',(-42.2600020072423,-21.3675011573941,0.));
#3045=CARTESIAN_POINT('',(-42.2600020072423,21.3675011573941,0.));
#3046=CARTESIAN_POINT('',(-42.2600020072423,-21.3675011573941,0.));
#3047=CARTESIAN_POINT('',(-42.2600020072423,-21.3675011573941,2.));
#3048=CARTESIAN_POINT('',(-42.2600020072423,-21.3675011573941,0.));
#3049=CARTESIAN_POINT('',(-42.2600020072423,21.3675011573942,2.));
#3050=CARTESIAN_POINT('',(-42.2600020072423,-21.3675011573941,2.));
#3051=CARTESIAN_POINT('',(-42.2600020072423,21.3675011573941,0.));
#3052=CARTESIAN_POINT('Origin',(-39.2600020072423,21.3675011573942,0.));
#3053=CARTESIAN_POINT('',(-39.2600020072423,24.3675011573941,0.));
#3054=CARTESIAN_POINT('Origin',(-39.2600020072423,21.3675011573942,0.));
#3055=CARTESIAN_POINT('',(-39.2600020072423,24.3675011573941,2.));
#3056=CARTESIAN_POINT('Origin',(-39.2600020072423,21.3675011573942,2.));
#3057=CARTESIAN_POINT('',(-39.2600020072423,24.3675011573941,0.));
#3058=CARTESIAN_POINT('Origin',(39.2600020072423,24.3675011573941,0.));
#3059=CARTESIAN_POINT('',(39.2600020072423,24.3675011573941,0.));
#3060=CARTESIAN_POINT('',(-39.2600020072423,24.3675011573941,0.));
#3061=CARTESIAN_POINT('',(39.2600020072423,24.3675011573941,2.));
#3062=CARTESIAN_POINT('',(-39.2600020072423,24.3675011573941,2.));
#3063=CARTESIAN_POINT('',(39.2600020072423,24.3675011573941,0.));
#3064=CARTESIAN_POINT('Origin',(39.2600020072423,21.3675011573942,0.));
#3065=CARTESIAN_POINT('',(42.2600020072423,21.3675011573941,0.));
#3066=CARTESIAN_POINT('Origin',(39.2600020072423,21.3675011573942,0.));
#3067=CARTESIAN_POINT('',(42.2600020072423,21.3675011573942,2.));
#3068=CARTESIAN_POINT('Origin',(39.2600020072423,21.3675011573942,2.));
#3069=CARTESIAN_POINT('',(42.2600020072423,21.3675011573941,0.));
#3070=CARTESIAN_POINT('Origin',(42.2600020072423,-21.3675011573941,0.));
#3071=CARTESIAN_POINT('',(42.2600020072423,-21.3675011573941,0.));
#3072=CARTESIAN_POINT('',(42.2600020072423,21.3675011573941,0.));
#3073=CARTESIAN_POINT('',(42.2600020072423,-21.3675011573941,2.));
#3074=CARTESIAN_POINT('',(42.2600020072423,21.3675011573941,2.));
#3075=CARTESIAN_POINT('',(42.2600020072423,-21.3675011573941,0.));
#3076=CARTESIAN_POINT('Origin',(39.2600020072423,-21.3675011573942,0.));
#3077=CARTESIAN_POINT('',(39.2600020072423,-24.3675011573941,0.));
#3078=CARTESIAN_POINT('Origin',(39.2600020072423,-21.3675011573942,0.));
#3079=CARTESIAN_POINT('',(39.2600020072423,-24.3675011573941,2.));
#3080=CARTESIAN_POINT('Origin',(39.2600020072423,-21.3675011573942,2.));
#3081=CARTESIAN_POINT('',(39.2600020072423,-24.3675011573941,0.));
#3082=CARTESIAN_POINT('Origin',(-39.2600020072423,-24.3675011573941,0.));
#3083=CARTESIAN_POINT('',(-39.2600020072423,-24.3675011573941,0.));
#3084=CARTESIAN_POINT('',(39.2600020072423,-24.3675011573941,0.));
#3085=CARTESIAN_POINT('',(-39.2600020072423,-24.3675011573941,2.));
#3086=CARTESIAN_POINT('',(39.2600020072423,-24.3675011573941,2.));
#3087=CARTESIAN_POINT('',(-39.2600020072423,-24.3675011573941,0.));
#3088=CARTESIAN_POINT('Origin',(-39.2600020072423,-21.3675011573942,0.));
#3089=CARTESIAN_POINT('Origin',(-39.2600020072423,-21.3675011573942,0.));
#3090=CARTESIAN_POINT('Origin',(-39.2600020072423,-21.3675011573942,2.));
#3091=CARTESIAN_POINT('Origin',(0.,0.,2.));
#3092=CARTESIAN_POINT('Origin',(0.,0.,0.));
#3093=CARTESIAN_POINT('Origin',(38.2600020072423,-20.3675011574059,0.));
#3094=CARTESIAN_POINT('',(36.5100020072423,-20.3675011574059,2.));
#3095=CARTESIAN_POINT('Origin',(38.2600020072423,-20.3675011574059,2.));
#3096=CARTESIAN_POINT('',(36.5100020072423,-20.3675011574059,0.));
#3097=CARTESIAN_POINT('',(36.5100020072423,-20.3675011574059,0.));
#3098=CARTESIAN_POINT('Origin',(38.2600020072423,-20.3675011574059,0.));
#3099=CARTESIAN_POINT('Origin',(-38.26,0.000498842605853866,0.));
#3100=CARTESIAN_POINT('',(-39.785,0.000498842605853866,2.));
#3101=CARTESIAN_POINT('Origin',(-38.26,0.000498842605853866,2.));
#3102=CARTESIAN_POINT('',(-39.785,0.00049884260585368,0.));
#3103=CARTESIAN_POINT('',(-39.785,0.00049884260585368,0.));
#3104=CARTESIAN_POINT('Origin',(-38.26,0.000498842605853866,0.));
#3105=CARTESIAN_POINT('Origin',(38.26,20.3675,0.));
#3106=CARTESIAN_POINT('',(36.51,20.3675,2.));
#3107=CARTESIAN_POINT('Origin',(38.26,20.3675,2.));
#3108=CARTESIAN_POINT('',(36.51,20.3675,0.));
#3109=CARTESIAN_POINT('',(36.51,20.3675,0.));
#3110=CARTESIAN_POINT('Origin',(38.26,20.3675,0.));
#3111=CARTESIAN_POINT('Origin',(-38.26,20.3675,0.));
#3112=CARTESIAN_POINT('',(-40.01,20.3675,2.));
#3113=CARTESIAN_POINT('Origin',(-38.26,20.3675,2.));
#3114=CARTESIAN_POINT('',(-40.01,20.3675,0.));
#3115=CARTESIAN_POINT('',(-40.01,20.3675,0.));
#3116=CARTESIAN_POINT('Origin',(-38.26,20.3675,0.));
#3117=CARTESIAN_POINT('Origin',(38.2600018073936,0.000498842605858307,0.));
#3118=CARTESIAN_POINT('',(36.7350018073936,0.000498842605858307,2.));
#3119=CARTESIAN_POINT('Origin',(38.2600018073936,0.000498842605858307,2.));
#3120=CARTESIAN_POINT('',(36.7350018073936,0.000498842605858121,0.));
#3121=CARTESIAN_POINT('',(36.7350018073936,0.000498842605858121,0.));
#3122=CARTESIAN_POINT('Origin',(38.2600018073936,0.000498842605858307,0.));
#3123=CARTESIAN_POINT('Origin',(-38.26,-20.3675011573941,0.));
#3124=CARTESIAN_POINT('',(-40.01,-20.3675011573941,2.));
#3125=CARTESIAN_POINT('Origin',(-38.26,-20.3675011573941,2.));
#3126=CARTESIAN_POINT('',(-40.01,-20.3675011573941,0.));
#3127=CARTESIAN_POINT('',(-40.01,-20.3675011573941,0.));
#3128=CARTESIAN_POINT('Origin',(-38.26,-20.3675011573941,0.));
#3129=CARTESIAN_POINT('Origin',(-42.2600020072423,21.3675011573941,0.));
#3130=CARTESIAN_POINT('',(-42.2600020072423,-21.3675011573941,0.));
#3131=CARTESIAN_POINT('',(-42.2600020072423,21.3675011573941,0.));
#3132=CARTESIAN_POINT('',(-42.2600020072423,-21.3675011573941,0.));
#3133=CARTESIAN_POINT('',(-42.2600020072423,-21.3675011573941,2.));
#3134=CARTESIAN_POINT('',(-42.2600020072423,-21.3675011573941,0.));
#3135=CARTESIAN_POINT('',(-42.2600020072423,21.3675011573942,2.));
#3136=CARTESIAN_POINT('',(-42.2600020072423,-21.3675011573941,2.));
#3137=CARTESIAN_POINT('',(-42.2600020072423,21.3675011573941,0.));
#3138=CARTESIAN_POINT('Origin',(-39.2600020072423,21.3675011573942,0.));
#3139=CARTESIAN_POINT('',(-39.2600020072423,24.3675011573941,0.));
#3140=CARTESIAN_POINT('Origin',(-39.2600020072423,21.3675011573942,0.));
#3141=CARTESIAN_POINT('',(-39.2600020072423,24.3675011573941,2.));
#3142=CARTESIAN_POINT('Origin',(-39.2600020072423,21.3675011573942,2.));
#3143=CARTESIAN_POINT('',(-39.2600020072423,24.3675011573941,0.));
#3144=CARTESIAN_POINT('Origin',(39.2600020072423,24.3675011573941,0.));
#3145=CARTESIAN_POINT('',(39.2600020072423,24.3675011573941,0.));
#3146=CARTESIAN_POINT('',(-39.2600020072423,24.3675011573941,0.));
#3147=CARTESIAN_POINT('',(39.2600020072423,24.3675011573941,2.));
#3148=CARTESIAN_POINT('',(-39.2600020072423,24.3675011573941,2.));
#3149=CARTESIAN_POINT('',(39.2600020072423,24.3675011573941,0.));
#3150=CARTESIAN_POINT('Origin',(39.2600020072423,21.3675011573942,0.));
#3151=CARTESIAN_POINT('',(42.2600020072423,21.3675011573941,0.));
#3152=CARTESIAN_POINT('Origin',(39.2600020072423,21.3675011573942,0.));
#3153=CARTESIAN_POINT('',(42.2600020072423,21.3675011573942,2.));
#3154=CARTESIAN_POINT('Origin',(39.2600020072423,21.3675011573942,2.));
#3155=CARTESIAN_POINT('',(42.2600020072423,21.3675011573941,0.));
#3156=CARTESIAN_POINT('Origin',(42.2600020072423,-21.3675011573941,0.));
#3157=CARTESIAN_POINT('',(42.2600020072423,-21.3675011573941,0.));
#3158=CARTESIAN_POINT('',(42.2600020072423,21.3675011573941,0.));
#3159=CARTESIAN_POINT('',(42.2600020072423,-21.3675011573941,2.));
#3160=CARTESIAN_POINT('',(42.2600020072423,21.3675011573941,2.));
#3161=CARTESIAN_POINT('',(42.2600020072423,-21.3675011573941,0.));
#3162=CARTESIAN_POINT('Origin',(39.2600020072423,-21.3675011573942,0.));
#3163=CARTESIAN_POINT('',(39.2600020072423,-24.3675011573941,0.));
#3164=CARTESIAN_POINT('Origin',(39.2600020072423,-21.3675011573942,0.));
#3165=CARTESIAN_POINT('',(39.2600020072423,-24.3675011573941,2.));
#3166=CARTESIAN_POINT('Origin',(39.2600020072423,-21.3675011573942,2.));
#3167=CARTESIAN_POINT('',(39.2600020072423,-24.3675011573941,0.));
#3168=CARTESIAN_POINT('Origin',(-39.2600020072423,-24.3675011573941,0.));
#3169=CARTESIAN_POINT('',(-39.2600020072423,-24.3675011573941,0.));
#3170=CARTESIAN_POINT('',(39.2600020072423,-24.3675011573941,0.));
#3171=CARTESIAN_POINT('',(-39.2600020072423,-24.3675011573941,2.));
#3172=CARTESIAN_POINT('',(39.2600020072423,-24.3675011573941,2.));
#3173=CARTESIAN_POINT('',(-39.2600020072423,-24.3675011573941,0.));
#3174=CARTESIAN_POINT('Origin',(-39.2600020072423,-21.3675011573942,0.));
#3175=CARTESIAN_POINT('Origin',(-39.2600020072423,-21.3675011573942,0.));
#3176=CARTESIAN_POINT('Origin',(-39.2600020072423,-21.3675011573942,2.));
#3177=CARTESIAN_POINT('Origin',(0.,0.,2.));
#3178=CARTESIAN_POINT('Origin',(0.,0.,0.));
#3179=UNCERTAINTY_MEASURE_WITH_UNIT(LENGTH_MEASURE(0.01),#3183,
'DISTANCE_ACCURACY_VALUE',
'Maximum model space distance between geometric entities at asserted c
onnectivities');
#3180=UNCERTAINTY_MEASURE_WITH_UNIT(LENGTH_MEASURE(0.01),#3183,
'DISTANCE_ACCURACY_VALUE',
'Maximum model space distance between geometric entities at asserted c
onnectivities');
#3181=(
GEOMETRIC_REPRESENTATION_CONTEXT(3)
GLOBAL_UNCERTAINTY_ASSIGNED_CONTEXT((#3179))
GLOBAL_UNIT_ASSIGNED_CONTEXT((#3183,#3185,#3186))
REPRESENTATION_CONTEXT('','3D')
);
#3182=(
GEOMETRIC_REPRESENTATION_CONTEXT(3)
GLOBAL_UNCERTAINTY_ASSIGNED_CONTEXT((#3180))
GLOBAL_UNIT_ASSIGNED_CONTEXT((#3183,#3185,#3186))
REPRESENTATION_CONTEXT('','3D')
);
#3183=(
LENGTH_UNIT()
NAMED_UNIT(*)
SI_UNIT(.MILLI.,.METRE.)
);
#3184=(
LENGTH_UNIT()
NAMED_UNIT(*)
SI_UNIT($,.METRE.)
);
#3185=(
NAMED_UNIT(*)
PLANE_ANGLE_UNIT()
SI_UNIT($,.RADIAN.)
);
#3186=(
NAMED_UNIT(*)
SI_UNIT($,.STERADIAN.)
SOLID_ANGLE_UNIT()
);
#3187=SHAPE_DEFINITION_REPRESENTATION(#3188,#3189);
#3188=PRODUCT_DEFINITION_SHAPE('',$,#3191);
#3189=SHAPE_REPRESENTATION('',(#1879),#3181);
#3190=PRODUCT_DEFINITION_CONTEXT('part definition',#3195,'design');
#3191=PRODUCT_DEFINITION('2026-09-20-15-42-52-633','Hayai Bottom plate',
#3192,#3190);
#3192=PRODUCT_DEFINITION_FORMATION('',$,#3197);
#3193=PRODUCT_RELATED_PRODUCT_CATEGORY('Hayai Bottom plate',
'Hayai Bottom plate',(#3197));
#3194=APPLICATION_PROTOCOL_DEFINITION('international standard',
'automotive_design',2009,#3195);
#3195=APPLICATION_CONTEXT(
'Core Data for Automotive Mechanical Design Process');
#3196=PRODUCT_CONTEXT('part definition',#3195,'mechanical');
#3197=PRODUCT('2026-09-20-15-42-52-633','Hayai Bottom plate',$,(#3196));
#3198=PRESENTATION_STYLE_ASSIGNMENT((#3199));
#3199=SURFACE_STYLE_USAGE(.BOTH.,#3200);
#3200=SURFACE_SIDE_STYLE('',(#3201));
#3201=SURFACE_STYLE_FILL_AREA(#3202);
#3202=FILL_AREA_STYLE('Steel - Satin',(#3203));
#3203=FILL_AREA_STYLE_COLOUR('Steel - Satin',#3204);
#3204=COLOUR_RGB('Steel - Satin',0.627450980392157,0.627450980392157,0.627450980392157);
ENDSEC;
END-ISO-10303-21;
