ISO-10303-21;
HEADER;
/* Generated by software containing ST-Developer
 * from STEP Tools, Inc. (www.steptools.com) 
 */

FILE_DESCRIPTION(
/* description */ (''),
/* implementation_level */ '2;1');

FILE_NAME(
/* name */ 'Hayai Top plate.step',
/* time_stamp */ '2026-09-20T22:37:08+02:00',
/* author */ (''),
/* organization */ (''),
/* preprocessor_version */ 'ST-DEVELOPER v20.2',
/* originating_system */ 'Autodesk Translation Framework v15.15.0.0',
/* authorisation */ '');

FILE_SCHEMA (('AUTOMOTIVE_DESIGN { 1 0 10303 214 3 1 1 }'));
ENDSEC;

DATA;
#10=MECHANICAL_DESIGN_GEOMETRIC_PRESENTATION_REPRESENTATION('',(#13,#14,
#15,#16),#5396);
#11=SHAPE_REPRESENTATION_RELATIONSHIP('SRR','None',#5403,#12);
#12=ADVANCED_BREP_SHAPE_REPRESENTATION('',(#17,#18,#19,#20),#5395);
#13=STYLED_ITEM('',(#5412),#17);
#14=STYLED_ITEM('',(#5412),#18);
#15=STYLED_ITEM('',(#5412),#19);
#16=STYLED_ITEM('',(#5412),#20);
#17=MANIFOLD_SOLID_BREP('Body1',#3357);
#18=MANIFOLD_SOLID_BREP('Body2',#3358);
#19=MANIFOLD_SOLID_BREP('Body3',#3359);
#20=MANIFOLD_SOLID_BREP('Body4',#3360);
#21=FACE_BOUND('',#436,.T.);
#22=FACE_BOUND('',#437,.T.);
#23=FACE_BOUND('',#438,.T.);
#24=FACE_BOUND('',#439,.T.);
#25=FACE_BOUND('',#440,.T.);
#26=FACE_BOUND('',#441,.T.);
#27=FACE_BOUND('',#442,.T.);
#28=FACE_BOUND('',#443,.T.);
#29=FACE_BOUND('',#444,.T.);
#30=FACE_BOUND('',#445,.T.);
#31=FACE_BOUND('',#446,.T.);
#32=FACE_BOUND('',#447,.T.);
#33=FACE_BOUND('',#449,.T.);
#34=FACE_BOUND('',#450,.T.);
#35=FACE_BOUND('',#451,.T.);
#36=FACE_BOUND('',#452,.T.);
#37=FACE_BOUND('',#453,.T.);
#38=FACE_BOUND('',#454,.T.);
#39=FACE_BOUND('',#455,.T.);
#40=FACE_BOUND('',#456,.T.);
#41=FACE_BOUND('',#457,.T.);
#42=FACE_BOUND('',#458,.T.);
#43=FACE_BOUND('',#459,.T.);
#44=FACE_BOUND('',#460,.T.);
#45=FACE_BOUND('',#500,.T.);
#46=FACE_BOUND('',#501,.T.);
#47=FACE_BOUND('',#502,.T.);
#48=FACE_BOUND('',#503,.T.);
#49=FACE_BOUND('',#504,.T.);
#50=FACE_BOUND('',#505,.T.);
#51=FACE_BOUND('',#506,.T.);
#52=FACE_BOUND('',#507,.T.);
#53=FACE_BOUND('',#508,.T.);
#54=FACE_BOUND('',#509,.T.);
#55=FACE_BOUND('',#510,.T.);
#56=FACE_BOUND('',#511,.T.);
#57=FACE_BOUND('',#513,.T.);
#58=FACE_BOUND('',#514,.T.);
#59=FACE_BOUND('',#515,.T.);
#60=FACE_BOUND('',#516,.T.);
#61=FACE_BOUND('',#517,.T.);
#62=FACE_BOUND('',#518,.T.);
#63=FACE_BOUND('',#519,.T.);
#64=FACE_BOUND('',#520,.T.);
#65=FACE_BOUND('',#521,.T.);
#66=FACE_BOUND('',#522,.T.);
#67=FACE_BOUND('',#523,.T.);
#68=FACE_BOUND('',#524,.T.);
#69=FACE_BOUND('',#564,.T.);
#70=FACE_BOUND('',#565,.T.);
#71=FACE_BOUND('',#566,.T.);
#72=FACE_BOUND('',#567,.T.);
#73=FACE_BOUND('',#568,.T.);
#74=FACE_BOUND('',#569,.T.);
#75=FACE_BOUND('',#570,.T.);
#76=FACE_BOUND('',#571,.T.);
#77=FACE_BOUND('',#572,.T.);
#78=FACE_BOUND('',#573,.T.);
#79=FACE_BOUND('',#574,.T.);
#80=FACE_BOUND('',#575,.T.);
#81=FACE_BOUND('',#577,.T.);
#82=FACE_BOUND('',#578,.T.);
#83=FACE_BOUND('',#579,.T.);
#84=FACE_BOUND('',#580,.T.);
#85=FACE_BOUND('',#581,.T.);
#86=FACE_BOUND('',#582,.T.);
#87=FACE_BOUND('',#583,.T.);
#88=FACE_BOUND('',#584,.T.);
#89=FACE_BOUND('',#585,.T.);
#90=FACE_BOUND('',#586,.T.);
#91=FACE_BOUND('',#587,.T.);
#92=FACE_BOUND('',#588,.T.);
#93=FACE_BOUND('',#628,.T.);
#94=FACE_BOUND('',#629,.T.);
#95=FACE_BOUND('',#630,.T.);
#96=FACE_BOUND('',#631,.T.);
#97=FACE_BOUND('',#632,.T.);
#98=FACE_BOUND('',#633,.T.);
#99=FACE_BOUND('',#634,.T.);
#100=FACE_BOUND('',#635,.T.);
#101=FACE_BOUND('',#636,.T.);
#102=FACE_BOUND('',#637,.T.);
#103=FACE_BOUND('',#638,.T.);
#104=FACE_BOUND('',#639,.T.);
#105=FACE_BOUND('',#641,.T.);
#106=FACE_BOUND('',#642,.T.);
#107=FACE_BOUND('',#643,.T.);
#108=FACE_BOUND('',#644,.T.);
#109=FACE_BOUND('',#645,.T.);
#110=FACE_BOUND('',#646,.T.);
#111=FACE_BOUND('',#647,.T.);
#112=FACE_BOUND('',#648,.T.);
#113=FACE_BOUND('',#649,.T.);
#114=FACE_BOUND('',#650,.T.);
#115=FACE_BOUND('',#651,.T.);
#116=FACE_BOUND('',#652,.T.);
#117=PLANE('',#3377);
#118=PLANE('',#3378);
#119=PLANE('',#3379);
#120=PLANE('',#3380);
#121=PLANE('',#3381);
#122=PLANE('',#3382);
#123=PLANE('',#3383);
#124=PLANE('',#3384);
#125=PLANE('',#3391);
#126=PLANE('',#3392);
#127=PLANE('',#3393);
#128=PLANE('',#3394);
#129=PLANE('',#3398);
#130=PLANE('',#3399);
#131=PLANE('',#3400);
#132=PLANE('',#3401);
#133=PLANE('',#3408);
#134=PLANE('',#3409);
#135=PLANE('',#3410);
#136=PLANE('',#3411);
#137=PLANE('',#3412);
#138=PLANE('',#3413);
#139=PLANE('',#3414);
#140=PLANE('',#3415);
#141=PLANE('',#3416);
#142=PLANE('',#3420);
#143=PLANE('',#3424);
#144=PLANE('',#3428);
#145=PLANE('',#3432);
#146=PLANE('',#3433);
#147=PLANE('',#3440);
#148=PLANE('',#3441);
#149=PLANE('',#3442);
#150=PLANE('',#3443);
#151=PLANE('',#3444);
#152=PLANE('',#3445);
#153=PLANE('',#3446);
#154=PLANE('',#3447);
#155=PLANE('',#3448);
#156=PLANE('',#3449);
#157=PLANE('',#3450);
#158=PLANE('',#3451);
#159=PLANE('',#3452);
#160=PLANE('',#3453);
#161=PLANE('',#3454);
#162=PLANE('',#3455);
#163=PLANE('',#3456);
#164=PLANE('',#3457);
#165=PLANE('',#3458);
#166=PLANE('',#3459);
#167=PLANE('',#3460);
#168=PLANE('',#3461);
#169=PLANE('',#3462);
#170=PLANE('',#3463);
#171=PLANE('',#3476);
#172=PLANE('',#3480);
#173=PLANE('',#3484);
#174=PLANE('',#3488);
#175=PLANE('',#3492);
#176=PLANE('',#3493);
#177=PLANE('',#3506);
#178=PLANE('',#3507);
#179=PLANE('',#3508);
#180=PLANE('',#3509);
#181=PLANE('',#3510);
#182=PLANE('',#3511);
#183=PLANE('',#3512);
#184=PLANE('',#3513);
#185=PLANE('',#3514);
#186=PLANE('',#3515);
#187=PLANE('',#3516);
#188=PLANE('',#3517);
#189=PLANE('',#3518);
#190=PLANE('',#3519);
#191=PLANE('',#3520);
#192=PLANE('',#3521);
#193=PLANE('',#3522);
#194=PLANE('',#3523);
#195=PLANE('',#3524);
#196=PLANE('',#3525);
#197=PLANE('',#3526);
#198=PLANE('',#3527);
#199=PLANE('',#3528);
#200=PLANE('',#3529);
#201=PLANE('',#3536);
#202=PLANE('',#3540);
#203=PLANE('',#3544);
#204=PLANE('',#3548);
#205=PLANE('',#3552);
#206=PLANE('',#3553);
#207=PLANE('',#3554);
#208=PLANE('',#3555);
#209=PLANE('',#3556);
#210=PLANE('',#3557);
#211=PLANE('',#3564);
#212=PLANE('',#3565);
#213=PLANE('',#3566);
#214=PLANE('',#3567);
#215=PLANE('',#3568);
#216=PLANE('',#3569);
#217=PLANE('',#3570);
#218=PLANE('',#3571);
#219=PLANE('',#3575);
#220=PLANE('',#3576);
#221=PLANE('',#3577);
#222=PLANE('',#3578);
#223=PLANE('',#3579);
#224=PLANE('',#3580);
#225=PLANE('',#3581);
#226=PLANE('',#3582);
#227=PLANE('',#3586);
#228=PLANE('',#3587);
#229=PLANE('',#3588);
#230=PLANE('',#3589);
#231=PLANE('',#3596);
#232=PLANE('',#3600);
#233=PLANE('',#3604);
#234=PLANE('',#3608);
#235=PLANE('',#3612);
#236=PLANE('',#3613);
#237=FACE_OUTER_BOUND('',#397,.T.);
#238=FACE_OUTER_BOUND('',#398,.T.);
#239=FACE_OUTER_BOUND('',#399,.T.);
#240=FACE_OUTER_BOUND('',#400,.T.);
#241=FACE_OUTER_BOUND('',#401,.T.);
#242=FACE_OUTER_BOUND('',#402,.T.);
#243=FACE_OUTER_BOUND('',#403,.T.);
#244=FACE_OUTER_BOUND('',#404,.T.);
#245=FACE_OUTER_BOUND('',#405,.T.);
#246=FACE_OUTER_BOUND('',#406,.T.);
#247=FACE_OUTER_BOUND('',#407,.T.);
#248=FACE_OUTER_BOUND('',#408,.T.);
#249=FACE_OUTER_BOUND('',#409,.T.);
#250=FACE_OUTER_BOUND('',#410,.T.);
#251=FACE_OUTER_BOUND('',#411,.T.);
#252=FACE_OUTER_BOUND('',#412,.T.);
#253=FACE_OUTER_BOUND('',#413,.T.);
#254=FACE_OUTER_BOUND('',#414,.T.);
#255=FACE_OUTER_BOUND('',#415,.T.);
#256=FACE_OUTER_BOUND('',#416,.T.);
#257=FACE_OUTER_BOUND('',#417,.T.);
#258=FACE_OUTER_BOUND('',#418,.T.);
#259=FACE_OUTER_BOUND('',#419,.T.);
#260=FACE_OUTER_BOUND('',#420,.T.);
#261=FACE_OUTER_BOUND('',#421,.T.);
#262=FACE_OUTER_BOUND('',#422,.T.);
#263=FACE_OUTER_BOUND('',#423,.T.);
#264=FACE_OUTER_BOUND('',#424,.T.);
#265=FACE_OUTER_BOUND('',#425,.T.);
#266=FACE_OUTER_BOUND('',#426,.T.);
#267=FACE_OUTER_BOUND('',#427,.T.);
#268=FACE_OUTER_BOUND('',#428,.T.);
#269=FACE_OUTER_BOUND('',#429,.T.);
#270=FACE_OUTER_BOUND('',#430,.T.);
#271=FACE_OUTER_BOUND('',#431,.T.);
#272=FACE_OUTER_BOUND('',#432,.T.);
#273=FACE_OUTER_BOUND('',#433,.T.);
#274=FACE_OUTER_BOUND('',#434,.T.);
#275=FACE_OUTER_BOUND('',#435,.T.);
#276=FACE_OUTER_BOUND('',#448,.T.);
#277=FACE_OUTER_BOUND('',#461,.T.);
#278=FACE_OUTER_BOUND('',#462,.T.);
#279=FACE_OUTER_BOUND('',#463,.T.);
#280=FACE_OUTER_BOUND('',#464,.T.);
#281=FACE_OUTER_BOUND('',#465,.T.);
#282=FACE_OUTER_BOUND('',#466,.T.);
#283=FACE_OUTER_BOUND('',#467,.T.);
#284=FACE_OUTER_BOUND('',#468,.T.);
#285=FACE_OUTER_BOUND('',#469,.T.);
#286=FACE_OUTER_BOUND('',#470,.T.);
#287=FACE_OUTER_BOUND('',#471,.T.);
#288=FACE_OUTER_BOUND('',#472,.T.);
#289=FACE_OUTER_BOUND('',#473,.T.);
#290=FACE_OUTER_BOUND('',#474,.T.);
#291=FACE_OUTER_BOUND('',#475,.T.);
#292=FACE_OUTER_BOUND('',#476,.T.);
#293=FACE_OUTER_BOUND('',#477,.T.);
#294=FACE_OUTER_BOUND('',#478,.T.);
#295=FACE_OUTER_BOUND('',#479,.T.);
#296=FACE_OUTER_BOUND('',#480,.T.);
#297=FACE_OUTER_BOUND('',#481,.T.);
#298=FACE_OUTER_BOUND('',#482,.T.);
#299=FACE_OUTER_BOUND('',#483,.T.);
#300=FACE_OUTER_BOUND('',#484,.T.);
#301=FACE_OUTER_BOUND('',#485,.T.);
#302=FACE_OUTER_BOUND('',#486,.T.);
#303=FACE_OUTER_BOUND('',#487,.T.);
#304=FACE_OUTER_BOUND('',#488,.T.);
#305=FACE_OUTER_BOUND('',#489,.T.);
#306=FACE_OUTER_BOUND('',#490,.T.);
#307=FACE_OUTER_BOUND('',#491,.T.);
#308=FACE_OUTER_BOUND('',#492,.T.);
#309=FACE_OUTER_BOUND('',#493,.T.);
#310=FACE_OUTER_BOUND('',#494,.T.);
#311=FACE_OUTER_BOUND('',#495,.T.);
#312=FACE_OUTER_BOUND('',#496,.T.);
#313=FACE_OUTER_BOUND('',#497,.T.);
#314=FACE_OUTER_BOUND('',#498,.T.);
#315=FACE_OUTER_BOUND('',#499,.T.);
#316=FACE_OUTER_BOUND('',#512,.T.);
#317=FACE_OUTER_BOUND('',#525,.T.);
#318=FACE_OUTER_BOUND('',#526,.T.);
#319=FACE_OUTER_BOUND('',#527,.T.);
#320=FACE_OUTER_BOUND('',#528,.T.);
#321=FACE_OUTER_BOUND('',#529,.T.);
#322=FACE_OUTER_BOUND('',#530,.T.);
#323=FACE_OUTER_BOUND('',#531,.T.);
#324=FACE_OUTER_BOUND('',#532,.T.);
#325=FACE_OUTER_BOUND('',#533,.T.);
#326=FACE_OUTER_BOUND('',#534,.T.);
#327=FACE_OUTER_BOUND('',#535,.T.);
#328=FACE_OUTER_BOUND('',#536,.T.);
#329=FACE_OUTER_BOUND('',#537,.T.);
#330=FACE_OUTER_BOUND('',#538,.T.);
#331=FACE_OUTER_BOUND('',#539,.T.);
#332=FACE_OUTER_BOUND('',#540,.T.);
#333=FACE_OUTER_BOUND('',#541,.T.);
#334=FACE_OUTER_BOUND('',#542,.T.);
#335=FACE_OUTER_BOUND('',#543,.T.);
#336=FACE_OUTER_BOUND('',#544,.T.);
#337=FACE_OUTER_BOUND('',#545,.T.);
#338=FACE_OUTER_BOUND('',#546,.T.);
#339=FACE_OUTER_BOUND('',#547,.T.);
#340=FACE_OUTER_BOUND('',#548,.T.);
#341=FACE_OUTER_BOUND('',#549,.T.);
#342=FACE_OUTER_BOUND('',#550,.T.);
#343=FACE_OUTER_BOUND('',#551,.T.);
#344=FACE_OUTER_BOUND('',#552,.T.);
#345=FACE_OUTER_BOUND('',#553,.T.);
#346=FACE_OUTER_BOUND('',#554,.T.);
#347=FACE_OUTER_BOUND('',#555,.T.);
#348=FACE_OUTER_BOUND('',#556,.T.);
#349=FACE_OUTER_BOUND('',#557,.T.);
#350=FACE_OUTER_BOUND('',#558,.T.);
#351=FACE_OUTER_BOUND('',#559,.T.);
#352=FACE_OUTER_BOUND('',#560,.T.);
#353=FACE_OUTER_BOUND('',#561,.T.);
#354=FACE_OUTER_BOUND('',#562,.T.);
#355=FACE_OUTER_BOUND('',#563,.T.);
#356=FACE_OUTER_BOUND('',#576,.T.);
#357=FACE_OUTER_BOUND('',#589,.T.);
#358=FACE_OUTER_BOUND('',#590,.T.);
#359=FACE_OUTER_BOUND('',#591,.T.);
#360=FACE_OUTER_BOUND('',#592,.T.);
#361=FACE_OUTER_BOUND('',#593,.T.);
#362=FACE_OUTER_BOUND('',#594,.T.);
#363=FACE_OUTER_BOUND('',#595,.T.);
#364=FACE_OUTER_BOUND('',#596,.T.);
#365=FACE_OUTER_BOUND('',#597,.T.);
#366=FACE_OUTER_BOUND('',#598,.T.);
#367=FACE_OUTER_BOUND('',#599,.T.);
#368=FACE_OUTER_BOUND('',#600,.T.);
#369=FACE_OUTER_BOUND('',#601,.T.);
#370=FACE_OUTER_BOUND('',#602,.T.);
#371=FACE_OUTER_BOUND('',#603,.T.);
#372=FACE_OUTER_BOUND('',#604,.T.);
#373=FACE_OUTER_BOUND('',#605,.T.);
#374=FACE_OUTER_BOUND('',#606,.T.);
#375=FACE_OUTER_BOUND('',#607,.T.);
#376=FACE_OUTER_BOUND('',#608,.T.);
#377=FACE_OUTER_BOUND('',#609,.T.);
#378=FACE_OUTER_BOUND('',#610,.T.);
#379=FACE_OUTER_BOUND('',#611,.T.);
#380=FACE_OUTER_BOUND('',#612,.T.);
#381=FACE_OUTER_BOUND('',#613,.T.);
#382=FACE_OUTER_BOUND('',#614,.T.);
#383=FACE_OUTER_BOUND('',#615,.T.);
#384=FACE_OUTER_BOUND('',#616,.T.);
#385=FACE_OUTER_BOUND('',#617,.T.);
#386=FACE_OUTER_BOUND('',#618,.T.);
#387=FACE_OUTER_BOUND('',#619,.T.);
#388=FACE_OUTER_BOUND('',#620,.T.);
#389=FACE_OUTER_BOUND('',#621,.T.);
#390=FACE_OUTER_BOUND('',#622,.T.);
#391=FACE_OUTER_BOUND('',#623,.T.);
#392=FACE_OUTER_BOUND('',#624,.T.);
#393=FACE_OUTER_BOUND('',#625,.T.);
#394=FACE_OUTER_BOUND('',#626,.T.);
#395=FACE_OUTER_BOUND('',#627,.T.);
#396=FACE_OUTER_BOUND('',#640,.T.);
#397=EDGE_LOOP('',(#2245,#2246,#2247,#2248));
#398=EDGE_LOOP('',(#2249,#2250,#2251,#2252));
#399=EDGE_LOOP('',(#2253,#2254,#2255,#2256));
#400=EDGE_LOOP('',(#2257,#2258,#2259,#2260));
#401=EDGE_LOOP('',(#2261,#2262,#2263,#2264));
#402=EDGE_LOOP('',(#2265,#2266,#2267,#2268));
#403=EDGE_LOOP('',(#2269,#2270,#2271,#2272));
#404=EDGE_LOOP('',(#2273,#2274,#2275,#2276));
#405=EDGE_LOOP('',(#2277,#2278,#2279,#2280));
#406=EDGE_LOOP('',(#2281,#2282,#2283,#2284));
#407=EDGE_LOOP('',(#2285,#2286,#2287,#2288));
#408=EDGE_LOOP('',(#2289,#2290,#2291,#2292));
#409=EDGE_LOOP('',(#2293,#2294,#2295,#2296));
#410=EDGE_LOOP('',(#2297,#2298,#2299,#2300));
#411=EDGE_LOOP('',(#2301,#2302,#2303,#2304));
#412=EDGE_LOOP('',(#2305,#2306,#2307,#2308));
#413=EDGE_LOOP('',(#2309,#2310,#2311,#2312));
#414=EDGE_LOOP('',(#2313,#2314,#2315,#2316));
#415=EDGE_LOOP('',(#2317,#2318,#2319,#2320));
#416=EDGE_LOOP('',(#2321,#2322,#2323,#2324));
#417=EDGE_LOOP('',(#2325,#2326,#2327,#2328));
#418=EDGE_LOOP('',(#2329,#2330,#2331,#2332));
#419=EDGE_LOOP('',(#2333,#2334,#2335,#2336));
#420=EDGE_LOOP('',(#2337,#2338,#2339,#2340));
#421=EDGE_LOOP('',(#2341,#2342,#2343,#2344));
#422=EDGE_LOOP('',(#2345,#2346,#2347,#2348));
#423=EDGE_LOOP('',(#2349,#2350,#2351,#2352));
#424=EDGE_LOOP('',(#2353,#2354,#2355,#2356));
#425=EDGE_LOOP('',(#2357,#2358,#2359,#2360));
#426=EDGE_LOOP('',(#2361,#2362,#2363,#2364));
#427=EDGE_LOOP('',(#2365,#2366,#2367,#2368));
#428=EDGE_LOOP('',(#2369,#2370,#2371,#2372));
#429=EDGE_LOOP('',(#2373,#2374,#2375,#2376));
#430=EDGE_LOOP('',(#2377,#2378,#2379,#2380));
#431=EDGE_LOOP('',(#2381,#2382,#2383,#2384));
#432=EDGE_LOOP('',(#2385,#2386,#2387,#2388));
#433=EDGE_LOOP('',(#2389,#2390,#2391,#2392));
#434=EDGE_LOOP('',(#2393,#2394,#2395,#2396));
#435=EDGE_LOOP('',(#2397,#2398,#2399,#2400,#2401,#2402,#2403,#2404));
#436=EDGE_LOOP('',(#2405,#2406,#2407,#2408));
#437=EDGE_LOOP('',(#2409,#2410,#2411,#2412));
#438=EDGE_LOOP('',(#2413));
#439=EDGE_LOOP('',(#2414));
#440=EDGE_LOOP('',(#2415,#2416,#2417,#2418));
#441=EDGE_LOOP('',(#2419));
#442=EDGE_LOOP('',(#2420,#2421,#2422,#2423));
#443=EDGE_LOOP('',(#2424));
#444=EDGE_LOOP('',(#2425));
#445=EDGE_LOOP('',(#2426,#2427,#2428,#2429));
#446=EDGE_LOOP('',(#2430,#2431,#2432,#2433));
#447=EDGE_LOOP('',(#2434));
#448=EDGE_LOOP('',(#2435,#2436,#2437,#2438,#2439,#2440,#2441,#2442));
#449=EDGE_LOOP('',(#2443,#2444,#2445,#2446));
#450=EDGE_LOOP('',(#2447,#2448,#2449,#2450));
#451=EDGE_LOOP('',(#2451));
#452=EDGE_LOOP('',(#2452));
#453=EDGE_LOOP('',(#2453,#2454,#2455,#2456));
#454=EDGE_LOOP('',(#2457));
#455=EDGE_LOOP('',(#2458,#2459,#2460,#2461));
#456=EDGE_LOOP('',(#2462));
#457=EDGE_LOOP('',(#2463));
#458=EDGE_LOOP('',(#2464,#2465,#2466,#2467));
#459=EDGE_LOOP('',(#2468,#2469,#2470,#2471));
#460=EDGE_LOOP('',(#2472));
#461=EDGE_LOOP('',(#2473,#2474,#2475,#2476));
#462=EDGE_LOOP('',(#2477,#2478,#2479,#2480));
#463=EDGE_LOOP('',(#2481,#2482,#2483,#2484));
#464=EDGE_LOOP('',(#2485,#2486,#2487,#2488));
#465=EDGE_LOOP('',(#2489,#2490,#2491,#2492));
#466=EDGE_LOOP('',(#2493,#2494,#2495,#2496));
#467=EDGE_LOOP('',(#2497,#2498,#2499,#2500));
#468=EDGE_LOOP('',(#2501,#2502,#2503,#2504));
#469=EDGE_LOOP('',(#2505,#2506,#2507,#2508));
#470=EDGE_LOOP('',(#2509,#2510,#2511,#2512));
#471=EDGE_LOOP('',(#2513,#2514,#2515,#2516));
#472=EDGE_LOOP('',(#2517,#2518,#2519,#2520));
#473=EDGE_LOOP('',(#2521,#2522,#2523,#2524));
#474=EDGE_LOOP('',(#2525,#2526,#2527,#2528));
#475=EDGE_LOOP('',(#2529,#2530,#2531,#2532));
#476=EDGE_LOOP('',(#2533,#2534,#2535,#2536));
#477=EDGE_LOOP('',(#2537,#2538,#2539,#2540));
#478=EDGE_LOOP('',(#2541,#2542,#2543,#2544));
#479=EDGE_LOOP('',(#2545,#2546,#2547,#2548));
#480=EDGE_LOOP('',(#2549,#2550,#2551,#2552));
#481=EDGE_LOOP('',(#2553,#2554,#2555,#2556));
#482=EDGE_LOOP('',(#2557,#2558,#2559,#2560));
#483=EDGE_LOOP('',(#2561,#2562,#2563,#2564));
#484=EDGE_LOOP('',(#2565,#2566,#2567,#2568));
#485=EDGE_LOOP('',(#2569,#2570,#2571,#2572));
#486=EDGE_LOOP('',(#2573,#2574,#2575,#2576));
#487=EDGE_LOOP('',(#2577,#2578,#2579,#2580));
#488=EDGE_LOOP('',(#2581,#2582,#2583,#2584));
#489=EDGE_LOOP('',(#2585,#2586,#2587,#2588));
#490=EDGE_LOOP('',(#2589,#2590,#2591,#2592));
#491=EDGE_LOOP('',(#2593,#2594,#2595,#2596));
#492=EDGE_LOOP('',(#2597,#2598,#2599,#2600));
#493=EDGE_LOOP('',(#2601,#2602,#2603,#2604));
#494=EDGE_LOOP('',(#2605,#2606,#2607,#2608));
#495=EDGE_LOOP('',(#2609,#2610,#2611,#2612));
#496=EDGE_LOOP('',(#2613,#2614,#2615,#2616));
#497=EDGE_LOOP('',(#2617,#2618,#2619,#2620));
#498=EDGE_LOOP('',(#2621,#2622,#2623,#2624));
#499=EDGE_LOOP('',(#2625,#2626,#2627,#2628,#2629,#2630,#2631,#2632));
#500=EDGE_LOOP('',(#2633));
#501=EDGE_LOOP('',(#2634));
#502=EDGE_LOOP('',(#2635));
#503=EDGE_LOOP('',(#2636));
#504=EDGE_LOOP('',(#2637,#2638,#2639,#2640));
#505=EDGE_LOOP('',(#2641,#2642,#2643,#2644));
#506=EDGE_LOOP('',(#2645,#2646,#2647,#2648));
#507=EDGE_LOOP('',(#2649,#2650,#2651,#2652));
#508=EDGE_LOOP('',(#2653,#2654,#2655,#2656));
#509=EDGE_LOOP('',(#2657,#2658,#2659,#2660));
#510=EDGE_LOOP('',(#2661));
#511=EDGE_LOOP('',(#2662));
#512=EDGE_LOOP('',(#2663,#2664,#2665,#2666,#2667,#2668,#2669,#2670));
#513=EDGE_LOOP('',(#2671));
#514=EDGE_LOOP('',(#2672));
#515=EDGE_LOOP('',(#2673));
#516=EDGE_LOOP('',(#2674));
#517=EDGE_LOOP('',(#2675,#2676,#2677,#2678));
#518=EDGE_LOOP('',(#2679,#2680,#2681,#2682));
#519=EDGE_LOOP('',(#2683,#2684,#2685,#2686));
#520=EDGE_LOOP('',(#2687,#2688,#2689,#2690));
#521=EDGE_LOOP('',(#2691,#2692,#2693,#2694));
#522=EDGE_LOOP('',(#2695,#2696,#2697,#2698));
#523=EDGE_LOOP('',(#2699));
#524=EDGE_LOOP('',(#2700));
#525=EDGE_LOOP('',(#2701,#2702,#2703,#2704));
#526=EDGE_LOOP('',(#2705,#2706,#2707,#2708));
#527=EDGE_LOOP('',(#2709,#2710,#2711,#2712));
#528=EDGE_LOOP('',(#2713,#2714,#2715,#2716));
#529=EDGE_LOOP('',(#2717,#2718,#2719,#2720));
#530=EDGE_LOOP('',(#2721,#2722,#2723,#2724));
#531=EDGE_LOOP('',(#2725,#2726,#2727,#2728));
#532=EDGE_LOOP('',(#2729,#2730,#2731,#2732));
#533=EDGE_LOOP('',(#2733,#2734,#2735,#2736));
#534=EDGE_LOOP('',(#2737,#2738,#2739,#2740));
#535=EDGE_LOOP('',(#2741,#2742,#2743,#2744));
#536=EDGE_LOOP('',(#2745,#2746,#2747,#2748));
#537=EDGE_LOOP('',(#2749,#2750,#2751,#2752));
#538=EDGE_LOOP('',(#2753,#2754,#2755,#2756));
#539=EDGE_LOOP('',(#2757,#2758,#2759,#2760));
#540=EDGE_LOOP('',(#2761,#2762,#2763,#2764));
#541=EDGE_LOOP('',(#2765,#2766,#2767,#2768));
#542=EDGE_LOOP('',(#2769,#2770,#2771,#2772));
#543=EDGE_LOOP('',(#2773,#2774,#2775,#2776));
#544=EDGE_LOOP('',(#2777,#2778,#2779,#2780));
#545=EDGE_LOOP('',(#2781,#2782,#2783,#2784));
#546=EDGE_LOOP('',(#2785,#2786,#2787,#2788));
#547=EDGE_LOOP('',(#2789,#2790,#2791,#2792));
#548=EDGE_LOOP('',(#2793,#2794,#2795,#2796));
#549=EDGE_LOOP('',(#2797,#2798,#2799,#2800));
#550=EDGE_LOOP('',(#2801,#2802,#2803,#2804));
#551=EDGE_LOOP('',(#2805,#2806,#2807,#2808));
#552=EDGE_LOOP('',(#2809,#2810,#2811,#2812));
#553=EDGE_LOOP('',(#2813,#2814,#2815,#2816));
#554=EDGE_LOOP('',(#2817,#2818,#2819,#2820));
#555=EDGE_LOOP('',(#2821,#2822,#2823,#2824));
#556=EDGE_LOOP('',(#2825,#2826,#2827,#2828));
#557=EDGE_LOOP('',(#2829,#2830,#2831,#2832));
#558=EDGE_LOOP('',(#2833,#2834,#2835,#2836));
#559=EDGE_LOOP('',(#2837,#2838,#2839,#2840));
#560=EDGE_LOOP('',(#2841,#2842,#2843,#2844));
#561=EDGE_LOOP('',(#2845,#2846,#2847,#2848));
#562=EDGE_LOOP('',(#2849,#2850,#2851,#2852));
#563=EDGE_LOOP('',(#2853,#2854,#2855,#2856,#2857,#2858,#2859,#2860));
#564=EDGE_LOOP('',(#2861));
#565=EDGE_LOOP('',(#2862));
#566=EDGE_LOOP('',(#2863,#2864,#2865,#2866));
#567=EDGE_LOOP('',(#2867,#2868,#2869,#2870));
#568=EDGE_LOOP('',(#2871,#2872,#2873,#2874));
#569=EDGE_LOOP('',(#2875,#2876,#2877,#2878));
#570=EDGE_LOOP('',(#2879,#2880,#2881,#2882));
#571=EDGE_LOOP('',(#2883,#2884,#2885,#2886));
#572=EDGE_LOOP('',(#2887));
#573=EDGE_LOOP('',(#2888));
#574=EDGE_LOOP('',(#2889));
#575=EDGE_LOOP('',(#2890));
#576=EDGE_LOOP('',(#2891,#2892,#2893,#2894,#2895,#2896,#2897,#2898));
#577=EDGE_LOOP('',(#2899));
#578=EDGE_LOOP('',(#2900));
#579=EDGE_LOOP('',(#2901,#2902,#2903,#2904));
#580=EDGE_LOOP('',(#2905,#2906,#2907,#2908));
#581=EDGE_LOOP('',(#2909,#2910,#2911,#2912));
#582=EDGE_LOOP('',(#2913,#2914,#2915,#2916));
#583=EDGE_LOOP('',(#2917,#2918,#2919,#2920));
#584=EDGE_LOOP('',(#2921,#2922,#2923,#2924));
#585=EDGE_LOOP('',(#2925));
#586=EDGE_LOOP('',(#2926));
#587=EDGE_LOOP('',(#2927));
#588=EDGE_LOOP('',(#2928));
#589=EDGE_LOOP('',(#2929,#2930,#2931,#2932));
#590=EDGE_LOOP('',(#2933,#2934,#2935,#2936));
#591=EDGE_LOOP('',(#2937,#2938,#2939,#2940));
#592=EDGE_LOOP('',(#2941,#2942,#2943,#2944));
#593=EDGE_LOOP('',(#2945,#2946,#2947,#2948));
#594=EDGE_LOOP('',(#2949,#2950,#2951,#2952));
#595=EDGE_LOOP('',(#2953,#2954,#2955,#2956));
#596=EDGE_LOOP('',(#2957,#2958,#2959,#2960));
#597=EDGE_LOOP('',(#2961,#2962,#2963,#2964));
#598=EDGE_LOOP('',(#2965,#2966,#2967,#2968));
#599=EDGE_LOOP('',(#2969,#2970,#2971,#2972));
#600=EDGE_LOOP('',(#2973,#2974,#2975,#2976));
#601=EDGE_LOOP('',(#2977,#2978,#2979,#2980));
#602=EDGE_LOOP('',(#2981,#2982,#2983,#2984));
#603=EDGE_LOOP('',(#2985,#2986,#2987,#2988));
#604=EDGE_LOOP('',(#2989,#2990,#2991,#2992));
#605=EDGE_LOOP('',(#2993,#2994,#2995,#2996));
#606=EDGE_LOOP('',(#2997,#2998,#2999,#3000));
#607=EDGE_LOOP('',(#3001,#3002,#3003,#3004));
#608=EDGE_LOOP('',(#3005,#3006,#3007,#3008));
#609=EDGE_LOOP('',(#3009,#3010,#3011,#3012));
#610=EDGE_LOOP('',(#3013,#3014,#3015,#3016));
#611=EDGE_LOOP('',(#3017,#3018,#3019,#3020));
#612=EDGE_LOOP('',(#3021,#3022,#3023,#3024));
#613=EDGE_LOOP('',(#3025,#3026,#3027,#3028));
#614=EDGE_LOOP('',(#3029,#3030,#3031,#3032));
#615=EDGE_LOOP('',(#3033,#3034,#3035,#3036));
#616=EDGE_LOOP('',(#3037,#3038,#3039,#3040));
#617=EDGE_LOOP('',(#3041,#3042,#3043,#3044));
#618=EDGE_LOOP('',(#3045,#3046,#3047,#3048));
#619=EDGE_LOOP('',(#3049,#3050,#3051,#3052));
#620=EDGE_LOOP('',(#3053,#3054,#3055,#3056));
#621=EDGE_LOOP('',(#3057,#3058,#3059,#3060));
#622=EDGE_LOOP('',(#3061,#3062,#3063,#3064));
#623=EDGE_LOOP('',(#3065,#3066,#3067,#3068));
#624=EDGE_LOOP('',(#3069,#3070,#3071,#3072));
#625=EDGE_LOOP('',(#3073,#3074,#3075,#3076));
#626=EDGE_LOOP('',(#3077,#3078,#3079,#3080));
#627=EDGE_LOOP('',(#3081,#3082,#3083,#3084,#3085,#3086,#3087,#3088));
#628=EDGE_LOOP('',(#3089));
#629=EDGE_LOOP('',(#3090));
#630=EDGE_LOOP('',(#3091,#3092,#3093,#3094));
#631=EDGE_LOOP('',(#3095));
#632=EDGE_LOOP('',(#3096,#3097,#3098,#3099));
#633=EDGE_LOOP('',(#3100,#3101,#3102,#3103));
#634=EDGE_LOOP('',(#3104));
#635=EDGE_LOOP('',(#3105,#3106,#3107,#3108));
#636=EDGE_LOOP('',(#3109,#3110,#3111,#3112));
#637=EDGE_LOOP('',(#3113));
#638=EDGE_LOOP('',(#3114));
#639=EDGE_LOOP('',(#3115,#3116,#3117,#3118));
#640=EDGE_LOOP('',(#3119,#3120,#3121,#3122,#3123,#3124,#3125,#3126));
#641=EDGE_LOOP('',(#3127));
#642=EDGE_LOOP('',(#3128));
#643=EDGE_LOOP('',(#3129,#3130,#3131,#3132));
#644=EDGE_LOOP('',(#3133));
#645=EDGE_LOOP('',(#3134,#3135,#3136,#3137));
#646=EDGE_LOOP('',(#3138,#3139,#3140,#3141));
#647=EDGE_LOOP('',(#3142));
#648=EDGE_LOOP('',(#3143,#3144,#3145,#3146));
#649=EDGE_LOOP('',(#3147,#3148,#3149,#3150));
#650=EDGE_LOOP('',(#3151));
#651=EDGE_LOOP('',(#3152));
#652=EDGE_LOOP('',(#3153,#3154,#3155,#3156));
#653=LINE('',#4477,#1029);
#654=LINE('',#4482,#1030);
#655=LINE('',#4484,#1031);
#656=LINE('',#4486,#1032);
#657=LINE('',#4487,#1033);
#658=LINE('',#4490,#1034);
#659=LINE('',#4492,#1035);
#660=LINE('',#4493,#1036);
#661=LINE('',#4496,#1037);
#662=LINE('',#4498,#1038);
#663=LINE('',#4499,#1039);
#664=LINE('',#4501,#1040);
#665=LINE('',#4502,#1041);
#666=LINE('',#4506,#1042);
#667=LINE('',#4508,#1043);
#668=LINE('',#4510,#1044);
#669=LINE('',#4511,#1045);
#670=LINE('',#4514,#1046);
#671=LINE('',#4516,#1047);
#672=LINE('',#4517,#1048);
#673=LINE('',#4520,#1049);
#674=LINE('',#4522,#1050);
#675=LINE('',#4523,#1051);
#676=LINE('',#4525,#1052);
#677=LINE('',#4526,#1053);
#678=LINE('',#4531,#1054);
#679=LINE('',#4537,#1055);
#680=LINE('',#4542,#1056);
#681=LINE('',#4544,#1057);
#682=LINE('',#4546,#1058);
#683=LINE('',#4547,#1059);
#684=LINE('',#4550,#1060);
#685=LINE('',#4552,#1061);
#686=LINE('',#4553,#1062);
#687=LINE('',#4556,#1063);
#688=LINE('',#4558,#1064);
#689=LINE('',#4559,#1065);
#690=LINE('',#4561,#1066);
#691=LINE('',#4562,#1067);
#692=LINE('',#4567,#1068);
#693=LINE('',#4572,#1069);
#694=LINE('',#4574,#1070);
#695=LINE('',#4576,#1071);
#696=LINE('',#4577,#1072);
#697=LINE('',#4580,#1073);
#698=LINE('',#4582,#1074);
#699=LINE('',#4583,#1075);
#700=LINE('',#4586,#1076);
#701=LINE('',#4588,#1077);
#702=LINE('',#4589,#1078);
#703=LINE('',#4591,#1079);
#704=LINE('',#4592,#1080);
#705=LINE('',#4597,#1081);
#706=LINE('',#4603,#1082);
#707=LINE('',#4608,#1083);
#708=LINE('',#4610,#1084);
#709=LINE('',#4612,#1085);
#710=LINE('',#4613,#1086);
#711=LINE('',#4616,#1087);
#712=LINE('',#4618,#1088);
#713=LINE('',#4619,#1089);
#714=LINE('',#4622,#1090);
#715=LINE('',#4624,#1091);
#716=LINE('',#4625,#1092);
#717=LINE('',#4627,#1093);
#718=LINE('',#4628,#1094);
#719=LINE('',#4632,#1095);
#720=LINE('',#4634,#1096);
#721=LINE('',#4636,#1097);
#722=LINE('',#4637,#1098);
#723=LINE('',#4640,#1099);
#724=LINE('',#4642,#1100);
#725=LINE('',#4643,#1101);
#726=LINE('',#4646,#1102);
#727=LINE('',#4648,#1103);
#728=LINE('',#4649,#1104);
#729=LINE('',#4651,#1105);
#730=LINE('',#4652,#1106);
#731=LINE('',#4656,#1107);
#732=LINE('',#4658,#1108);
#733=LINE('',#4660,#1109);
#734=LINE('',#4661,#1110);
#735=LINE('',#4667,#1111);
#736=LINE('',#4670,#1112);
#737=LINE('',#4672,#1113);
#738=LINE('',#4673,#1114);
#739=LINE('',#4679,#1115);
#740=LINE('',#4682,#1116);
#741=LINE('',#4684,#1117);
#742=LINE('',#4685,#1118);
#743=LINE('',#4691,#1119);
#744=LINE('',#4694,#1120);
#745=LINE('',#4696,#1121);
#746=LINE('',#4697,#1122);
#747=LINE('',#4707,#1123);
#748=LINE('',#4713,#1124);
#749=LINE('',#4718,#1125);
#750=LINE('',#4720,#1126);
#751=LINE('',#4722,#1127);
#752=LINE('',#4723,#1128);
#753=LINE('',#4726,#1129);
#754=LINE('',#4728,#1130);
#755=LINE('',#4729,#1131);
#756=LINE('',#4732,#1132);
#757=LINE('',#4734,#1133);
#758=LINE('',#4735,#1134);
#759=LINE('',#4737,#1135);
#760=LINE('',#4738,#1136);
#761=LINE('',#4742,#1137);
#762=LINE('',#4744,#1138);
#763=LINE('',#4746,#1139);
#764=LINE('',#4747,#1140);
#765=LINE('',#4750,#1141);
#766=LINE('',#4752,#1142);
#767=LINE('',#4753,#1143);
#768=LINE('',#4756,#1144);
#769=LINE('',#4758,#1145);
#770=LINE('',#4759,#1146);
#771=LINE('',#4761,#1147);
#772=LINE('',#4762,#1148);
#773=LINE('',#4766,#1149);
#774=LINE('',#4768,#1150);
#775=LINE('',#4770,#1151);
#776=LINE('',#4771,#1152);
#777=LINE('',#4774,#1153);
#778=LINE('',#4776,#1154);
#779=LINE('',#4777,#1155);
#780=LINE('',#4780,#1156);
#781=LINE('',#4782,#1157);
#782=LINE('',#4783,#1158);
#783=LINE('',#4785,#1159);
#784=LINE('',#4786,#1160);
#785=LINE('',#4790,#1161);
#786=LINE('',#4792,#1162);
#787=LINE('',#4794,#1163);
#788=LINE('',#4795,#1164);
#789=LINE('',#4798,#1165);
#790=LINE('',#4800,#1166);
#791=LINE('',#4801,#1167);
#792=LINE('',#4804,#1168);
#793=LINE('',#4806,#1169);
#794=LINE('',#4807,#1170);
#795=LINE('',#4809,#1171);
#796=LINE('',#4810,#1172);
#797=LINE('',#4814,#1173);
#798=LINE('',#4816,#1174);
#799=LINE('',#4818,#1175);
#800=LINE('',#4819,#1176);
#801=LINE('',#4822,#1177);
#802=LINE('',#4824,#1178);
#803=LINE('',#4825,#1179);
#804=LINE('',#4828,#1180);
#805=LINE('',#4830,#1181);
#806=LINE('',#4831,#1182);
#807=LINE('',#4833,#1183);
#808=LINE('',#4834,#1184);
#809=LINE('',#4838,#1185);
#810=LINE('',#4840,#1186);
#811=LINE('',#4842,#1187);
#812=LINE('',#4843,#1188);
#813=LINE('',#4846,#1189);
#814=LINE('',#4848,#1190);
#815=LINE('',#4849,#1191);
#816=LINE('',#4852,#1192);
#817=LINE('',#4854,#1193);
#818=LINE('',#4855,#1194);
#819=LINE('',#4857,#1195);
#820=LINE('',#4858,#1196);
#821=LINE('',#4863,#1197);
#822=LINE('',#4869,#1198);
#823=LINE('',#4875,#1199);
#824=LINE('',#4881,#1200);
#825=LINE('',#4886,#1201);
#826=LINE('',#4888,#1202);
#827=LINE('',#4890,#1203);
#828=LINE('',#4891,#1204);
#829=LINE('',#4897,#1205);
#830=LINE('',#4900,#1206);
#831=LINE('',#4902,#1207);
#832=LINE('',#4903,#1208);
#833=LINE('',#4909,#1209);
#834=LINE('',#4912,#1210);
#835=LINE('',#4914,#1211);
#836=LINE('',#4915,#1212);
#837=LINE('',#4921,#1213);
#838=LINE('',#4924,#1214);
#839=LINE('',#4926,#1215);
#840=LINE('',#4927,#1216);
#841=LINE('',#4937,#1217);
#842=LINE('',#4943,#1218);
#843=LINE('',#4949,#1219);
#844=LINE('',#4955,#1220);
#845=LINE('',#4960,#1221);
#846=LINE('',#4962,#1222);
#847=LINE('',#4964,#1223);
#848=LINE('',#4965,#1224);
#849=LINE('',#4968,#1225);
#850=LINE('',#4970,#1226);
#851=LINE('',#4971,#1227);
#852=LINE('',#4974,#1228);
#853=LINE('',#4976,#1229);
#854=LINE('',#4977,#1230);
#855=LINE('',#4979,#1231);
#856=LINE('',#4980,#1232);
#857=LINE('',#4984,#1233);
#858=LINE('',#4986,#1234);
#859=LINE('',#4988,#1235);
#860=LINE('',#4989,#1236);
#861=LINE('',#4992,#1237);
#862=LINE('',#4994,#1238);
#863=LINE('',#4995,#1239);
#864=LINE('',#4998,#1240);
#865=LINE('',#5000,#1241);
#866=LINE('',#5001,#1242);
#867=LINE('',#5003,#1243);
#868=LINE('',#5004,#1244);
#869=LINE('',#5008,#1245);
#870=LINE('',#5010,#1246);
#871=LINE('',#5012,#1247);
#872=LINE('',#5013,#1248);
#873=LINE('',#5016,#1249);
#874=LINE('',#5018,#1250);
#875=LINE('',#5019,#1251);
#876=LINE('',#5022,#1252);
#877=LINE('',#5024,#1253);
#878=LINE('',#5025,#1254);
#879=LINE('',#5027,#1255);
#880=LINE('',#5028,#1256);
#881=LINE('',#5032,#1257);
#882=LINE('',#5034,#1258);
#883=LINE('',#5036,#1259);
#884=LINE('',#5037,#1260);
#885=LINE('',#5040,#1261);
#886=LINE('',#5042,#1262);
#887=LINE('',#5043,#1263);
#888=LINE('',#5046,#1264);
#889=LINE('',#5048,#1265);
#890=LINE('',#5049,#1266);
#891=LINE('',#5051,#1267);
#892=LINE('',#5052,#1268);
#893=LINE('',#5056,#1269);
#894=LINE('',#5058,#1270);
#895=LINE('',#5060,#1271);
#896=LINE('',#5061,#1272);
#897=LINE('',#5064,#1273);
#898=LINE('',#5066,#1274);
#899=LINE('',#5067,#1275);
#900=LINE('',#5070,#1276);
#901=LINE('',#5072,#1277);
#902=LINE('',#5073,#1278);
#903=LINE('',#5075,#1279);
#904=LINE('',#5076,#1280);
#905=LINE('',#5080,#1281);
#906=LINE('',#5082,#1282);
#907=LINE('',#5084,#1283);
#908=LINE('',#5085,#1284);
#909=LINE('',#5088,#1285);
#910=LINE('',#5090,#1286);
#911=LINE('',#5091,#1287);
#912=LINE('',#5094,#1288);
#913=LINE('',#5096,#1289);
#914=LINE('',#5097,#1290);
#915=LINE('',#5099,#1291);
#916=LINE('',#5100,#1292);
#917=LINE('',#5105,#1293);
#918=LINE('',#5111,#1294);
#919=LINE('',#5116,#1295);
#920=LINE('',#5118,#1296);
#921=LINE('',#5120,#1297);
#922=LINE('',#5121,#1298);
#923=LINE('',#5127,#1299);
#924=LINE('',#5130,#1300);
#925=LINE('',#5132,#1301);
#926=LINE('',#5133,#1302);
#927=LINE('',#5139,#1303);
#928=LINE('',#5142,#1304);
#929=LINE('',#5144,#1305);
#930=LINE('',#5145,#1306);
#931=LINE('',#5151,#1307);
#932=LINE('',#5154,#1308);
#933=LINE('',#5156,#1309);
#934=LINE('',#5157,#1310);
#935=LINE('',#5166,#1311);
#936=LINE('',#5168,#1312);
#937=LINE('',#5170,#1313);
#938=LINE('',#5171,#1314);
#939=LINE('',#5174,#1315);
#940=LINE('',#5176,#1316);
#941=LINE('',#5177,#1317);
#942=LINE('',#5180,#1318);
#943=LINE('',#5182,#1319);
#944=LINE('',#5183,#1320);
#945=LINE('',#5185,#1321);
#946=LINE('',#5186,#1322);
#947=LINE('',#5191,#1323);
#948=LINE('',#5197,#1324);
#949=LINE('',#5202,#1325);
#950=LINE('',#5204,#1326);
#951=LINE('',#5206,#1327);
#952=LINE('',#5207,#1328);
#953=LINE('',#5210,#1329);
#954=LINE('',#5212,#1330);
#955=LINE('',#5213,#1331);
#956=LINE('',#5216,#1332);
#957=LINE('',#5218,#1333);
#958=LINE('',#5219,#1334);
#959=LINE('',#5221,#1335);
#960=LINE('',#5222,#1336);
#961=LINE('',#5226,#1337);
#962=LINE('',#5228,#1338);
#963=LINE('',#5230,#1339);
#964=LINE('',#5231,#1340);
#965=LINE('',#5234,#1341);
#966=LINE('',#5236,#1342);
#967=LINE('',#5237,#1343);
#968=LINE('',#5240,#1344);
#969=LINE('',#5242,#1345);
#970=LINE('',#5243,#1346);
#971=LINE('',#5245,#1347);
#972=LINE('',#5246,#1348);
#973=LINE('',#5251,#1349);
#974=LINE('',#5256,#1350);
#975=LINE('',#5258,#1351);
#976=LINE('',#5260,#1352);
#977=LINE('',#5261,#1353);
#978=LINE('',#5264,#1354);
#979=LINE('',#5266,#1355);
#980=LINE('',#5267,#1356);
#981=LINE('',#5270,#1357);
#982=LINE('',#5272,#1358);
#983=LINE('',#5273,#1359);
#984=LINE('',#5275,#1360);
#985=LINE('',#5276,#1361);
#986=LINE('',#5280,#1362);
#987=LINE('',#5282,#1363);
#988=LINE('',#5284,#1364);
#989=LINE('',#5285,#1365);
#990=LINE('',#5288,#1366);
#991=LINE('',#5290,#1367);
#992=LINE('',#5291,#1368);
#993=LINE('',#5294,#1369);
#994=LINE('',#5296,#1370);
#995=LINE('',#5297,#1371);
#996=LINE('',#5299,#1372);
#997=LINE('',#5300,#1373);
#998=LINE('',#5305,#1374);
#999=LINE('',#5310,#1375);
#1000=LINE('',#5312,#1376);
#1001=LINE('',#5314,#1377);
#1002=LINE('',#5315,#1378);
#1003=LINE('',#5318,#1379);
#1004=LINE('',#5320,#1380);
#1005=LINE('',#5321,#1381);
#1006=LINE('',#5324,#1382);
#1007=LINE('',#5326,#1383);
#1008=LINE('',#5327,#1384);
#1009=LINE('',#5329,#1385);
#1010=LINE('',#5330,#1386);
#1011=LINE('',#5335,#1387);
#1012=LINE('',#5341,#1388);
#1013=LINE('',#5346,#1389);
#1014=LINE('',#5348,#1390);
#1015=LINE('',#5350,#1391);
#1016=LINE('',#5351,#1392);
#1017=LINE('',#5357,#1393);
#1018=LINE('',#5360,#1394);
#1019=LINE('',#5362,#1395);
#1020=LINE('',#5363,#1396);
#1021=LINE('',#5369,#1397);
#1022=LINE('',#5372,#1398);
#1023=LINE('',#5374,#1399);
#1024=LINE('',#5375,#1400);
#1025=LINE('',#5381,#1401);
#1026=LINE('',#5384,#1402);
#1027=LINE('',#5386,#1403);
#1028=LINE('',#5387,#1404);
#1029=VECTOR('',#3620,1.6);
#1030=VECTOR('',#3625,10.);
#1031=VECTOR('',#3626,10.);
#1032=VECTOR('',#3627,10.);
#1033=VECTOR('',#3628,10.);
#1034=VECTOR('',#3631,10.);
#1035=VECTOR('',#3632,10.);
#1036=VECTOR('',#3633,10.);
#1037=VECTOR('',#3636,10.);
#1038=VECTOR('',#3637,10.);
#1039=VECTOR('',#3638,10.);
#1040=VECTOR('',#3641,10.);
#1041=VECTOR('',#3642,10.);
#1042=VECTOR('',#3645,10.);
#1043=VECTOR('',#3646,10.);
#1044=VECTOR('',#3647,10.);
#1045=VECTOR('',#3648,10.);
#1046=VECTOR('',#3651,10.);
#1047=VECTOR('',#3652,10.);
#1048=VECTOR('',#3653,10.);
#1049=VECTOR('',#3656,10.);
#1050=VECTOR('',#3657,10.);
#1051=VECTOR('',#3658,10.);
#1052=VECTOR('',#3661,10.);
#1053=VECTOR('',#3662,10.);
#1054=VECTOR('',#3667,1.6);
#1055=VECTOR('',#3674,1.6);
#1056=VECTOR('',#3679,10.);
#1057=VECTOR('',#3680,10.);
#1058=VECTOR('',#3681,10.);
#1059=VECTOR('',#3682,10.);
#1060=VECTOR('',#3685,10.);
#1061=VECTOR('',#3686,10.);
#1062=VECTOR('',#3687,10.);
#1063=VECTOR('',#3690,10.);
#1064=VECTOR('',#3691,10.);
#1065=VECTOR('',#3692,10.);
#1066=VECTOR('',#3695,10.);
#1067=VECTOR('',#3696,10.);
#1068=VECTOR('',#3701,1.6);
#1069=VECTOR('',#3706,10.);
#1070=VECTOR('',#3707,10.);
#1071=VECTOR('',#3708,10.);
#1072=VECTOR('',#3709,10.);
#1073=VECTOR('',#3712,10.);
#1074=VECTOR('',#3713,10.);
#1075=VECTOR('',#3714,10.);
#1076=VECTOR('',#3717,10.);
#1077=VECTOR('',#3718,10.);
#1078=VECTOR('',#3719,10.);
#1079=VECTOR('',#3722,10.);
#1080=VECTOR('',#3723,10.);
#1081=VECTOR('',#3728,1.6);
#1082=VECTOR('',#3735,1.6);
#1083=VECTOR('',#3740,10.);
#1084=VECTOR('',#3741,10.);
#1085=VECTOR('',#3742,10.);
#1086=VECTOR('',#3743,10.);
#1087=VECTOR('',#3746,10.);
#1088=VECTOR('',#3747,10.);
#1089=VECTOR('',#3748,10.);
#1090=VECTOR('',#3751,10.);
#1091=VECTOR('',#3752,10.);
#1092=VECTOR('',#3753,10.);
#1093=VECTOR('',#3756,10.);
#1094=VECTOR('',#3757,10.);
#1095=VECTOR('',#3760,10.);
#1096=VECTOR('',#3761,10.);
#1097=VECTOR('',#3762,10.);
#1098=VECTOR('',#3763,10.);
#1099=VECTOR('',#3766,10.);
#1100=VECTOR('',#3767,10.);
#1101=VECTOR('',#3768,10.);
#1102=VECTOR('',#3771,10.);
#1103=VECTOR('',#3772,10.);
#1104=VECTOR('',#3773,10.);
#1105=VECTOR('',#3776,10.);
#1106=VECTOR('',#3777,10.);
#1107=VECTOR('',#3780,10.);
#1108=VECTOR('',#3781,10.);
#1109=VECTOR('',#3782,10.);
#1110=VECTOR('',#3783,10.);
#1111=VECTOR('',#3790,10.);
#1112=VECTOR('',#3793,10.);
#1113=VECTOR('',#3794,10.);
#1114=VECTOR('',#3795,10.);
#1115=VECTOR('',#3802,10.);
#1116=VECTOR('',#3805,10.);
#1117=VECTOR('',#3806,10.);
#1118=VECTOR('',#3807,10.);
#1119=VECTOR('',#3814,10.);
#1120=VECTOR('',#3817,10.);
#1121=VECTOR('',#3818,10.);
#1122=VECTOR('',#3819,10.);
#1123=VECTOR('',#3834,1.6);
#1124=VECTOR('',#3841,1.6);
#1125=VECTOR('',#3846,10.);
#1126=VECTOR('',#3847,10.);
#1127=VECTOR('',#3848,10.);
#1128=VECTOR('',#3849,10.);
#1129=VECTOR('',#3852,10.);
#1130=VECTOR('',#3853,10.);
#1131=VECTOR('',#3854,10.);
#1132=VECTOR('',#3857,10.);
#1133=VECTOR('',#3858,10.);
#1134=VECTOR('',#3859,10.);
#1135=VECTOR('',#3862,10.);
#1136=VECTOR('',#3863,10.);
#1137=VECTOR('',#3866,10.);
#1138=VECTOR('',#3867,10.);
#1139=VECTOR('',#3868,10.);
#1140=VECTOR('',#3869,10.);
#1141=VECTOR('',#3872,10.);
#1142=VECTOR('',#3873,10.);
#1143=VECTOR('',#3874,10.);
#1144=VECTOR('',#3877,10.);
#1145=VECTOR('',#3878,10.);
#1146=VECTOR('',#3879,10.);
#1147=VECTOR('',#3882,10.);
#1148=VECTOR('',#3883,10.);
#1149=VECTOR('',#3886,10.);
#1150=VECTOR('',#3887,10.);
#1151=VECTOR('',#3888,10.);
#1152=VECTOR('',#3889,10.);
#1153=VECTOR('',#3892,10.);
#1154=VECTOR('',#3893,10.);
#1155=VECTOR('',#3894,10.);
#1156=VECTOR('',#3897,10.);
#1157=VECTOR('',#3898,10.);
#1158=VECTOR('',#3899,10.);
#1159=VECTOR('',#3902,10.);
#1160=VECTOR('',#3903,10.);
#1161=VECTOR('',#3906,10.);
#1162=VECTOR('',#3907,10.);
#1163=VECTOR('',#3908,10.);
#1164=VECTOR('',#3909,10.);
#1165=VECTOR('',#3912,10.);
#1166=VECTOR('',#3913,10.);
#1167=VECTOR('',#3914,10.);
#1168=VECTOR('',#3917,10.);
#1169=VECTOR('',#3918,10.);
#1170=VECTOR('',#3919,10.);
#1171=VECTOR('',#3922,10.);
#1172=VECTOR('',#3923,10.);
#1173=VECTOR('',#3926,10.);
#1174=VECTOR('',#3927,10.);
#1175=VECTOR('',#3928,10.);
#1176=VECTOR('',#3929,10.);
#1177=VECTOR('',#3932,10.);
#1178=VECTOR('',#3933,10.);
#1179=VECTOR('',#3934,10.);
#1180=VECTOR('',#3937,10.);
#1181=VECTOR('',#3938,10.);
#1182=VECTOR('',#3939,10.);
#1183=VECTOR('',#3942,10.);
#1184=VECTOR('',#3943,10.);
#1185=VECTOR('',#3946,10.);
#1186=VECTOR('',#3947,10.);
#1187=VECTOR('',#3948,10.);
#1188=VECTOR('',#3949,10.);
#1189=VECTOR('',#3952,10.);
#1190=VECTOR('',#3953,10.);
#1191=VECTOR('',#3954,10.);
#1192=VECTOR('',#3957,10.);
#1193=VECTOR('',#3958,10.);
#1194=VECTOR('',#3959,10.);
#1195=VECTOR('',#3962,10.);
#1196=VECTOR('',#3963,10.);
#1197=VECTOR('',#3968,1.6);
#1198=VECTOR('',#3975,1.6);
#1199=VECTOR('',#3982,1.6);
#1200=VECTOR('',#3989,1.6);
#1201=VECTOR('',#3994,10.);
#1202=VECTOR('',#3995,10.);
#1203=VECTOR('',#3996,10.);
#1204=VECTOR('',#3997,10.);
#1205=VECTOR('',#4004,10.);
#1206=VECTOR('',#4007,10.);
#1207=VECTOR('',#4008,10.);
#1208=VECTOR('',#4009,10.);
#1209=VECTOR('',#4016,10.);
#1210=VECTOR('',#4019,10.);
#1211=VECTOR('',#4020,10.);
#1212=VECTOR('',#4021,10.);
#1213=VECTOR('',#4028,10.);
#1214=VECTOR('',#4031,10.);
#1215=VECTOR('',#4032,10.);
#1216=VECTOR('',#4033,10.);
#1217=VECTOR('',#4048,1.6);
#1218=VECTOR('',#4055,1.6);
#1219=VECTOR('',#4062,1.6);
#1220=VECTOR('',#4069,1.6);
#1221=VECTOR('',#4074,10.);
#1222=VECTOR('',#4075,10.);
#1223=VECTOR('',#4076,10.);
#1224=VECTOR('',#4077,10.);
#1225=VECTOR('',#4080,10.);
#1226=VECTOR('',#4081,10.);
#1227=VECTOR('',#4082,10.);
#1228=VECTOR('',#4085,10.);
#1229=VECTOR('',#4086,10.);
#1230=VECTOR('',#4087,10.);
#1231=VECTOR('',#4090,10.);
#1232=VECTOR('',#4091,10.);
#1233=VECTOR('',#4094,10.);
#1234=VECTOR('',#4095,10.);
#1235=VECTOR('',#4096,10.);
#1236=VECTOR('',#4097,10.);
#1237=VECTOR('',#4100,10.);
#1238=VECTOR('',#4101,10.);
#1239=VECTOR('',#4102,10.);
#1240=VECTOR('',#4105,10.);
#1241=VECTOR('',#4106,10.);
#1242=VECTOR('',#4107,10.);
#1243=VECTOR('',#4110,10.);
#1244=VECTOR('',#4111,10.);
#1245=VECTOR('',#4114,10.);
#1246=VECTOR('',#4115,10.);
#1247=VECTOR('',#4116,10.);
#1248=VECTOR('',#4117,10.);
#1249=VECTOR('',#4120,10.);
#1250=VECTOR('',#4121,10.);
#1251=VECTOR('',#4122,10.);
#1252=VECTOR('',#4125,10.);
#1253=VECTOR('',#4126,10.);
#1254=VECTOR('',#4127,10.);
#1255=VECTOR('',#4130,10.);
#1256=VECTOR('',#4131,10.);
#1257=VECTOR('',#4134,10.);
#1258=VECTOR('',#4135,10.);
#1259=VECTOR('',#4136,10.);
#1260=VECTOR('',#4137,10.);
#1261=VECTOR('',#4140,10.);
#1262=VECTOR('',#4141,10.);
#1263=VECTOR('',#4142,10.);
#1264=VECTOR('',#4145,10.);
#1265=VECTOR('',#4146,10.);
#1266=VECTOR('',#4147,10.);
#1267=VECTOR('',#4150,10.);
#1268=VECTOR('',#4151,10.);
#1269=VECTOR('',#4154,10.);
#1270=VECTOR('',#4155,10.);
#1271=VECTOR('',#4156,10.);
#1272=VECTOR('',#4157,10.);
#1273=VECTOR('',#4160,10.);
#1274=VECTOR('',#4161,10.);
#1275=VECTOR('',#4162,10.);
#1276=VECTOR('',#4165,10.);
#1277=VECTOR('',#4166,10.);
#1278=VECTOR('',#4167,10.);
#1279=VECTOR('',#4170,10.);
#1280=VECTOR('',#4171,10.);
#1281=VECTOR('',#4174,10.);
#1282=VECTOR('',#4175,10.);
#1283=VECTOR('',#4176,10.);
#1284=VECTOR('',#4177,10.);
#1285=VECTOR('',#4180,10.);
#1286=VECTOR('',#4181,10.);
#1287=VECTOR('',#4182,10.);
#1288=VECTOR('',#4185,10.);
#1289=VECTOR('',#4186,10.);
#1290=VECTOR('',#4187,10.);
#1291=VECTOR('',#4190,10.);
#1292=VECTOR('',#4191,10.);
#1293=VECTOR('',#4196,1.6);
#1294=VECTOR('',#4203,1.6);
#1295=VECTOR('',#4208,10.);
#1296=VECTOR('',#4209,10.);
#1297=VECTOR('',#4210,10.);
#1298=VECTOR('',#4211,10.);
#1299=VECTOR('',#4218,10.);
#1300=VECTOR('',#4221,10.);
#1301=VECTOR('',#4222,10.);
#1302=VECTOR('',#4223,10.);
#1303=VECTOR('',#4230,10.);
#1304=VECTOR('',#4233,10.);
#1305=VECTOR('',#4234,10.);
#1306=VECTOR('',#4235,10.);
#1307=VECTOR('',#4242,10.);
#1308=VECTOR('',#4245,10.);
#1309=VECTOR('',#4246,10.);
#1310=VECTOR('',#4247,10.);
#1311=VECTOR('',#4260,10.);
#1312=VECTOR('',#4261,10.);
#1313=VECTOR('',#4262,10.);
#1314=VECTOR('',#4263,10.);
#1315=VECTOR('',#4266,10.);
#1316=VECTOR('',#4267,10.);
#1317=VECTOR('',#4268,10.);
#1318=VECTOR('',#4271,10.);
#1319=VECTOR('',#4272,10.);
#1320=VECTOR('',#4273,10.);
#1321=VECTOR('',#4276,10.);
#1322=VECTOR('',#4277,10.);
#1323=VECTOR('',#4282,1.6);
#1324=VECTOR('',#4289,1.6);
#1325=VECTOR('',#4294,10.);
#1326=VECTOR('',#4295,10.);
#1327=VECTOR('',#4296,10.);
#1328=VECTOR('',#4297,10.);
#1329=VECTOR('',#4300,10.);
#1330=VECTOR('',#4301,10.);
#1331=VECTOR('',#4302,10.);
#1332=VECTOR('',#4305,10.);
#1333=VECTOR('',#4306,10.);
#1334=VECTOR('',#4307,10.);
#1335=VECTOR('',#4310,10.);
#1336=VECTOR('',#4311,10.);
#1337=VECTOR('',#4314,10.);
#1338=VECTOR('',#4315,10.);
#1339=VECTOR('',#4316,10.);
#1340=VECTOR('',#4317,10.);
#1341=VECTOR('',#4320,10.);
#1342=VECTOR('',#4321,10.);
#1343=VECTOR('',#4322,10.);
#1344=VECTOR('',#4325,10.);
#1345=VECTOR('',#4326,10.);
#1346=VECTOR('',#4327,10.);
#1347=VECTOR('',#4330,10.);
#1348=VECTOR('',#4331,10.);
#1349=VECTOR('',#4336,1.6);
#1350=VECTOR('',#4341,10.);
#1351=VECTOR('',#4342,10.);
#1352=VECTOR('',#4343,10.);
#1353=VECTOR('',#4344,10.);
#1354=VECTOR('',#4347,10.);
#1355=VECTOR('',#4348,10.);
#1356=VECTOR('',#4349,10.);
#1357=VECTOR('',#4352,10.);
#1358=VECTOR('',#4353,10.);
#1359=VECTOR('',#4354,10.);
#1360=VECTOR('',#4357,10.);
#1361=VECTOR('',#4358,10.);
#1362=VECTOR('',#4361,10.);
#1363=VECTOR('',#4362,10.);
#1364=VECTOR('',#4363,10.);
#1365=VECTOR('',#4364,10.);
#1366=VECTOR('',#4367,10.);
#1367=VECTOR('',#4368,10.);
#1368=VECTOR('',#4369,10.);
#1369=VECTOR('',#4372,10.);
#1370=VECTOR('',#4373,10.);
#1371=VECTOR('',#4374,10.);
#1372=VECTOR('',#4377,10.);
#1373=VECTOR('',#4378,10.);
#1374=VECTOR('',#4383,1.6);
#1375=VECTOR('',#4388,10.);
#1376=VECTOR('',#4389,10.);
#1377=VECTOR('',#4390,10.);
#1378=VECTOR('',#4391,10.);
#1379=VECTOR('',#4394,10.);
#1380=VECTOR('',#4395,10.);
#1381=VECTOR('',#4396,10.);
#1382=VECTOR('',#4399,10.);
#1383=VECTOR('',#4400,10.);
#1384=VECTOR('',#4401,10.);
#1385=VECTOR('',#4404,10.);
#1386=VECTOR('',#4405,10.);
#1387=VECTOR('',#4410,1.6);
#1388=VECTOR('',#4417,1.6);
#1389=VECTOR('',#4422,10.);
#1390=VECTOR('',#4423,10.);
#1391=VECTOR('',#4424,10.);
#1392=VECTOR('',#4425,10.);
#1393=VECTOR('',#4432,10.);
#1394=VECTOR('',#4435,10.);
#1395=VECTOR('',#4436,10.);
#1396=VECTOR('',#4437,10.);
#1397=VECTOR('',#4444,10.);
#1398=VECTOR('',#4447,10.);
#1399=VECTOR('',#4448,10.);
#1400=VECTOR('',#4449,10.);
#1401=VECTOR('',#4456,10.);
#1402=VECTOR('',#4459,10.);
#1403=VECTOR('',#4460,10.);
#1404=VECTOR('',#4461,10.);
#1405=CIRCLE('',#3375,1.6);
#1406=CIRCLE('',#3376,1.6);
#1407=CIRCLE('',#3386,1.6);
#1408=CIRCLE('',#3387,1.6);
#1409=CIRCLE('',#3389,1.6);
#1410=CIRCLE('',#3390,1.6);
#1411=CIRCLE('',#3396,1.6);
#1412=CIRCLE('',#3397,1.6);
#1413=CIRCLE('',#3403,1.6);
#1414=CIRCLE('',#3404,1.6);
#1415=CIRCLE('',#3406,1.6);
#1416=CIRCLE('',#3407,1.6);
#1417=CIRCLE('',#3418,2.99999999999998);
#1418=CIRCLE('',#3419,2.99999999999998);
#1419=CIRCLE('',#3422,2.99999999999999);
#1420=CIRCLE('',#3423,2.99999999999999);
#1421=CIRCLE('',#3426,2.99999999999998);
#1422=CIRCLE('',#3427,2.99999999999998);
#1423=CIRCLE('',#3430,2.99999999999998);
#1424=CIRCLE('',#3431,2.99999999999998);
#1425=CIRCLE('',#3435,1.6);
#1426=CIRCLE('',#3436,1.6);
#1427=CIRCLE('',#3438,1.6);
#1428=CIRCLE('',#3439,1.6);
#1429=CIRCLE('',#3465,1.6);
#1430=CIRCLE('',#3466,1.6);
#1431=CIRCLE('',#3468,1.6);
#1432=CIRCLE('',#3469,1.6);
#1433=CIRCLE('',#3471,1.6);
#1434=CIRCLE('',#3472,1.6);
#1435=CIRCLE('',#3474,1.6);
#1436=CIRCLE('',#3475,1.6);
#1437=CIRCLE('',#3478,2.99999999999998);
#1438=CIRCLE('',#3479,2.99999999999998);
#1439=CIRCLE('',#3482,2.99999999999999);
#1440=CIRCLE('',#3483,2.99999999999999);
#1441=CIRCLE('',#3486,2.99999999999998);
#1442=CIRCLE('',#3487,2.99999999999998);
#1443=CIRCLE('',#3490,2.99999999999998);
#1444=CIRCLE('',#3491,2.99999999999998);
#1445=CIRCLE('',#3495,1.6);
#1446=CIRCLE('',#3496,1.6);
#1447=CIRCLE('',#3498,1.6);
#1448=CIRCLE('',#3499,1.6);
#1449=CIRCLE('',#3501,1.6);
#1450=CIRCLE('',#3502,1.6);
#1451=CIRCLE('',#3504,1.6);
#1452=CIRCLE('',#3505,1.6);
#1453=CIRCLE('',#3531,1.6);
#1454=CIRCLE('',#3532,1.6);
#1455=CIRCLE('',#3534,1.6);
#1456=CIRCLE('',#3535,1.6);
#1457=CIRCLE('',#3538,2.99999999999998);
#1458=CIRCLE('',#3539,2.99999999999998);
#1459=CIRCLE('',#3542,2.99999999999999);
#1460=CIRCLE('',#3543,2.99999999999999);
#1461=CIRCLE('',#3546,2.99999999999998);
#1462=CIRCLE('',#3547,2.99999999999998);
#1463=CIRCLE('',#3550,2.99999999999998);
#1464=CIRCLE('',#3551,2.99999999999998);
#1465=CIRCLE('',#3559,1.6);
#1466=CIRCLE('',#3560,1.6);
#1467=CIRCLE('',#3562,1.6);
#1468=CIRCLE('',#3563,1.6);
#1469=CIRCLE('',#3573,1.6);
#1470=CIRCLE('',#3574,1.6);
#1471=CIRCLE('',#3584,1.6);
#1472=CIRCLE('',#3585,1.6);
#1473=CIRCLE('',#3591,1.6);
#1474=CIRCLE('',#3592,1.6);
#1475=CIRCLE('',#3594,1.6);
#1476=CIRCLE('',#3595,1.6);
#1477=CIRCLE('',#3598,2.99999999999998);
#1478=CIRCLE('',#3599,2.99999999999998);
#1479=CIRCLE('',#3602,2.99999999999999);
#1480=CIRCLE('',#3603,2.99999999999999);
#1481=CIRCLE('',#3606,2.99999999999998);
#1482=CIRCLE('',#3607,2.99999999999998);
#1483=CIRCLE('',#3610,2.99999999999998);
#1484=CIRCLE('',#3611,2.99999999999998);
#1485=VERTEX_POINT('',#4474);
#1486=VERTEX_POINT('',#4476);
#1487=VERTEX_POINT('',#4480);
#1488=VERTEX_POINT('',#4481);
#1489=VERTEX_POINT('',#4483);
#1490=VERTEX_POINT('',#4485);
#1491=VERTEX_POINT('',#4489);
#1492=VERTEX_POINT('',#4491);
#1493=VERTEX_POINT('',#4495);
#1494=VERTEX_POINT('',#4497);
#1495=VERTEX_POINT('',#4504);
#1496=VERTEX_POINT('',#4505);
#1497=VERTEX_POINT('',#4507);
#1498=VERTEX_POINT('',#4509);
#1499=VERTEX_POINT('',#4513);
#1500=VERTEX_POINT('',#4515);
#1501=VERTEX_POINT('',#4519);
#1502=VERTEX_POINT('',#4521);
#1503=VERTEX_POINT('',#4528);
#1504=VERTEX_POINT('',#4530);
#1505=VERTEX_POINT('',#4534);
#1506=VERTEX_POINT('',#4536);
#1507=VERTEX_POINT('',#4540);
#1508=VERTEX_POINT('',#4541);
#1509=VERTEX_POINT('',#4543);
#1510=VERTEX_POINT('',#4545);
#1511=VERTEX_POINT('',#4549);
#1512=VERTEX_POINT('',#4551);
#1513=VERTEX_POINT('',#4555);
#1514=VERTEX_POINT('',#4557);
#1515=VERTEX_POINT('',#4564);
#1516=VERTEX_POINT('',#4566);
#1517=VERTEX_POINT('',#4570);
#1518=VERTEX_POINT('',#4571);
#1519=VERTEX_POINT('',#4573);
#1520=VERTEX_POINT('',#4575);
#1521=VERTEX_POINT('',#4579);
#1522=VERTEX_POINT('',#4581);
#1523=VERTEX_POINT('',#4585);
#1524=VERTEX_POINT('',#4587);
#1525=VERTEX_POINT('',#4594);
#1526=VERTEX_POINT('',#4596);
#1527=VERTEX_POINT('',#4600);
#1528=VERTEX_POINT('',#4602);
#1529=VERTEX_POINT('',#4606);
#1530=VERTEX_POINT('',#4607);
#1531=VERTEX_POINT('',#4609);
#1532=VERTEX_POINT('',#4611);
#1533=VERTEX_POINT('',#4615);
#1534=VERTEX_POINT('',#4617);
#1535=VERTEX_POINT('',#4621);
#1536=VERTEX_POINT('',#4623);
#1537=VERTEX_POINT('',#4630);
#1538=VERTEX_POINT('',#4631);
#1539=VERTEX_POINT('',#4633);
#1540=VERTEX_POINT('',#4635);
#1541=VERTEX_POINT('',#4639);
#1542=VERTEX_POINT('',#4641);
#1543=VERTEX_POINT('',#4645);
#1544=VERTEX_POINT('',#4647);
#1545=VERTEX_POINT('',#4654);
#1546=VERTEX_POINT('',#4655);
#1547=VERTEX_POINT('',#4657);
#1548=VERTEX_POINT('',#4659);
#1549=VERTEX_POINT('',#4663);
#1550=VERTEX_POINT('',#4665);
#1551=VERTEX_POINT('',#4669);
#1552=VERTEX_POINT('',#4671);
#1553=VERTEX_POINT('',#4675);
#1554=VERTEX_POINT('',#4677);
#1555=VERTEX_POINT('',#4681);
#1556=VERTEX_POINT('',#4683);
#1557=VERTEX_POINT('',#4687);
#1558=VERTEX_POINT('',#4689);
#1559=VERTEX_POINT('',#4693);
#1560=VERTEX_POINT('',#4695);
#1561=VERTEX_POINT('',#4704);
#1562=VERTEX_POINT('',#4706);
#1563=VERTEX_POINT('',#4710);
#1564=VERTEX_POINT('',#4712);
#1565=VERTEX_POINT('',#4716);
#1566=VERTEX_POINT('',#4717);
#1567=VERTEX_POINT('',#4719);
#1568=VERTEX_POINT('',#4721);
#1569=VERTEX_POINT('',#4725);
#1570=VERTEX_POINT('',#4727);
#1571=VERTEX_POINT('',#4731);
#1572=VERTEX_POINT('',#4733);
#1573=VERTEX_POINT('',#4740);
#1574=VERTEX_POINT('',#4741);
#1575=VERTEX_POINT('',#4743);
#1576=VERTEX_POINT('',#4745);
#1577=VERTEX_POINT('',#4749);
#1578=VERTEX_POINT('',#4751);
#1579=VERTEX_POINT('',#4755);
#1580=VERTEX_POINT('',#4757);
#1581=VERTEX_POINT('',#4764);
#1582=VERTEX_POINT('',#4765);
#1583=VERTEX_POINT('',#4767);
#1584=VERTEX_POINT('',#4769);
#1585=VERTEX_POINT('',#4773);
#1586=VERTEX_POINT('',#4775);
#1587=VERTEX_POINT('',#4779);
#1588=VERTEX_POINT('',#4781);
#1589=VERTEX_POINT('',#4788);
#1590=VERTEX_POINT('',#4789);
#1591=VERTEX_POINT('',#4791);
#1592=VERTEX_POINT('',#4793);
#1593=VERTEX_POINT('',#4797);
#1594=VERTEX_POINT('',#4799);
#1595=VERTEX_POINT('',#4803);
#1596=VERTEX_POINT('',#4805);
#1597=VERTEX_POINT('',#4812);
#1598=VERTEX_POINT('',#4813);
#1599=VERTEX_POINT('',#4815);
#1600=VERTEX_POINT('',#4817);
#1601=VERTEX_POINT('',#4821);
#1602=VERTEX_POINT('',#4823);
#1603=VERTEX_POINT('',#4827);
#1604=VERTEX_POINT('',#4829);
#1605=VERTEX_POINT('',#4836);
#1606=VERTEX_POINT('',#4837);
#1607=VERTEX_POINT('',#4839);
#1608=VERTEX_POINT('',#4841);
#1609=VERTEX_POINT('',#4845);
#1610=VERTEX_POINT('',#4847);
#1611=VERTEX_POINT('',#4851);
#1612=VERTEX_POINT('',#4853);
#1613=VERTEX_POINT('',#4860);
#1614=VERTEX_POINT('',#4862);
#1615=VERTEX_POINT('',#4866);
#1616=VERTEX_POINT('',#4868);
#1617=VERTEX_POINT('',#4872);
#1618=VERTEX_POINT('',#4874);
#1619=VERTEX_POINT('',#4878);
#1620=VERTEX_POINT('',#4880);
#1621=VERTEX_POINT('',#4884);
#1622=VERTEX_POINT('',#4885);
#1623=VERTEX_POINT('',#4887);
#1624=VERTEX_POINT('',#4889);
#1625=VERTEX_POINT('',#4893);
#1626=VERTEX_POINT('',#4895);
#1627=VERTEX_POINT('',#4899);
#1628=VERTEX_POINT('',#4901);
#1629=VERTEX_POINT('',#4905);
#1630=VERTEX_POINT('',#4907);
#1631=VERTEX_POINT('',#4911);
#1632=VERTEX_POINT('',#4913);
#1633=VERTEX_POINT('',#4917);
#1634=VERTEX_POINT('',#4919);
#1635=VERTEX_POINT('',#4923);
#1636=VERTEX_POINT('',#4925);
#1637=VERTEX_POINT('',#4934);
#1638=VERTEX_POINT('',#4936);
#1639=VERTEX_POINT('',#4940);
#1640=VERTEX_POINT('',#4942);
#1641=VERTEX_POINT('',#4946);
#1642=VERTEX_POINT('',#4948);
#1643=VERTEX_POINT('',#4952);
#1644=VERTEX_POINT('',#4954);
#1645=VERTEX_POINT('',#4958);
#1646=VERTEX_POINT('',#4959);
#1647=VERTEX_POINT('',#4961);
#1648=VERTEX_POINT('',#4963);
#1649=VERTEX_POINT('',#4967);
#1650=VERTEX_POINT('',#4969);
#1651=VERTEX_POINT('',#4973);
#1652=VERTEX_POINT('',#4975);
#1653=VERTEX_POINT('',#4982);
#1654=VERTEX_POINT('',#4983);
#1655=VERTEX_POINT('',#4985);
#1656=VERTEX_POINT('',#4987);
#1657=VERTEX_POINT('',#4991);
#1658=VERTEX_POINT('',#4993);
#1659=VERTEX_POINT('',#4997);
#1660=VERTEX_POINT('',#4999);
#1661=VERTEX_POINT('',#5006);
#1662=VERTEX_POINT('',#5007);
#1663=VERTEX_POINT('',#5009);
#1664=VERTEX_POINT('',#5011);
#1665=VERTEX_POINT('',#5015);
#1666=VERTEX_POINT('',#5017);
#1667=VERTEX_POINT('',#5021);
#1668=VERTEX_POINT('',#5023);
#1669=VERTEX_POINT('',#5030);
#1670=VERTEX_POINT('',#5031);
#1671=VERTEX_POINT('',#5033);
#1672=VERTEX_POINT('',#5035);
#1673=VERTEX_POINT('',#5039);
#1674=VERTEX_POINT('',#5041);
#1675=VERTEX_POINT('',#5045);
#1676=VERTEX_POINT('',#5047);
#1677=VERTEX_POINT('',#5054);
#1678=VERTEX_POINT('',#5055);
#1679=VERTEX_POINT('',#5057);
#1680=VERTEX_POINT('',#5059);
#1681=VERTEX_POINT('',#5063);
#1682=VERTEX_POINT('',#5065);
#1683=VERTEX_POINT('',#5069);
#1684=VERTEX_POINT('',#5071);
#1685=VERTEX_POINT('',#5078);
#1686=VERTEX_POINT('',#5079);
#1687=VERTEX_POINT('',#5081);
#1688=VERTEX_POINT('',#5083);
#1689=VERTEX_POINT('',#5087);
#1690=VERTEX_POINT('',#5089);
#1691=VERTEX_POINT('',#5093);
#1692=VERTEX_POINT('',#5095);
#1693=VERTEX_POINT('',#5102);
#1694=VERTEX_POINT('',#5104);
#1695=VERTEX_POINT('',#5108);
#1696=VERTEX_POINT('',#5110);
#1697=VERTEX_POINT('',#5114);
#1698=VERTEX_POINT('',#5115);
#1699=VERTEX_POINT('',#5117);
#1700=VERTEX_POINT('',#5119);
#1701=VERTEX_POINT('',#5123);
#1702=VERTEX_POINT('',#5125);
#1703=VERTEX_POINT('',#5129);
#1704=VERTEX_POINT('',#5131);
#1705=VERTEX_POINT('',#5135);
#1706=VERTEX_POINT('',#5137);
#1707=VERTEX_POINT('',#5141);
#1708=VERTEX_POINT('',#5143);
#1709=VERTEX_POINT('',#5147);
#1710=VERTEX_POINT('',#5149);
#1711=VERTEX_POINT('',#5153);
#1712=VERTEX_POINT('',#5155);
#1713=VERTEX_POINT('',#5164);
#1714=VERTEX_POINT('',#5165);
#1715=VERTEX_POINT('',#5167);
#1716=VERTEX_POINT('',#5169);
#1717=VERTEX_POINT('',#5173);
#1718=VERTEX_POINT('',#5175);
#1719=VERTEX_POINT('',#5179);
#1720=VERTEX_POINT('',#5181);
#1721=VERTEX_POINT('',#5188);
#1722=VERTEX_POINT('',#5190);
#1723=VERTEX_POINT('',#5194);
#1724=VERTEX_POINT('',#5196);
#1725=VERTEX_POINT('',#5200);
#1726=VERTEX_POINT('',#5201);
#1727=VERTEX_POINT('',#5203);
#1728=VERTEX_POINT('',#5205);
#1729=VERTEX_POINT('',#5209);
#1730=VERTEX_POINT('',#5211);
#1731=VERTEX_POINT('',#5215);
#1732=VERTEX_POINT('',#5217);
#1733=VERTEX_POINT('',#5224);
#1734=VERTEX_POINT('',#5225);
#1735=VERTEX_POINT('',#5227);
#1736=VERTEX_POINT('',#5229);
#1737=VERTEX_POINT('',#5233);
#1738=VERTEX_POINT('',#5235);
#1739=VERTEX_POINT('',#5239);
#1740=VERTEX_POINT('',#5241);
#1741=VERTEX_POINT('',#5248);
#1742=VERTEX_POINT('',#5250);
#1743=VERTEX_POINT('',#5254);
#1744=VERTEX_POINT('',#5255);
#1745=VERTEX_POINT('',#5257);
#1746=VERTEX_POINT('',#5259);
#1747=VERTEX_POINT('',#5263);
#1748=VERTEX_POINT('',#5265);
#1749=VERTEX_POINT('',#5269);
#1750=VERTEX_POINT('',#5271);
#1751=VERTEX_POINT('',#5278);
#1752=VERTEX_POINT('',#5279);
#1753=VERTEX_POINT('',#5281);
#1754=VERTEX_POINT('',#5283);
#1755=VERTEX_POINT('',#5287);
#1756=VERTEX_POINT('',#5289);
#1757=VERTEX_POINT('',#5293);
#1758=VERTEX_POINT('',#5295);
#1759=VERTEX_POINT('',#5302);
#1760=VERTEX_POINT('',#5304);
#1761=VERTEX_POINT('',#5308);
#1762=VERTEX_POINT('',#5309);
#1763=VERTEX_POINT('',#5311);
#1764=VERTEX_POINT('',#5313);
#1765=VERTEX_POINT('',#5317);
#1766=VERTEX_POINT('',#5319);
#1767=VERTEX_POINT('',#5323);
#1768=VERTEX_POINT('',#5325);
#1769=VERTEX_POINT('',#5332);
#1770=VERTEX_POINT('',#5334);
#1771=VERTEX_POINT('',#5338);
#1772=VERTEX_POINT('',#5340);
#1773=VERTEX_POINT('',#5344);
#1774=VERTEX_POINT('',#5345);
#1775=VERTEX_POINT('',#5347);
#1776=VERTEX_POINT('',#5349);
#1777=VERTEX_POINT('',#5353);
#1778=VERTEX_POINT('',#5355);
#1779=VERTEX_POINT('',#5359);
#1780=VERTEX_POINT('',#5361);
#1781=VERTEX_POINT('',#5365);
#1782=VERTEX_POINT('',#5367);
#1783=VERTEX_POINT('',#5371);
#1784=VERTEX_POINT('',#5373);
#1785=VERTEX_POINT('',#5377);
#1786=VERTEX_POINT('',#5379);
#1787=VERTEX_POINT('',#5383);
#1788=VERTEX_POINT('',#5385);
#1789=EDGE_CURVE('',#1485,#1485,#1405,.T.);
#1790=EDGE_CURVE('',#1485,#1486,#653,.T.);
#1791=EDGE_CURVE('',#1486,#1486,#1406,.T.);
#1792=EDGE_CURVE('',#1487,#1488,#654,.T.);
#1793=EDGE_CURVE('',#1488,#1489,#655,.T.);
#1794=EDGE_CURVE('',#1490,#1489,#656,.T.);
#1795=EDGE_CURVE('',#1487,#1490,#657,.T.);
#1796=EDGE_CURVE('',#1491,#1487,#658,.T.);
#1797=EDGE_CURVE('',#1492,#1490,#659,.T.);
#1798=EDGE_CURVE('',#1491,#1492,#660,.T.);
#1799=EDGE_CURVE('',#1493,#1491,#661,.T.);
#1800=EDGE_CURVE('',#1494,#1492,#662,.T.);
#1801=EDGE_CURVE('',#1493,#1494,#663,.T.);
#1802=EDGE_CURVE('',#1488,#1493,#664,.T.);
#1803=EDGE_CURVE('',#1489,#1494,#665,.T.);
#1804=EDGE_CURVE('',#1495,#1496,#666,.T.);
#1805=EDGE_CURVE('',#1496,#1497,#667,.T.);
#1806=EDGE_CURVE('',#1498,#1497,#668,.T.);
#1807=EDGE_CURVE('',#1495,#1498,#669,.T.);
#1808=EDGE_CURVE('',#1499,#1495,#670,.T.);
#1809=EDGE_CURVE('',#1500,#1498,#671,.T.);
#1810=EDGE_CURVE('',#1499,#1500,#672,.T.);
#1811=EDGE_CURVE('',#1501,#1499,#673,.T.);
#1812=EDGE_CURVE('',#1502,#1500,#674,.T.);
#1813=EDGE_CURVE('',#1501,#1502,#675,.T.);
#1814=EDGE_CURVE('',#1496,#1501,#676,.T.);
#1815=EDGE_CURVE('',#1497,#1502,#677,.T.);
#1816=EDGE_CURVE('',#1503,#1503,#1407,.T.);
#1817=EDGE_CURVE('',#1503,#1504,#678,.T.);
#1818=EDGE_CURVE('',#1504,#1504,#1408,.T.);
#1819=EDGE_CURVE('',#1505,#1505,#1409,.T.);
#1820=EDGE_CURVE('',#1505,#1506,#679,.T.);
#1821=EDGE_CURVE('',#1506,#1506,#1410,.T.);
#1822=EDGE_CURVE('',#1507,#1508,#680,.T.);
#1823=EDGE_CURVE('',#1508,#1509,#681,.T.);
#1824=EDGE_CURVE('',#1510,#1509,#682,.T.);
#1825=EDGE_CURVE('',#1507,#1510,#683,.T.);
#1826=EDGE_CURVE('',#1511,#1507,#684,.T.);
#1827=EDGE_CURVE('',#1512,#1510,#685,.T.);
#1828=EDGE_CURVE('',#1511,#1512,#686,.T.);
#1829=EDGE_CURVE('',#1513,#1511,#687,.T.);
#1830=EDGE_CURVE('',#1514,#1512,#688,.T.);
#1831=EDGE_CURVE('',#1513,#1514,#689,.T.);
#1832=EDGE_CURVE('',#1508,#1513,#690,.T.);
#1833=EDGE_CURVE('',#1509,#1514,#691,.T.);
#1834=EDGE_CURVE('',#1515,#1515,#1411,.T.);
#1835=EDGE_CURVE('',#1515,#1516,#692,.T.);
#1836=EDGE_CURVE('',#1516,#1516,#1412,.T.);
#1837=EDGE_CURVE('',#1517,#1518,#693,.T.);
#1838=EDGE_CURVE('',#1518,#1519,#694,.T.);
#1839=EDGE_CURVE('',#1520,#1519,#695,.T.);
#1840=EDGE_CURVE('',#1517,#1520,#696,.T.);
#1841=EDGE_CURVE('',#1521,#1517,#697,.T.);
#1842=EDGE_CURVE('',#1522,#1520,#698,.T.);
#1843=EDGE_CURVE('',#1521,#1522,#699,.T.);
#1844=EDGE_CURVE('',#1523,#1521,#700,.T.);
#1845=EDGE_CURVE('',#1524,#1522,#701,.T.);
#1846=EDGE_CURVE('',#1523,#1524,#702,.T.);
#1847=EDGE_CURVE('',#1518,#1523,#703,.T.);
#1848=EDGE_CURVE('',#1519,#1524,#704,.T.);
#1849=EDGE_CURVE('',#1525,#1525,#1413,.T.);
#1850=EDGE_CURVE('',#1525,#1526,#705,.T.);
#1851=EDGE_CURVE('',#1526,#1526,#1414,.T.);
#1852=EDGE_CURVE('',#1527,#1527,#1415,.T.);
#1853=EDGE_CURVE('',#1527,#1528,#706,.T.);
#1854=EDGE_CURVE('',#1528,#1528,#1416,.T.);
#1855=EDGE_CURVE('',#1529,#1530,#707,.T.);
#1856=EDGE_CURVE('',#1530,#1531,#708,.T.);
#1857=EDGE_CURVE('',#1532,#1531,#709,.T.);
#1858=EDGE_CURVE('',#1529,#1532,#710,.T.);
#1859=EDGE_CURVE('',#1533,#1529,#711,.T.);
#1860=EDGE_CURVE('',#1534,#1532,#712,.T.);
#1861=EDGE_CURVE('',#1533,#1534,#713,.T.);
#1862=EDGE_CURVE('',#1535,#1533,#714,.T.);
#1863=EDGE_CURVE('',#1536,#1534,#715,.T.);
#1864=EDGE_CURVE('',#1535,#1536,#716,.T.);
#1865=EDGE_CURVE('',#1530,#1535,#717,.T.);
#1866=EDGE_CURVE('',#1531,#1536,#718,.T.);
#1867=EDGE_CURVE('',#1537,#1538,#719,.T.);
#1868=EDGE_CURVE('',#1538,#1539,#720,.T.);
#1869=EDGE_CURVE('',#1540,#1539,#721,.T.);
#1870=EDGE_CURVE('',#1537,#1540,#722,.T.);
#1871=EDGE_CURVE('',#1541,#1537,#723,.T.);
#1872=EDGE_CURVE('',#1542,#1540,#724,.T.);
#1873=EDGE_CURVE('',#1541,#1542,#725,.T.);
#1874=EDGE_CURVE('',#1543,#1541,#726,.T.);
#1875=EDGE_CURVE('',#1544,#1542,#727,.T.);
#1876=EDGE_CURVE('',#1543,#1544,#728,.T.);
#1877=EDGE_CURVE('',#1538,#1543,#729,.T.);
#1878=EDGE_CURVE('',#1539,#1544,#730,.T.);
#1879=EDGE_CURVE('',#1545,#1546,#731,.T.);
#1880=EDGE_CURVE('',#1545,#1547,#732,.T.);
#1881=EDGE_CURVE('',#1548,#1547,#733,.T.);
#1882=EDGE_CURVE('',#1546,#1548,#734,.T.);
#1883=EDGE_CURVE('',#1549,#1546,#1417,.T.);
#1884=EDGE_CURVE('',#1550,#1548,#1418,.T.);
#1885=EDGE_CURVE('',#1549,#1550,#735,.T.);
#1886=EDGE_CURVE('',#1549,#1551,#736,.T.);
#1887=EDGE_CURVE('',#1552,#1550,#737,.T.);
#1888=EDGE_CURVE('',#1551,#1552,#738,.T.);
#1889=EDGE_CURVE('',#1553,#1551,#1419,.T.);
#1890=EDGE_CURVE('',#1554,#1552,#1420,.T.);
#1891=EDGE_CURVE('',#1553,#1554,#739,.T.);
#1892=EDGE_CURVE('',#1553,#1555,#740,.T.);
#1893=EDGE_CURVE('',#1556,#1554,#741,.T.);
#1894=EDGE_CURVE('',#1555,#1556,#742,.T.);
#1895=EDGE_CURVE('',#1557,#1555,#1421,.T.);
#1896=EDGE_CURVE('',#1558,#1556,#1422,.T.);
#1897=EDGE_CURVE('',#1557,#1558,#743,.T.);
#1898=EDGE_CURVE('',#1557,#1559,#744,.T.);
#1899=EDGE_CURVE('',#1560,#1558,#745,.T.);
#1900=EDGE_CURVE('',#1559,#1560,#746,.T.);
#1901=EDGE_CURVE('',#1545,#1559,#1423,.T.);
#1902=EDGE_CURVE('',#1547,#1560,#1424,.T.);
#1903=EDGE_CURVE('',#1561,#1561,#1425,.T.);
#1904=EDGE_CURVE('',#1561,#1562,#747,.T.);
#1905=EDGE_CURVE('',#1562,#1562,#1426,.T.);
#1906=EDGE_CURVE('',#1563,#1563,#1427,.T.);
#1907=EDGE_CURVE('',#1563,#1564,#748,.T.);
#1908=EDGE_CURVE('',#1564,#1564,#1428,.T.);
#1909=EDGE_CURVE('',#1565,#1566,#749,.T.);
#1910=EDGE_CURVE('',#1566,#1567,#750,.T.);
#1911=EDGE_CURVE('',#1568,#1567,#751,.T.);
#1912=EDGE_CURVE('',#1565,#1568,#752,.T.);
#1913=EDGE_CURVE('',#1569,#1565,#753,.T.);
#1914=EDGE_CURVE('',#1570,#1568,#754,.T.);
#1915=EDGE_CURVE('',#1569,#1570,#755,.T.);
#1916=EDGE_CURVE('',#1571,#1569,#756,.T.);
#1917=EDGE_CURVE('',#1572,#1570,#757,.T.);
#1918=EDGE_CURVE('',#1571,#1572,#758,.T.);
#1919=EDGE_CURVE('',#1566,#1571,#759,.T.);
#1920=EDGE_CURVE('',#1567,#1572,#760,.T.);
#1921=EDGE_CURVE('',#1573,#1574,#761,.T.);
#1922=EDGE_CURVE('',#1574,#1575,#762,.T.);
#1923=EDGE_CURVE('',#1576,#1575,#763,.T.);
#1924=EDGE_CURVE('',#1573,#1576,#764,.T.);
#1925=EDGE_CURVE('',#1577,#1573,#765,.T.);
#1926=EDGE_CURVE('',#1578,#1576,#766,.T.);
#1927=EDGE_CURVE('',#1577,#1578,#767,.T.);
#1928=EDGE_CURVE('',#1579,#1577,#768,.T.);
#1929=EDGE_CURVE('',#1580,#1578,#769,.T.);
#1930=EDGE_CURVE('',#1579,#1580,#770,.T.);
#1931=EDGE_CURVE('',#1574,#1579,#771,.T.);
#1932=EDGE_CURVE('',#1575,#1580,#772,.T.);
#1933=EDGE_CURVE('',#1581,#1582,#773,.T.);
#1934=EDGE_CURVE('',#1582,#1583,#774,.T.);
#1935=EDGE_CURVE('',#1584,#1583,#775,.T.);
#1936=EDGE_CURVE('',#1581,#1584,#776,.T.);
#1937=EDGE_CURVE('',#1585,#1581,#777,.T.);
#1938=EDGE_CURVE('',#1586,#1584,#778,.T.);
#1939=EDGE_CURVE('',#1585,#1586,#779,.T.);
#1940=EDGE_CURVE('',#1587,#1585,#780,.T.);
#1941=EDGE_CURVE('',#1588,#1586,#781,.T.);
#1942=EDGE_CURVE('',#1587,#1588,#782,.T.);
#1943=EDGE_CURVE('',#1582,#1587,#783,.T.);
#1944=EDGE_CURVE('',#1583,#1588,#784,.T.);
#1945=EDGE_CURVE('',#1589,#1590,#785,.T.);
#1946=EDGE_CURVE('',#1590,#1591,#786,.T.);
#1947=EDGE_CURVE('',#1592,#1591,#787,.T.);
#1948=EDGE_CURVE('',#1589,#1592,#788,.T.);
#1949=EDGE_CURVE('',#1593,#1589,#789,.T.);
#1950=EDGE_CURVE('',#1594,#1592,#790,.T.);
#1951=EDGE_CURVE('',#1593,#1594,#791,.T.);
#1952=EDGE_CURVE('',#1595,#1593,#792,.T.);
#1953=EDGE_CURVE('',#1596,#1594,#793,.T.);
#1954=EDGE_CURVE('',#1595,#1596,#794,.T.);
#1955=EDGE_CURVE('',#1590,#1595,#795,.T.);
#1956=EDGE_CURVE('',#1591,#1596,#796,.T.);
#1957=EDGE_CURVE('',#1597,#1598,#797,.T.);
#1958=EDGE_CURVE('',#1598,#1599,#798,.T.);
#1959=EDGE_CURVE('',#1600,#1599,#799,.T.);
#1960=EDGE_CURVE('',#1597,#1600,#800,.T.);
#1961=EDGE_CURVE('',#1601,#1597,#801,.T.);
#1962=EDGE_CURVE('',#1602,#1600,#802,.T.);
#1963=EDGE_CURVE('',#1601,#1602,#803,.T.);
#1964=EDGE_CURVE('',#1603,#1601,#804,.T.);
#1965=EDGE_CURVE('',#1604,#1602,#805,.T.);
#1966=EDGE_CURVE('',#1603,#1604,#806,.T.);
#1967=EDGE_CURVE('',#1598,#1603,#807,.T.);
#1968=EDGE_CURVE('',#1599,#1604,#808,.T.);
#1969=EDGE_CURVE('',#1605,#1606,#809,.T.);
#1970=EDGE_CURVE('',#1606,#1607,#810,.T.);
#1971=EDGE_CURVE('',#1608,#1607,#811,.T.);
#1972=EDGE_CURVE('',#1605,#1608,#812,.T.);
#1973=EDGE_CURVE('',#1609,#1605,#813,.T.);
#1974=EDGE_CURVE('',#1610,#1608,#814,.T.);
#1975=EDGE_CURVE('',#1609,#1610,#815,.T.);
#1976=EDGE_CURVE('',#1611,#1609,#816,.T.);
#1977=EDGE_CURVE('',#1612,#1610,#817,.T.);
#1978=EDGE_CURVE('',#1611,#1612,#818,.T.);
#1979=EDGE_CURVE('',#1606,#1611,#819,.T.);
#1980=EDGE_CURVE('',#1607,#1612,#820,.T.);
#1981=EDGE_CURVE('',#1613,#1613,#1429,.T.);
#1982=EDGE_CURVE('',#1613,#1614,#821,.T.);
#1983=EDGE_CURVE('',#1614,#1614,#1430,.T.);
#1984=EDGE_CURVE('',#1615,#1615,#1431,.T.);
#1985=EDGE_CURVE('',#1615,#1616,#822,.T.);
#1986=EDGE_CURVE('',#1616,#1616,#1432,.T.);
#1987=EDGE_CURVE('',#1617,#1617,#1433,.T.);
#1988=EDGE_CURVE('',#1617,#1618,#823,.T.);
#1989=EDGE_CURVE('',#1618,#1618,#1434,.T.);
#1990=EDGE_CURVE('',#1619,#1619,#1435,.T.);
#1991=EDGE_CURVE('',#1619,#1620,#824,.T.);
#1992=EDGE_CURVE('',#1620,#1620,#1436,.T.);
#1993=EDGE_CURVE('',#1621,#1622,#825,.T.);
#1994=EDGE_CURVE('',#1621,#1623,#826,.T.);
#1995=EDGE_CURVE('',#1624,#1623,#827,.T.);
#1996=EDGE_CURVE('',#1622,#1624,#828,.T.);
#1997=EDGE_CURVE('',#1625,#1622,#1437,.T.);
#1998=EDGE_CURVE('',#1626,#1624,#1438,.T.);
#1999=EDGE_CURVE('',#1625,#1626,#829,.T.);
#2000=EDGE_CURVE('',#1625,#1627,#830,.T.);
#2001=EDGE_CURVE('',#1628,#1626,#831,.T.);
#2002=EDGE_CURVE('',#1627,#1628,#832,.T.);
#2003=EDGE_CURVE('',#1629,#1627,#1439,.T.);
#2004=EDGE_CURVE('',#1630,#1628,#1440,.T.);
#2005=EDGE_CURVE('',#1629,#1630,#833,.T.);
#2006=EDGE_CURVE('',#1629,#1631,#834,.T.);
#2007=EDGE_CURVE('',#1632,#1630,#835,.T.);
#2008=EDGE_CURVE('',#1631,#1632,#836,.T.);
#2009=EDGE_CURVE('',#1633,#1631,#1441,.T.);
#2010=EDGE_CURVE('',#1634,#1632,#1442,.T.);
#2011=EDGE_CURVE('',#1633,#1634,#837,.T.);
#2012=EDGE_CURVE('',#1633,#1635,#838,.T.);
#2013=EDGE_CURVE('',#1636,#1634,#839,.T.);
#2014=EDGE_CURVE('',#1635,#1636,#840,.T.);
#2015=EDGE_CURVE('',#1621,#1635,#1443,.T.);
#2016=EDGE_CURVE('',#1623,#1636,#1444,.T.);
#2017=EDGE_CURVE('',#1637,#1637,#1445,.T.);
#2018=EDGE_CURVE('',#1637,#1638,#841,.T.);
#2019=EDGE_CURVE('',#1638,#1638,#1446,.T.);
#2020=EDGE_CURVE('',#1639,#1639,#1447,.T.);
#2021=EDGE_CURVE('',#1639,#1640,#842,.T.);
#2022=EDGE_CURVE('',#1640,#1640,#1448,.T.);
#2023=EDGE_CURVE('',#1641,#1641,#1449,.T.);
#2024=EDGE_CURVE('',#1641,#1642,#843,.T.);
#2025=EDGE_CURVE('',#1642,#1642,#1450,.T.);
#2026=EDGE_CURVE('',#1643,#1643,#1451,.T.);
#2027=EDGE_CURVE('',#1643,#1644,#844,.T.);
#2028=EDGE_CURVE('',#1644,#1644,#1452,.T.);
#2029=EDGE_CURVE('',#1645,#1646,#845,.T.);
#2030=EDGE_CURVE('',#1646,#1647,#846,.T.);
#2031=EDGE_CURVE('',#1648,#1647,#847,.T.);
#2032=EDGE_CURVE('',#1645,#1648,#848,.T.);
#2033=EDGE_CURVE('',#1649,#1645,#849,.T.);
#2034=EDGE_CURVE('',#1650,#1648,#850,.T.);
#2035=EDGE_CURVE('',#1649,#1650,#851,.T.);
#2036=EDGE_CURVE('',#1651,#1649,#852,.T.);
#2037=EDGE_CURVE('',#1652,#1650,#853,.T.);
#2038=EDGE_CURVE('',#1651,#1652,#854,.T.);
#2039=EDGE_CURVE('',#1646,#1651,#855,.T.);
#2040=EDGE_CURVE('',#1647,#1652,#856,.T.);
#2041=EDGE_CURVE('',#1653,#1654,#857,.T.);
#2042=EDGE_CURVE('',#1654,#1655,#858,.T.);
#2043=EDGE_CURVE('',#1656,#1655,#859,.T.);
#2044=EDGE_CURVE('',#1653,#1656,#860,.T.);
#2045=EDGE_CURVE('',#1657,#1653,#861,.T.);
#2046=EDGE_CURVE('',#1658,#1656,#862,.T.);
#2047=EDGE_CURVE('',#1657,#1658,#863,.T.);
#2048=EDGE_CURVE('',#1659,#1657,#864,.T.);
#2049=EDGE_CURVE('',#1660,#1658,#865,.T.);
#2050=EDGE_CURVE('',#1659,#1660,#866,.T.);
#2051=EDGE_CURVE('',#1654,#1659,#867,.T.);
#2052=EDGE_CURVE('',#1655,#1660,#868,.T.);
#2053=EDGE_CURVE('',#1661,#1662,#869,.T.);
#2054=EDGE_CURVE('',#1662,#1663,#870,.T.);
#2055=EDGE_CURVE('',#1664,#1663,#871,.T.);
#2056=EDGE_CURVE('',#1661,#1664,#872,.T.);
#2057=EDGE_CURVE('',#1665,#1661,#873,.T.);
#2058=EDGE_CURVE('',#1666,#1664,#874,.T.);
#2059=EDGE_CURVE('',#1665,#1666,#875,.T.);
#2060=EDGE_CURVE('',#1667,#1665,#876,.T.);
#2061=EDGE_CURVE('',#1668,#1666,#877,.T.);
#2062=EDGE_CURVE('',#1667,#1668,#878,.T.);
#2063=EDGE_CURVE('',#1662,#1667,#879,.T.);
#2064=EDGE_CURVE('',#1663,#1668,#880,.T.);
#2065=EDGE_CURVE('',#1669,#1670,#881,.T.);
#2066=EDGE_CURVE('',#1670,#1671,#882,.T.);
#2067=EDGE_CURVE('',#1672,#1671,#883,.T.);
#2068=EDGE_CURVE('',#1669,#1672,#884,.T.);
#2069=EDGE_CURVE('',#1673,#1669,#885,.T.);
#2070=EDGE_CURVE('',#1674,#1672,#886,.T.);
#2071=EDGE_CURVE('',#1673,#1674,#887,.T.);
#2072=EDGE_CURVE('',#1675,#1673,#888,.T.);
#2073=EDGE_CURVE('',#1676,#1674,#889,.T.);
#2074=EDGE_CURVE('',#1675,#1676,#890,.T.);
#2075=EDGE_CURVE('',#1670,#1675,#891,.T.);
#2076=EDGE_CURVE('',#1671,#1676,#892,.T.);
#2077=EDGE_CURVE('',#1677,#1678,#893,.T.);
#2078=EDGE_CURVE('',#1678,#1679,#894,.T.);
#2079=EDGE_CURVE('',#1680,#1679,#895,.T.);
#2080=EDGE_CURVE('',#1677,#1680,#896,.T.);
#2081=EDGE_CURVE('',#1681,#1677,#897,.T.);
#2082=EDGE_CURVE('',#1682,#1680,#898,.T.);
#2083=EDGE_CURVE('',#1681,#1682,#899,.T.);
#2084=EDGE_CURVE('',#1683,#1681,#900,.T.);
#2085=EDGE_CURVE('',#1684,#1682,#901,.T.);
#2086=EDGE_CURVE('',#1683,#1684,#902,.T.);
#2087=EDGE_CURVE('',#1678,#1683,#903,.T.);
#2088=EDGE_CURVE('',#1679,#1684,#904,.T.);
#2089=EDGE_CURVE('',#1685,#1686,#905,.T.);
#2090=EDGE_CURVE('',#1686,#1687,#906,.T.);
#2091=EDGE_CURVE('',#1688,#1687,#907,.T.);
#2092=EDGE_CURVE('',#1685,#1688,#908,.T.);
#2093=EDGE_CURVE('',#1689,#1685,#909,.T.);
#2094=EDGE_CURVE('',#1690,#1688,#910,.T.);
#2095=EDGE_CURVE('',#1689,#1690,#911,.T.);
#2096=EDGE_CURVE('',#1691,#1689,#912,.T.);
#2097=EDGE_CURVE('',#1692,#1690,#913,.T.);
#2098=EDGE_CURVE('',#1691,#1692,#914,.T.);
#2099=EDGE_CURVE('',#1686,#1691,#915,.T.);
#2100=EDGE_CURVE('',#1687,#1692,#916,.T.);
#2101=EDGE_CURVE('',#1693,#1693,#1453,.T.);
#2102=EDGE_CURVE('',#1693,#1694,#917,.T.);
#2103=EDGE_CURVE('',#1694,#1694,#1454,.T.);
#2104=EDGE_CURVE('',#1695,#1695,#1455,.T.);
#2105=EDGE_CURVE('',#1695,#1696,#918,.T.);
#2106=EDGE_CURVE('',#1696,#1696,#1456,.T.);
#2107=EDGE_CURVE('',#1697,#1698,#919,.T.);
#2108=EDGE_CURVE('',#1697,#1699,#920,.T.);
#2109=EDGE_CURVE('',#1700,#1699,#921,.T.);
#2110=EDGE_CURVE('',#1698,#1700,#922,.T.);
#2111=EDGE_CURVE('',#1701,#1698,#1457,.T.);
#2112=EDGE_CURVE('',#1702,#1700,#1458,.T.);
#2113=EDGE_CURVE('',#1701,#1702,#923,.T.);
#2114=EDGE_CURVE('',#1701,#1703,#924,.T.);
#2115=EDGE_CURVE('',#1704,#1702,#925,.T.);
#2116=EDGE_CURVE('',#1703,#1704,#926,.T.);
#2117=EDGE_CURVE('',#1705,#1703,#1459,.T.);
#2118=EDGE_CURVE('',#1706,#1704,#1460,.T.);
#2119=EDGE_CURVE('',#1705,#1706,#927,.T.);
#2120=EDGE_CURVE('',#1705,#1707,#928,.T.);
#2121=EDGE_CURVE('',#1708,#1706,#929,.T.);
#2122=EDGE_CURVE('',#1707,#1708,#930,.T.);
#2123=EDGE_CURVE('',#1709,#1707,#1461,.T.);
#2124=EDGE_CURVE('',#1710,#1708,#1462,.T.);
#2125=EDGE_CURVE('',#1709,#1710,#931,.T.);
#2126=EDGE_CURVE('',#1709,#1711,#932,.T.);
#2127=EDGE_CURVE('',#1712,#1710,#933,.T.);
#2128=EDGE_CURVE('',#1711,#1712,#934,.T.);
#2129=EDGE_CURVE('',#1697,#1711,#1463,.T.);
#2130=EDGE_CURVE('',#1699,#1712,#1464,.T.);
#2131=EDGE_CURVE('',#1713,#1714,#935,.T.);
#2132=EDGE_CURVE('',#1714,#1715,#936,.T.);
#2133=EDGE_CURVE('',#1716,#1715,#937,.T.);
#2134=EDGE_CURVE('',#1713,#1716,#938,.T.);
#2135=EDGE_CURVE('',#1717,#1713,#939,.T.);
#2136=EDGE_CURVE('',#1718,#1716,#940,.T.);
#2137=EDGE_CURVE('',#1717,#1718,#941,.T.);
#2138=EDGE_CURVE('',#1719,#1717,#942,.T.);
#2139=EDGE_CURVE('',#1720,#1718,#943,.T.);
#2140=EDGE_CURVE('',#1719,#1720,#944,.T.);
#2141=EDGE_CURVE('',#1714,#1719,#945,.T.);
#2142=EDGE_CURVE('',#1715,#1720,#946,.T.);
#2143=EDGE_CURVE('',#1721,#1721,#1465,.T.);
#2144=EDGE_CURVE('',#1721,#1722,#947,.T.);
#2145=EDGE_CURVE('',#1722,#1722,#1466,.T.);
#2146=EDGE_CURVE('',#1723,#1723,#1467,.T.);
#2147=EDGE_CURVE('',#1723,#1724,#948,.T.);
#2148=EDGE_CURVE('',#1724,#1724,#1468,.T.);
#2149=EDGE_CURVE('',#1725,#1726,#949,.T.);
#2150=EDGE_CURVE('',#1726,#1727,#950,.T.);
#2151=EDGE_CURVE('',#1728,#1727,#951,.T.);
#2152=EDGE_CURVE('',#1725,#1728,#952,.T.);
#2153=EDGE_CURVE('',#1729,#1725,#953,.T.);
#2154=EDGE_CURVE('',#1730,#1728,#954,.T.);
#2155=EDGE_CURVE('',#1729,#1730,#955,.T.);
#2156=EDGE_CURVE('',#1731,#1729,#956,.T.);
#2157=EDGE_CURVE('',#1732,#1730,#957,.T.);
#2158=EDGE_CURVE('',#1731,#1732,#958,.T.);
#2159=EDGE_CURVE('',#1726,#1731,#959,.T.);
#2160=EDGE_CURVE('',#1727,#1732,#960,.T.);
#2161=EDGE_CURVE('',#1733,#1734,#961,.T.);
#2162=EDGE_CURVE('',#1734,#1735,#962,.T.);
#2163=EDGE_CURVE('',#1736,#1735,#963,.T.);
#2164=EDGE_CURVE('',#1733,#1736,#964,.T.);
#2165=EDGE_CURVE('',#1737,#1733,#965,.T.);
#2166=EDGE_CURVE('',#1738,#1736,#966,.T.);
#2167=EDGE_CURVE('',#1737,#1738,#967,.T.);
#2168=EDGE_CURVE('',#1739,#1737,#968,.T.);
#2169=EDGE_CURVE('',#1740,#1738,#969,.T.);
#2170=EDGE_CURVE('',#1739,#1740,#970,.T.);
#2171=EDGE_CURVE('',#1734,#1739,#971,.T.);
#2172=EDGE_CURVE('',#1735,#1740,#972,.T.);
#2173=EDGE_CURVE('',#1741,#1741,#1469,.T.);
#2174=EDGE_CURVE('',#1741,#1742,#973,.T.);
#2175=EDGE_CURVE('',#1742,#1742,#1470,.T.);
#2176=EDGE_CURVE('',#1743,#1744,#974,.T.);
#2177=EDGE_CURVE('',#1744,#1745,#975,.T.);
#2178=EDGE_CURVE('',#1746,#1745,#976,.T.);
#2179=EDGE_CURVE('',#1743,#1746,#977,.T.);
#2180=EDGE_CURVE('',#1747,#1743,#978,.T.);
#2181=EDGE_CURVE('',#1748,#1746,#979,.T.);
#2182=EDGE_CURVE('',#1747,#1748,#980,.T.);
#2183=EDGE_CURVE('',#1749,#1747,#981,.T.);
#2184=EDGE_CURVE('',#1750,#1748,#982,.T.);
#2185=EDGE_CURVE('',#1749,#1750,#983,.T.);
#2186=EDGE_CURVE('',#1744,#1749,#984,.T.);
#2187=EDGE_CURVE('',#1745,#1750,#985,.T.);
#2188=EDGE_CURVE('',#1751,#1752,#986,.T.);
#2189=EDGE_CURVE('',#1752,#1753,#987,.T.);
#2190=EDGE_CURVE('',#1754,#1753,#988,.T.);
#2191=EDGE_CURVE('',#1751,#1754,#989,.T.);
#2192=EDGE_CURVE('',#1755,#1751,#990,.T.);
#2193=EDGE_CURVE('',#1756,#1754,#991,.T.);
#2194=EDGE_CURVE('',#1755,#1756,#992,.T.);
#2195=EDGE_CURVE('',#1757,#1755,#993,.T.);
#2196=EDGE_CURVE('',#1758,#1756,#994,.T.);
#2197=EDGE_CURVE('',#1757,#1758,#995,.T.);
#2198=EDGE_CURVE('',#1752,#1757,#996,.T.);
#2199=EDGE_CURVE('',#1753,#1758,#997,.T.);
#2200=EDGE_CURVE('',#1759,#1759,#1471,.T.);
#2201=EDGE_CURVE('',#1759,#1760,#998,.T.);
#2202=EDGE_CURVE('',#1760,#1760,#1472,.T.);
#2203=EDGE_CURVE('',#1761,#1762,#999,.T.);
#2204=EDGE_CURVE('',#1762,#1763,#1000,.T.);
#2205=EDGE_CURVE('',#1764,#1763,#1001,.T.);
#2206=EDGE_CURVE('',#1761,#1764,#1002,.T.);
#2207=EDGE_CURVE('',#1765,#1761,#1003,.T.);
#2208=EDGE_CURVE('',#1766,#1764,#1004,.T.);
#2209=EDGE_CURVE('',#1765,#1766,#1005,.T.);
#2210=EDGE_CURVE('',#1767,#1765,#1006,.T.);
#2211=EDGE_CURVE('',#1768,#1766,#1007,.T.);
#2212=EDGE_CURVE('',#1767,#1768,#1008,.T.);
#2213=EDGE_CURVE('',#1762,#1767,#1009,.T.);
#2214=EDGE_CURVE('',#1763,#1768,#1010,.T.);
#2215=EDGE_CURVE('',#1769,#1769,#1473,.T.);
#2216=EDGE_CURVE('',#1769,#1770,#1011,.T.);
#2217=EDGE_CURVE('',#1770,#1770,#1474,.T.);
#2218=EDGE_CURVE('',#1771,#1771,#1475,.T.);
#2219=EDGE_CURVE('',#1771,#1772,#1012,.T.);
#2220=EDGE_CURVE('',#1772,#1772,#1476,.T.);
#2221=EDGE_CURVE('',#1773,#1774,#1013,.T.);
#2222=EDGE_CURVE('',#1773,#1775,#1014,.T.);
#2223=EDGE_CURVE('',#1776,#1775,#1015,.T.);
#2224=EDGE_CURVE('',#1774,#1776,#1016,.T.);
#2225=EDGE_CURVE('',#1777,#1774,#1477,.T.);
#2226=EDGE_CURVE('',#1778,#1776,#1478,.T.);
#2227=EDGE_CURVE('',#1777,#1778,#1017,.T.);
#2228=EDGE_CURVE('',#1777,#1779,#1018,.T.);
#2229=EDGE_CURVE('',#1780,#1778,#1019,.T.);
#2230=EDGE_CURVE('',#1779,#1780,#1020,.T.);
#2231=EDGE_CURVE('',#1781,#1779,#1479,.T.);
#2232=EDGE_CURVE('',#1782,#1780,#1480,.T.);
#2233=EDGE_CURVE('',#1781,#1782,#1021,.T.);
#2234=EDGE_CURVE('',#1781,#1783,#1022,.T.);
#2235=EDGE_CURVE('',#1784,#1782,#1023,.T.);
#2236=EDGE_CURVE('',#1783,#1784,#1024,.T.);
#2237=EDGE_CURVE('',#1785,#1783,#1481,.T.);
#2238=EDGE_CURVE('',#1786,#1784,#1482,.T.);
#2239=EDGE_CURVE('',#1785,#1786,#1025,.T.);
#2240=EDGE_CURVE('',#1785,#1787,#1026,.T.);
#2241=EDGE_CURVE('',#1788,#1786,#1027,.T.);
#2242=EDGE_CURVE('',#1787,#1788,#1028,.T.);
#2243=EDGE_CURVE('',#1773,#1787,#1483,.T.);
#2244=EDGE_CURVE('',#1775,#1788,#1484,.T.);
#2245=ORIENTED_EDGE('',*,*,#1789,.F.);
#2246=ORIENTED_EDGE('',*,*,#1790,.T.);
#2247=ORIENTED_EDGE('',*,*,#1791,.T.);
#2248=ORIENTED_EDGE('',*,*,#1790,.F.);
#2249=ORIENTED_EDGE('',*,*,#1792,.T.);
#2250=ORIENTED_EDGE('',*,*,#1793,.T.);
#2251=ORIENTED_EDGE('',*,*,#1794,.F.);
#2252=ORIENTED_EDGE('',*,*,#1795,.F.);
#2253=ORIENTED_EDGE('',*,*,#1796,.T.);
#2254=ORIENTED_EDGE('',*,*,#1795,.T.);
#2255=ORIENTED_EDGE('',*,*,#1797,.F.);
#2256=ORIENTED_EDGE('',*,*,#1798,.F.);
#2257=ORIENTED_EDGE('',*,*,#1799,.T.);
#2258=ORIENTED_EDGE('',*,*,#1798,.T.);
#2259=ORIENTED_EDGE('',*,*,#1800,.F.);
#2260=ORIENTED_EDGE('',*,*,#1801,.F.);
#2261=ORIENTED_EDGE('',*,*,#1802,.T.);
#2262=ORIENTED_EDGE('',*,*,#1801,.T.);
#2263=ORIENTED_EDGE('',*,*,#1803,.F.);
#2264=ORIENTED_EDGE('',*,*,#1793,.F.);
#2265=ORIENTED_EDGE('',*,*,#1804,.T.);
#2266=ORIENTED_EDGE('',*,*,#1805,.T.);
#2267=ORIENTED_EDGE('',*,*,#1806,.F.);
#2268=ORIENTED_EDGE('',*,*,#1807,.F.);
#2269=ORIENTED_EDGE('',*,*,#1808,.T.);
#2270=ORIENTED_EDGE('',*,*,#1807,.T.);
#2271=ORIENTED_EDGE('',*,*,#1809,.F.);
#2272=ORIENTED_EDGE('',*,*,#1810,.F.);
#2273=ORIENTED_EDGE('',*,*,#1811,.T.);
#2274=ORIENTED_EDGE('',*,*,#1810,.T.);
#2275=ORIENTED_EDGE('',*,*,#1812,.F.);
#2276=ORIENTED_EDGE('',*,*,#1813,.F.);
#2277=ORIENTED_EDGE('',*,*,#1814,.T.);
#2278=ORIENTED_EDGE('',*,*,#1813,.T.);
#2279=ORIENTED_EDGE('',*,*,#1815,.F.);
#2280=ORIENTED_EDGE('',*,*,#1805,.F.);
#2281=ORIENTED_EDGE('',*,*,#1816,.F.);
#2282=ORIENTED_EDGE('',*,*,#1817,.T.);
#2283=ORIENTED_EDGE('',*,*,#1818,.T.);
#2284=ORIENTED_EDGE('',*,*,#1817,.F.);
#2285=ORIENTED_EDGE('',*,*,#1819,.F.);
#2286=ORIENTED_EDGE('',*,*,#1820,.T.);
#2287=ORIENTED_EDGE('',*,*,#1821,.T.);
#2288=ORIENTED_EDGE('',*,*,#1820,.F.);
#2289=ORIENTED_EDGE('',*,*,#1822,.T.);
#2290=ORIENTED_EDGE('',*,*,#1823,.T.);
#2291=ORIENTED_EDGE('',*,*,#1824,.F.);
#2292=ORIENTED_EDGE('',*,*,#1825,.F.);
#2293=ORIENTED_EDGE('',*,*,#1826,.T.);
#2294=ORIENTED_EDGE('',*,*,#1825,.T.);
#2295=ORIENTED_EDGE('',*,*,#1827,.F.);
#2296=ORIENTED_EDGE('',*,*,#1828,.F.);
#2297=ORIENTED_EDGE('',*,*,#1829,.T.);
#2298=ORIENTED_EDGE('',*,*,#1828,.T.);
#2299=ORIENTED_EDGE('',*,*,#1830,.F.);
#2300=ORIENTED_EDGE('',*,*,#1831,.F.);
#2301=ORIENTED_EDGE('',*,*,#1832,.T.);
#2302=ORIENTED_EDGE('',*,*,#1831,.T.);
#2303=ORIENTED_EDGE('',*,*,#1833,.F.);
#2304=ORIENTED_EDGE('',*,*,#1823,.F.);
#2305=ORIENTED_EDGE('',*,*,#1834,.F.);
#2306=ORIENTED_EDGE('',*,*,#1835,.T.);
#2307=ORIENTED_EDGE('',*,*,#1836,.T.);
#2308=ORIENTED_EDGE('',*,*,#1835,.F.);
#2309=ORIENTED_EDGE('',*,*,#1837,.T.);
#2310=ORIENTED_EDGE('',*,*,#1838,.T.);
#2311=ORIENTED_EDGE('',*,*,#1839,.F.);
#2312=ORIENTED_EDGE('',*,*,#1840,.F.);
#2313=ORIENTED_EDGE('',*,*,#1841,.T.);
#2314=ORIENTED_EDGE('',*,*,#1840,.T.);
#2315=ORIENTED_EDGE('',*,*,#1842,.F.);
#2316=ORIENTED_EDGE('',*,*,#1843,.F.);
#2317=ORIENTED_EDGE('',*,*,#1844,.T.);
#2318=ORIENTED_EDGE('',*,*,#1843,.T.);
#2319=ORIENTED_EDGE('',*,*,#1845,.F.);
#2320=ORIENTED_EDGE('',*,*,#1846,.F.);
#2321=ORIENTED_EDGE('',*,*,#1847,.T.);
#2322=ORIENTED_EDGE('',*,*,#1846,.T.);
#2323=ORIENTED_EDGE('',*,*,#1848,.F.);
#2324=ORIENTED_EDGE('',*,*,#1838,.F.);
#2325=ORIENTED_EDGE('',*,*,#1849,.F.);
#2326=ORIENTED_EDGE('',*,*,#1850,.T.);
#2327=ORIENTED_EDGE('',*,*,#1851,.T.);
#2328=ORIENTED_EDGE('',*,*,#1850,.F.);
#2329=ORIENTED_EDGE('',*,*,#1852,.F.);
#2330=ORIENTED_EDGE('',*,*,#1853,.T.);
#2331=ORIENTED_EDGE('',*,*,#1854,.T.);
#2332=ORIENTED_EDGE('',*,*,#1853,.F.);
#2333=ORIENTED_EDGE('',*,*,#1855,.T.);
#2334=ORIENTED_EDGE('',*,*,#1856,.T.);
#2335=ORIENTED_EDGE('',*,*,#1857,.F.);
#2336=ORIENTED_EDGE('',*,*,#1858,.F.);
#2337=ORIENTED_EDGE('',*,*,#1859,.T.);
#2338=ORIENTED_EDGE('',*,*,#1858,.T.);
#2339=ORIENTED_EDGE('',*,*,#1860,.F.);
#2340=ORIENTED_EDGE('',*,*,#1861,.F.);
#2341=ORIENTED_EDGE('',*,*,#1862,.T.);
#2342=ORIENTED_EDGE('',*,*,#1861,.T.);
#2343=ORIENTED_EDGE('',*,*,#1863,.F.);
#2344=ORIENTED_EDGE('',*,*,#1864,.F.);
#2345=ORIENTED_EDGE('',*,*,#1865,.T.);
#2346=ORIENTED_EDGE('',*,*,#1864,.T.);
#2347=ORIENTED_EDGE('',*,*,#1866,.F.);
#2348=ORIENTED_EDGE('',*,*,#1856,.F.);
#2349=ORIENTED_EDGE('',*,*,#1867,.T.);
#2350=ORIENTED_EDGE('',*,*,#1868,.T.);
#2351=ORIENTED_EDGE('',*,*,#1869,.F.);
#2352=ORIENTED_EDGE('',*,*,#1870,.F.);
#2353=ORIENTED_EDGE('',*,*,#1871,.T.);
#2354=ORIENTED_EDGE('',*,*,#1870,.T.);
#2355=ORIENTED_EDGE('',*,*,#1872,.F.);
#2356=ORIENTED_EDGE('',*,*,#1873,.F.);
#2357=ORIENTED_EDGE('',*,*,#1874,.T.);
#2358=ORIENTED_EDGE('',*,*,#1873,.T.);
#2359=ORIENTED_EDGE('',*,*,#1875,.F.);
#2360=ORIENTED_EDGE('',*,*,#1876,.F.);
#2361=ORIENTED_EDGE('',*,*,#1877,.T.);
#2362=ORIENTED_EDGE('',*,*,#1876,.T.);
#2363=ORIENTED_EDGE('',*,*,#1878,.F.);
#2364=ORIENTED_EDGE('',*,*,#1868,.F.);
#2365=ORIENTED_EDGE('',*,*,#1879,.F.);
#2366=ORIENTED_EDGE('',*,*,#1880,.T.);
#2367=ORIENTED_EDGE('',*,*,#1881,.F.);
#2368=ORIENTED_EDGE('',*,*,#1882,.F.);
#2369=ORIENTED_EDGE('',*,*,#1883,.T.);
#2370=ORIENTED_EDGE('',*,*,#1882,.T.);
#2371=ORIENTED_EDGE('',*,*,#1884,.F.);
#2372=ORIENTED_EDGE('',*,*,#1885,.F.);
#2373=ORIENTED_EDGE('',*,*,#1886,.F.);
#2374=ORIENTED_EDGE('',*,*,#1885,.T.);
#2375=ORIENTED_EDGE('',*,*,#1887,.F.);
#2376=ORIENTED_EDGE('',*,*,#1888,.F.);
#2377=ORIENTED_EDGE('',*,*,#1889,.T.);
#2378=ORIENTED_EDGE('',*,*,#1888,.T.);
#2379=ORIENTED_EDGE('',*,*,#1890,.F.);
#2380=ORIENTED_EDGE('',*,*,#1891,.F.);
#2381=ORIENTED_EDGE('',*,*,#1892,.F.);
#2382=ORIENTED_EDGE('',*,*,#1891,.T.);
#2383=ORIENTED_EDGE('',*,*,#1893,.F.);
#2384=ORIENTED_EDGE('',*,*,#1894,.F.);
#2385=ORIENTED_EDGE('',*,*,#1895,.T.);
#2386=ORIENTED_EDGE('',*,*,#1894,.T.);
#2387=ORIENTED_EDGE('',*,*,#1896,.F.);
#2388=ORIENTED_EDGE('',*,*,#1897,.F.);
#2389=ORIENTED_EDGE('',*,*,#1898,.F.);
#2390=ORIENTED_EDGE('',*,*,#1897,.T.);
#2391=ORIENTED_EDGE('',*,*,#1899,.F.);
#2392=ORIENTED_EDGE('',*,*,#1900,.F.);
#2393=ORIENTED_EDGE('',*,*,#1901,.T.);
#2394=ORIENTED_EDGE('',*,*,#1900,.T.);
#2395=ORIENTED_EDGE('',*,*,#1902,.F.);
#2396=ORIENTED_EDGE('',*,*,#1880,.F.);
#2397=ORIENTED_EDGE('',*,*,#1902,.T.);
#2398=ORIENTED_EDGE('',*,*,#1899,.T.);
#2399=ORIENTED_EDGE('',*,*,#1896,.T.);
#2400=ORIENTED_EDGE('',*,*,#1893,.T.);
#2401=ORIENTED_EDGE('',*,*,#1890,.T.);
#2402=ORIENTED_EDGE('',*,*,#1887,.T.);
#2403=ORIENTED_EDGE('',*,*,#1884,.T.);
#2404=ORIENTED_EDGE('',*,*,#1881,.T.);
#2405=ORIENTED_EDGE('',*,*,#1878,.T.);
#2406=ORIENTED_EDGE('',*,*,#1875,.T.);
#2407=ORIENTED_EDGE('',*,*,#1872,.T.);
#2408=ORIENTED_EDGE('',*,*,#1869,.T.);
#2409=ORIENTED_EDGE('',*,*,#1866,.T.);
#2410=ORIENTED_EDGE('',*,*,#1863,.T.);
#2411=ORIENTED_EDGE('',*,*,#1860,.T.);
#2412=ORIENTED_EDGE('',*,*,#1857,.T.);
#2413=ORIENTED_EDGE('',*,*,#1852,.T.);
#2414=ORIENTED_EDGE('',*,*,#1849,.T.);
#2415=ORIENTED_EDGE('',*,*,#1848,.T.);
#2416=ORIENTED_EDGE('',*,*,#1845,.T.);
#2417=ORIENTED_EDGE('',*,*,#1842,.T.);
#2418=ORIENTED_EDGE('',*,*,#1839,.T.);
#2419=ORIENTED_EDGE('',*,*,#1834,.T.);
#2420=ORIENTED_EDGE('',*,*,#1833,.T.);
#2421=ORIENTED_EDGE('',*,*,#1830,.T.);
#2422=ORIENTED_EDGE('',*,*,#1827,.T.);
#2423=ORIENTED_EDGE('',*,*,#1824,.T.);
#2424=ORIENTED_EDGE('',*,*,#1819,.T.);
#2425=ORIENTED_EDGE('',*,*,#1816,.T.);
#2426=ORIENTED_EDGE('',*,*,#1815,.T.);
#2427=ORIENTED_EDGE('',*,*,#1812,.T.);
#2428=ORIENTED_EDGE('',*,*,#1809,.T.);
#2429=ORIENTED_EDGE('',*,*,#1806,.T.);
#2430=ORIENTED_EDGE('',*,*,#1803,.T.);
#2431=ORIENTED_EDGE('',*,*,#1800,.T.);
#2432=ORIENTED_EDGE('',*,*,#1797,.T.);
#2433=ORIENTED_EDGE('',*,*,#1794,.T.);
#2434=ORIENTED_EDGE('',*,*,#1789,.T.);
#2435=ORIENTED_EDGE('',*,*,#1901,.F.);
#2436=ORIENTED_EDGE('',*,*,#1879,.T.);
#2437=ORIENTED_EDGE('',*,*,#1883,.F.);
#2438=ORIENTED_EDGE('',*,*,#1886,.T.);
#2439=ORIENTED_EDGE('',*,*,#1889,.F.);
#2440=ORIENTED_EDGE('',*,*,#1892,.T.);
#2441=ORIENTED_EDGE('',*,*,#1895,.F.);
#2442=ORIENTED_EDGE('',*,*,#1898,.T.);
#2443=ORIENTED_EDGE('',*,*,#1877,.F.);
#2444=ORIENTED_EDGE('',*,*,#1867,.F.);
#2445=ORIENTED_EDGE('',*,*,#1871,.F.);
#2446=ORIENTED_EDGE('',*,*,#1874,.F.);
#2447=ORIENTED_EDGE('',*,*,#1865,.F.);
#2448=ORIENTED_EDGE('',*,*,#1855,.F.);
#2449=ORIENTED_EDGE('',*,*,#1859,.F.);
#2450=ORIENTED_EDGE('',*,*,#1862,.F.);
#2451=ORIENTED_EDGE('',*,*,#1854,.F.);
#2452=ORIENTED_EDGE('',*,*,#1851,.F.);
#2453=ORIENTED_EDGE('',*,*,#1847,.F.);
#2454=ORIENTED_EDGE('',*,*,#1837,.F.);
#2455=ORIENTED_EDGE('',*,*,#1841,.F.);
#2456=ORIENTED_EDGE('',*,*,#1844,.F.);
#2457=ORIENTED_EDGE('',*,*,#1836,.F.);
#2458=ORIENTED_EDGE('',*,*,#1832,.F.);
#2459=ORIENTED_EDGE('',*,*,#1822,.F.);
#2460=ORIENTED_EDGE('',*,*,#1826,.F.);
#2461=ORIENTED_EDGE('',*,*,#1829,.F.);
#2462=ORIENTED_EDGE('',*,*,#1821,.F.);
#2463=ORIENTED_EDGE('',*,*,#1818,.F.);
#2464=ORIENTED_EDGE('',*,*,#1814,.F.);
#2465=ORIENTED_EDGE('',*,*,#1804,.F.);
#2466=ORIENTED_EDGE('',*,*,#1808,.F.);
#2467=ORIENTED_EDGE('',*,*,#1811,.F.);
#2468=ORIENTED_EDGE('',*,*,#1802,.F.);
#2469=ORIENTED_EDGE('',*,*,#1792,.F.);
#2470=ORIENTED_EDGE('',*,*,#1796,.F.);
#2471=ORIENTED_EDGE('',*,*,#1799,.F.);
#2472=ORIENTED_EDGE('',*,*,#1791,.F.);
#2473=ORIENTED_EDGE('',*,*,#1903,.F.);
#2474=ORIENTED_EDGE('',*,*,#1904,.T.);
#2475=ORIENTED_EDGE('',*,*,#1905,.T.);
#2476=ORIENTED_EDGE('',*,*,#1904,.F.);
#2477=ORIENTED_EDGE('',*,*,#1906,.F.);
#2478=ORIENTED_EDGE('',*,*,#1907,.T.);
#2479=ORIENTED_EDGE('',*,*,#1908,.T.);
#2480=ORIENTED_EDGE('',*,*,#1907,.F.);
#2481=ORIENTED_EDGE('',*,*,#1909,.T.);
#2482=ORIENTED_EDGE('',*,*,#1910,.T.);
#2483=ORIENTED_EDGE('',*,*,#1911,.F.);
#2484=ORIENTED_EDGE('',*,*,#1912,.F.);
#2485=ORIENTED_EDGE('',*,*,#1913,.T.);
#2486=ORIENTED_EDGE('',*,*,#1912,.T.);
#2487=ORIENTED_EDGE('',*,*,#1914,.F.);
#2488=ORIENTED_EDGE('',*,*,#1915,.F.);
#2489=ORIENTED_EDGE('',*,*,#1916,.T.);
#2490=ORIENTED_EDGE('',*,*,#1915,.T.);
#2491=ORIENTED_EDGE('',*,*,#1917,.F.);
#2492=ORIENTED_EDGE('',*,*,#1918,.F.);
#2493=ORIENTED_EDGE('',*,*,#1919,.T.);
#2494=ORIENTED_EDGE('',*,*,#1918,.T.);
#2495=ORIENTED_EDGE('',*,*,#1920,.F.);
#2496=ORIENTED_EDGE('',*,*,#1910,.F.);
#2497=ORIENTED_EDGE('',*,*,#1921,.T.);
#2498=ORIENTED_EDGE('',*,*,#1922,.T.);
#2499=ORIENTED_EDGE('',*,*,#1923,.F.);
#2500=ORIENTED_EDGE('',*,*,#1924,.F.);
#2501=ORIENTED_EDGE('',*,*,#1925,.T.);
#2502=ORIENTED_EDGE('',*,*,#1924,.T.);
#2503=ORIENTED_EDGE('',*,*,#1926,.F.);
#2504=ORIENTED_EDGE('',*,*,#1927,.F.);
#2505=ORIENTED_EDGE('',*,*,#1928,.T.);
#2506=ORIENTED_EDGE('',*,*,#1927,.T.);
#2507=ORIENTED_EDGE('',*,*,#1929,.F.);
#2508=ORIENTED_EDGE('',*,*,#1930,.F.);
#2509=ORIENTED_EDGE('',*,*,#1931,.T.);
#2510=ORIENTED_EDGE('',*,*,#1930,.T.);
#2511=ORIENTED_EDGE('',*,*,#1932,.F.);
#2512=ORIENTED_EDGE('',*,*,#1922,.F.);
#2513=ORIENTED_EDGE('',*,*,#1933,.T.);
#2514=ORIENTED_EDGE('',*,*,#1934,.T.);
#2515=ORIENTED_EDGE('',*,*,#1935,.F.);
#2516=ORIENTED_EDGE('',*,*,#1936,.F.);
#2517=ORIENTED_EDGE('',*,*,#1937,.T.);
#2518=ORIENTED_EDGE('',*,*,#1936,.T.);
#2519=ORIENTED_EDGE('',*,*,#1938,.F.);
#2520=ORIENTED_EDGE('',*,*,#1939,.F.);
#2521=ORIENTED_EDGE('',*,*,#1940,.T.);
#2522=ORIENTED_EDGE('',*,*,#1939,.T.);
#2523=ORIENTED_EDGE('',*,*,#1941,.F.);
#2524=ORIENTED_EDGE('',*,*,#1942,.F.);
#2525=ORIENTED_EDGE('',*,*,#1943,.T.);
#2526=ORIENTED_EDGE('',*,*,#1942,.T.);
#2527=ORIENTED_EDGE('',*,*,#1944,.F.);
#2528=ORIENTED_EDGE('',*,*,#1934,.F.);
#2529=ORIENTED_EDGE('',*,*,#1945,.T.);
#2530=ORIENTED_EDGE('',*,*,#1946,.T.);
#2531=ORIENTED_EDGE('',*,*,#1947,.F.);
#2532=ORIENTED_EDGE('',*,*,#1948,.F.);
#2533=ORIENTED_EDGE('',*,*,#1949,.T.);
#2534=ORIENTED_EDGE('',*,*,#1948,.T.);
#2535=ORIENTED_EDGE('',*,*,#1950,.F.);
#2536=ORIENTED_EDGE('',*,*,#1951,.F.);
#2537=ORIENTED_EDGE('',*,*,#1952,.T.);
#2538=ORIENTED_EDGE('',*,*,#1951,.T.);
#2539=ORIENTED_EDGE('',*,*,#1953,.F.);
#2540=ORIENTED_EDGE('',*,*,#1954,.F.);
#2541=ORIENTED_EDGE('',*,*,#1955,.T.);
#2542=ORIENTED_EDGE('',*,*,#1954,.T.);
#2543=ORIENTED_EDGE('',*,*,#1956,.F.);
#2544=ORIENTED_EDGE('',*,*,#1946,.F.);
#2545=ORIENTED_EDGE('',*,*,#1957,.T.);
#2546=ORIENTED_EDGE('',*,*,#1958,.T.);
#2547=ORIENTED_EDGE('',*,*,#1959,.F.);
#2548=ORIENTED_EDGE('',*,*,#1960,.F.);
#2549=ORIENTED_EDGE('',*,*,#1961,.T.);
#2550=ORIENTED_EDGE('',*,*,#1960,.T.);
#2551=ORIENTED_EDGE('',*,*,#1962,.F.);
#2552=ORIENTED_EDGE('',*,*,#1963,.F.);
#2553=ORIENTED_EDGE('',*,*,#1964,.T.);
#2554=ORIENTED_EDGE('',*,*,#1963,.T.);
#2555=ORIENTED_EDGE('',*,*,#1965,.F.);
#2556=ORIENTED_EDGE('',*,*,#1966,.F.);
#2557=ORIENTED_EDGE('',*,*,#1967,.T.);
#2558=ORIENTED_EDGE('',*,*,#1966,.T.);
#2559=ORIENTED_EDGE('',*,*,#1968,.F.);
#2560=ORIENTED_EDGE('',*,*,#1958,.F.);
#2561=ORIENTED_EDGE('',*,*,#1969,.T.);
#2562=ORIENTED_EDGE('',*,*,#1970,.T.);
#2563=ORIENTED_EDGE('',*,*,#1971,.F.);
#2564=ORIENTED_EDGE('',*,*,#1972,.F.);
#2565=ORIENTED_EDGE('',*,*,#1973,.T.);
#2566=ORIENTED_EDGE('',*,*,#1972,.T.);
#2567=ORIENTED_EDGE('',*,*,#1974,.F.);
#2568=ORIENTED_EDGE('',*,*,#1975,.F.);
#2569=ORIENTED_EDGE('',*,*,#1976,.T.);
#2570=ORIENTED_EDGE('',*,*,#1975,.T.);
#2571=ORIENTED_EDGE('',*,*,#1977,.F.);
#2572=ORIENTED_EDGE('',*,*,#1978,.F.);
#2573=ORIENTED_EDGE('',*,*,#1979,.T.);
#2574=ORIENTED_EDGE('',*,*,#1978,.T.);
#2575=ORIENTED_EDGE('',*,*,#1980,.F.);
#2576=ORIENTED_EDGE('',*,*,#1970,.F.);
#2577=ORIENTED_EDGE('',*,*,#1981,.F.);
#2578=ORIENTED_EDGE('',*,*,#1982,.T.);
#2579=ORIENTED_EDGE('',*,*,#1983,.T.);
#2580=ORIENTED_EDGE('',*,*,#1982,.F.);
#2581=ORIENTED_EDGE('',*,*,#1984,.F.);
#2582=ORIENTED_EDGE('',*,*,#1985,.T.);
#2583=ORIENTED_EDGE('',*,*,#1986,.T.);
#2584=ORIENTED_EDGE('',*,*,#1985,.F.);
#2585=ORIENTED_EDGE('',*,*,#1987,.F.);
#2586=ORIENTED_EDGE('',*,*,#1988,.T.);
#2587=ORIENTED_EDGE('',*,*,#1989,.T.);
#2588=ORIENTED_EDGE('',*,*,#1988,.F.);
#2589=ORIENTED_EDGE('',*,*,#1990,.F.);
#2590=ORIENTED_EDGE('',*,*,#1991,.T.);
#2591=ORIENTED_EDGE('',*,*,#1992,.T.);
#2592=ORIENTED_EDGE('',*,*,#1991,.F.);
#2593=ORIENTED_EDGE('',*,*,#1993,.F.);
#2594=ORIENTED_EDGE('',*,*,#1994,.T.);
#2595=ORIENTED_EDGE('',*,*,#1995,.F.);
#2596=ORIENTED_EDGE('',*,*,#1996,.F.);
#2597=ORIENTED_EDGE('',*,*,#1997,.T.);
#2598=ORIENTED_EDGE('',*,*,#1996,.T.);
#2599=ORIENTED_EDGE('',*,*,#1998,.F.);
#2600=ORIENTED_EDGE('',*,*,#1999,.F.);
#2601=ORIENTED_EDGE('',*,*,#2000,.F.);
#2602=ORIENTED_EDGE('',*,*,#1999,.T.);
#2603=ORIENTED_EDGE('',*,*,#2001,.F.);
#2604=ORIENTED_EDGE('',*,*,#2002,.F.);
#2605=ORIENTED_EDGE('',*,*,#2003,.T.);
#2606=ORIENTED_EDGE('',*,*,#2002,.T.);
#2607=ORIENTED_EDGE('',*,*,#2004,.F.);
#2608=ORIENTED_EDGE('',*,*,#2005,.F.);
#2609=ORIENTED_EDGE('',*,*,#2006,.F.);
#2610=ORIENTED_EDGE('',*,*,#2005,.T.);
#2611=ORIENTED_EDGE('',*,*,#2007,.F.);
#2612=ORIENTED_EDGE('',*,*,#2008,.F.);
#2613=ORIENTED_EDGE('',*,*,#2009,.T.);
#2614=ORIENTED_EDGE('',*,*,#2008,.T.);
#2615=ORIENTED_EDGE('',*,*,#2010,.F.);
#2616=ORIENTED_EDGE('',*,*,#2011,.F.);
#2617=ORIENTED_EDGE('',*,*,#2012,.F.);
#2618=ORIENTED_EDGE('',*,*,#2011,.T.);
#2619=ORIENTED_EDGE('',*,*,#2013,.F.);
#2620=ORIENTED_EDGE('',*,*,#2014,.F.);
#2621=ORIENTED_EDGE('',*,*,#2015,.T.);
#2622=ORIENTED_EDGE('',*,*,#2014,.T.);
#2623=ORIENTED_EDGE('',*,*,#2016,.F.);
#2624=ORIENTED_EDGE('',*,*,#1994,.F.);
#2625=ORIENTED_EDGE('',*,*,#2016,.T.);
#2626=ORIENTED_EDGE('',*,*,#2013,.T.);
#2627=ORIENTED_EDGE('',*,*,#2010,.T.);
#2628=ORIENTED_EDGE('',*,*,#2007,.T.);
#2629=ORIENTED_EDGE('',*,*,#2004,.T.);
#2630=ORIENTED_EDGE('',*,*,#2001,.T.);
#2631=ORIENTED_EDGE('',*,*,#1998,.T.);
#2632=ORIENTED_EDGE('',*,*,#1995,.T.);
#2633=ORIENTED_EDGE('',*,*,#1990,.T.);
#2634=ORIENTED_EDGE('',*,*,#1987,.T.);
#2635=ORIENTED_EDGE('',*,*,#1984,.T.);
#2636=ORIENTED_EDGE('',*,*,#1981,.T.);
#2637=ORIENTED_EDGE('',*,*,#1980,.T.);
#2638=ORIENTED_EDGE('',*,*,#1977,.T.);
#2639=ORIENTED_EDGE('',*,*,#1974,.T.);
#2640=ORIENTED_EDGE('',*,*,#1971,.T.);
#2641=ORIENTED_EDGE('',*,*,#1968,.T.);
#2642=ORIENTED_EDGE('',*,*,#1965,.T.);
#2643=ORIENTED_EDGE('',*,*,#1962,.T.);
#2644=ORIENTED_EDGE('',*,*,#1959,.T.);
#2645=ORIENTED_EDGE('',*,*,#1956,.T.);
#2646=ORIENTED_EDGE('',*,*,#1953,.T.);
#2647=ORIENTED_EDGE('',*,*,#1950,.T.);
#2648=ORIENTED_EDGE('',*,*,#1947,.T.);
#2649=ORIENTED_EDGE('',*,*,#1944,.T.);
#2650=ORIENTED_EDGE('',*,*,#1941,.T.);
#2651=ORIENTED_EDGE('',*,*,#1938,.T.);
#2652=ORIENTED_EDGE('',*,*,#1935,.T.);
#2653=ORIENTED_EDGE('',*,*,#1932,.T.);
#2654=ORIENTED_EDGE('',*,*,#1929,.T.);
#2655=ORIENTED_EDGE('',*,*,#1926,.T.);
#2656=ORIENTED_EDGE('',*,*,#1923,.T.);
#2657=ORIENTED_EDGE('',*,*,#1920,.T.);
#2658=ORIENTED_EDGE('',*,*,#1917,.T.);
#2659=ORIENTED_EDGE('',*,*,#1914,.T.);
#2660=ORIENTED_EDGE('',*,*,#1911,.T.);
#2661=ORIENTED_EDGE('',*,*,#1906,.T.);
#2662=ORIENTED_EDGE('',*,*,#1903,.T.);
#2663=ORIENTED_EDGE('',*,*,#2015,.F.);
#2664=ORIENTED_EDGE('',*,*,#1993,.T.);
#2665=ORIENTED_EDGE('',*,*,#1997,.F.);
#2666=ORIENTED_EDGE('',*,*,#2000,.T.);
#2667=ORIENTED_EDGE('',*,*,#2003,.F.);
#2668=ORIENTED_EDGE('',*,*,#2006,.T.);
#2669=ORIENTED_EDGE('',*,*,#2009,.F.);
#2670=ORIENTED_EDGE('',*,*,#2012,.T.);
#2671=ORIENTED_EDGE('',*,*,#1992,.F.);
#2672=ORIENTED_EDGE('',*,*,#1989,.F.);
#2673=ORIENTED_EDGE('',*,*,#1986,.F.);
#2674=ORIENTED_EDGE('',*,*,#1983,.F.);
#2675=ORIENTED_EDGE('',*,*,#1979,.F.);
#2676=ORIENTED_EDGE('',*,*,#1969,.F.);
#2677=ORIENTED_EDGE('',*,*,#1973,.F.);
#2678=ORIENTED_EDGE('',*,*,#1976,.F.);
#2679=ORIENTED_EDGE('',*,*,#1967,.F.);
#2680=ORIENTED_EDGE('',*,*,#1957,.F.);
#2681=ORIENTED_EDGE('',*,*,#1961,.F.);
#2682=ORIENTED_EDGE('',*,*,#1964,.F.);
#2683=ORIENTED_EDGE('',*,*,#1955,.F.);
#2684=ORIENTED_EDGE('',*,*,#1945,.F.);
#2685=ORIENTED_EDGE('',*,*,#1949,.F.);
#2686=ORIENTED_EDGE('',*,*,#1952,.F.);
#2687=ORIENTED_EDGE('',*,*,#1943,.F.);
#2688=ORIENTED_EDGE('',*,*,#1933,.F.);
#2689=ORIENTED_EDGE('',*,*,#1937,.F.);
#2690=ORIENTED_EDGE('',*,*,#1940,.F.);
#2691=ORIENTED_EDGE('',*,*,#1931,.F.);
#2692=ORIENTED_EDGE('',*,*,#1921,.F.);
#2693=ORIENTED_EDGE('',*,*,#1925,.F.);
#2694=ORIENTED_EDGE('',*,*,#1928,.F.);
#2695=ORIENTED_EDGE('',*,*,#1919,.F.);
#2696=ORIENTED_EDGE('',*,*,#1909,.F.);
#2697=ORIENTED_EDGE('',*,*,#1913,.F.);
#2698=ORIENTED_EDGE('',*,*,#1916,.F.);
#2699=ORIENTED_EDGE('',*,*,#1908,.F.);
#2700=ORIENTED_EDGE('',*,*,#1905,.F.);
#2701=ORIENTED_EDGE('',*,*,#2017,.F.);
#2702=ORIENTED_EDGE('',*,*,#2018,.T.);
#2703=ORIENTED_EDGE('',*,*,#2019,.T.);
#2704=ORIENTED_EDGE('',*,*,#2018,.F.);
#2705=ORIENTED_EDGE('',*,*,#2020,.F.);
#2706=ORIENTED_EDGE('',*,*,#2021,.T.);
#2707=ORIENTED_EDGE('',*,*,#2022,.T.);
#2708=ORIENTED_EDGE('',*,*,#2021,.F.);
#2709=ORIENTED_EDGE('',*,*,#2023,.F.);
#2710=ORIENTED_EDGE('',*,*,#2024,.T.);
#2711=ORIENTED_EDGE('',*,*,#2025,.T.);
#2712=ORIENTED_EDGE('',*,*,#2024,.F.);
#2713=ORIENTED_EDGE('',*,*,#2026,.F.);
#2714=ORIENTED_EDGE('',*,*,#2027,.T.);
#2715=ORIENTED_EDGE('',*,*,#2028,.T.);
#2716=ORIENTED_EDGE('',*,*,#2027,.F.);
#2717=ORIENTED_EDGE('',*,*,#2029,.T.);
#2718=ORIENTED_EDGE('',*,*,#2030,.T.);
#2719=ORIENTED_EDGE('',*,*,#2031,.F.);
#2720=ORIENTED_EDGE('',*,*,#2032,.F.);
#2721=ORIENTED_EDGE('',*,*,#2033,.T.);
#2722=ORIENTED_EDGE('',*,*,#2032,.T.);
#2723=ORIENTED_EDGE('',*,*,#2034,.F.);
#2724=ORIENTED_EDGE('',*,*,#2035,.F.);
#2725=ORIENTED_EDGE('',*,*,#2036,.T.);
#2726=ORIENTED_EDGE('',*,*,#2035,.T.);
#2727=ORIENTED_EDGE('',*,*,#2037,.F.);
#2728=ORIENTED_EDGE('',*,*,#2038,.F.);
#2729=ORIENTED_EDGE('',*,*,#2039,.T.);
#2730=ORIENTED_EDGE('',*,*,#2038,.T.);
#2731=ORIENTED_EDGE('',*,*,#2040,.F.);
#2732=ORIENTED_EDGE('',*,*,#2030,.F.);
#2733=ORIENTED_EDGE('',*,*,#2041,.T.);
#2734=ORIENTED_EDGE('',*,*,#2042,.T.);
#2735=ORIENTED_EDGE('',*,*,#2043,.F.);
#2736=ORIENTED_EDGE('',*,*,#2044,.F.);
#2737=ORIENTED_EDGE('',*,*,#2045,.T.);
#2738=ORIENTED_EDGE('',*,*,#2044,.T.);
#2739=ORIENTED_EDGE('',*,*,#2046,.F.);
#2740=ORIENTED_EDGE('',*,*,#2047,.F.);
#2741=ORIENTED_EDGE('',*,*,#2048,.T.);
#2742=ORIENTED_EDGE('',*,*,#2047,.T.);
#2743=ORIENTED_EDGE('',*,*,#2049,.F.);
#2744=ORIENTED_EDGE('',*,*,#2050,.F.);
#2745=ORIENTED_EDGE('',*,*,#2051,.T.);
#2746=ORIENTED_EDGE('',*,*,#2050,.T.);
#2747=ORIENTED_EDGE('',*,*,#2052,.F.);
#2748=ORIENTED_EDGE('',*,*,#2042,.F.);
#2749=ORIENTED_EDGE('',*,*,#2053,.T.);
#2750=ORIENTED_EDGE('',*,*,#2054,.T.);
#2751=ORIENTED_EDGE('',*,*,#2055,.F.);
#2752=ORIENTED_EDGE('',*,*,#2056,.F.);
#2753=ORIENTED_EDGE('',*,*,#2057,.T.);
#2754=ORIENTED_EDGE('',*,*,#2056,.T.);
#2755=ORIENTED_EDGE('',*,*,#2058,.F.);
#2756=ORIENTED_EDGE('',*,*,#2059,.F.);
#2757=ORIENTED_EDGE('',*,*,#2060,.T.);
#2758=ORIENTED_EDGE('',*,*,#2059,.T.);
#2759=ORIENTED_EDGE('',*,*,#2061,.F.);
#2760=ORIENTED_EDGE('',*,*,#2062,.F.);
#2761=ORIENTED_EDGE('',*,*,#2063,.T.);
#2762=ORIENTED_EDGE('',*,*,#2062,.T.);
#2763=ORIENTED_EDGE('',*,*,#2064,.F.);
#2764=ORIENTED_EDGE('',*,*,#2054,.F.);
#2765=ORIENTED_EDGE('',*,*,#2065,.T.);
#2766=ORIENTED_EDGE('',*,*,#2066,.T.);
#2767=ORIENTED_EDGE('',*,*,#2067,.F.);
#2768=ORIENTED_EDGE('',*,*,#2068,.F.);
#2769=ORIENTED_EDGE('',*,*,#2069,.T.);
#2770=ORIENTED_EDGE('',*,*,#2068,.T.);
#2771=ORIENTED_EDGE('',*,*,#2070,.F.);
#2772=ORIENTED_EDGE('',*,*,#2071,.F.);
#2773=ORIENTED_EDGE('',*,*,#2072,.T.);
#2774=ORIENTED_EDGE('',*,*,#2071,.T.);
#2775=ORIENTED_EDGE('',*,*,#2073,.F.);
#2776=ORIENTED_EDGE('',*,*,#2074,.F.);
#2777=ORIENTED_EDGE('',*,*,#2075,.T.);
#2778=ORIENTED_EDGE('',*,*,#2074,.T.);
#2779=ORIENTED_EDGE('',*,*,#2076,.F.);
#2780=ORIENTED_EDGE('',*,*,#2066,.F.);
#2781=ORIENTED_EDGE('',*,*,#2077,.T.);
#2782=ORIENTED_EDGE('',*,*,#2078,.T.);
#2783=ORIENTED_EDGE('',*,*,#2079,.F.);
#2784=ORIENTED_EDGE('',*,*,#2080,.F.);
#2785=ORIENTED_EDGE('',*,*,#2081,.T.);
#2786=ORIENTED_EDGE('',*,*,#2080,.T.);
#2787=ORIENTED_EDGE('',*,*,#2082,.F.);
#2788=ORIENTED_EDGE('',*,*,#2083,.F.);
#2789=ORIENTED_EDGE('',*,*,#2084,.T.);
#2790=ORIENTED_EDGE('',*,*,#2083,.T.);
#2791=ORIENTED_EDGE('',*,*,#2085,.F.);
#2792=ORIENTED_EDGE('',*,*,#2086,.F.);
#2793=ORIENTED_EDGE('',*,*,#2087,.T.);
#2794=ORIENTED_EDGE('',*,*,#2086,.T.);
#2795=ORIENTED_EDGE('',*,*,#2088,.F.);
#2796=ORIENTED_EDGE('',*,*,#2078,.F.);
#2797=ORIENTED_EDGE('',*,*,#2089,.T.);
#2798=ORIENTED_EDGE('',*,*,#2090,.T.);
#2799=ORIENTED_EDGE('',*,*,#2091,.F.);
#2800=ORIENTED_EDGE('',*,*,#2092,.F.);
#2801=ORIENTED_EDGE('',*,*,#2093,.T.);
#2802=ORIENTED_EDGE('',*,*,#2092,.T.);
#2803=ORIENTED_EDGE('',*,*,#2094,.F.);
#2804=ORIENTED_EDGE('',*,*,#2095,.F.);
#2805=ORIENTED_EDGE('',*,*,#2096,.T.);
#2806=ORIENTED_EDGE('',*,*,#2095,.T.);
#2807=ORIENTED_EDGE('',*,*,#2097,.F.);
#2808=ORIENTED_EDGE('',*,*,#2098,.F.);
#2809=ORIENTED_EDGE('',*,*,#2099,.T.);
#2810=ORIENTED_EDGE('',*,*,#2098,.T.);
#2811=ORIENTED_EDGE('',*,*,#2100,.F.);
#2812=ORIENTED_EDGE('',*,*,#2090,.F.);
#2813=ORIENTED_EDGE('',*,*,#2101,.F.);
#2814=ORIENTED_EDGE('',*,*,#2102,.T.);
#2815=ORIENTED_EDGE('',*,*,#2103,.T.);
#2816=ORIENTED_EDGE('',*,*,#2102,.F.);
#2817=ORIENTED_EDGE('',*,*,#2104,.F.);
#2818=ORIENTED_EDGE('',*,*,#2105,.T.);
#2819=ORIENTED_EDGE('',*,*,#2106,.T.);
#2820=ORIENTED_EDGE('',*,*,#2105,.F.);
#2821=ORIENTED_EDGE('',*,*,#2107,.F.);
#2822=ORIENTED_EDGE('',*,*,#2108,.T.);
#2823=ORIENTED_EDGE('',*,*,#2109,.F.);
#2824=ORIENTED_EDGE('',*,*,#2110,.F.);
#2825=ORIENTED_EDGE('',*,*,#2111,.T.);
#2826=ORIENTED_EDGE('',*,*,#2110,.T.);
#2827=ORIENTED_EDGE('',*,*,#2112,.F.);
#2828=ORIENTED_EDGE('',*,*,#2113,.F.);
#2829=ORIENTED_EDGE('',*,*,#2114,.F.);
#2830=ORIENTED_EDGE('',*,*,#2113,.T.);
#2831=ORIENTED_EDGE('',*,*,#2115,.F.);
#2832=ORIENTED_EDGE('',*,*,#2116,.F.);
#2833=ORIENTED_EDGE('',*,*,#2117,.T.);
#2834=ORIENTED_EDGE('',*,*,#2116,.T.);
#2835=ORIENTED_EDGE('',*,*,#2118,.F.);
#2836=ORIENTED_EDGE('',*,*,#2119,.F.);
#2837=ORIENTED_EDGE('',*,*,#2120,.F.);
#2838=ORIENTED_EDGE('',*,*,#2119,.T.);
#2839=ORIENTED_EDGE('',*,*,#2121,.F.);
#2840=ORIENTED_EDGE('',*,*,#2122,.F.);
#2841=ORIENTED_EDGE('',*,*,#2123,.T.);
#2842=ORIENTED_EDGE('',*,*,#2122,.T.);
#2843=ORIENTED_EDGE('',*,*,#2124,.F.);
#2844=ORIENTED_EDGE('',*,*,#2125,.F.);
#2845=ORIENTED_EDGE('',*,*,#2126,.F.);
#2846=ORIENTED_EDGE('',*,*,#2125,.T.);
#2847=ORIENTED_EDGE('',*,*,#2127,.F.);
#2848=ORIENTED_EDGE('',*,*,#2128,.F.);
#2849=ORIENTED_EDGE('',*,*,#2129,.T.);
#2850=ORIENTED_EDGE('',*,*,#2128,.T.);
#2851=ORIENTED_EDGE('',*,*,#2130,.F.);
#2852=ORIENTED_EDGE('',*,*,#2108,.F.);
#2853=ORIENTED_EDGE('',*,*,#2130,.T.);
#2854=ORIENTED_EDGE('',*,*,#2127,.T.);
#2855=ORIENTED_EDGE('',*,*,#2124,.T.);
#2856=ORIENTED_EDGE('',*,*,#2121,.T.);
#2857=ORIENTED_EDGE('',*,*,#2118,.T.);
#2858=ORIENTED_EDGE('',*,*,#2115,.T.);
#2859=ORIENTED_EDGE('',*,*,#2112,.T.);
#2860=ORIENTED_EDGE('',*,*,#2109,.T.);
#2861=ORIENTED_EDGE('',*,*,#2104,.T.);
#2862=ORIENTED_EDGE('',*,*,#2101,.T.);
#2863=ORIENTED_EDGE('',*,*,#2100,.T.);
#2864=ORIENTED_EDGE('',*,*,#2097,.T.);
#2865=ORIENTED_EDGE('',*,*,#2094,.T.);
#2866=ORIENTED_EDGE('',*,*,#2091,.T.);
#2867=ORIENTED_EDGE('',*,*,#2088,.T.);
#2868=ORIENTED_EDGE('',*,*,#2085,.T.);
#2869=ORIENTED_EDGE('',*,*,#2082,.T.);
#2870=ORIENTED_EDGE('',*,*,#2079,.T.);
#2871=ORIENTED_EDGE('',*,*,#2076,.T.);
#2872=ORIENTED_EDGE('',*,*,#2073,.T.);
#2873=ORIENTED_EDGE('',*,*,#2070,.T.);
#2874=ORIENTED_EDGE('',*,*,#2067,.T.);
#2875=ORIENTED_EDGE('',*,*,#2064,.T.);
#2876=ORIENTED_EDGE('',*,*,#2061,.T.);
#2877=ORIENTED_EDGE('',*,*,#2058,.T.);
#2878=ORIENTED_EDGE('',*,*,#2055,.T.);
#2879=ORIENTED_EDGE('',*,*,#2052,.T.);
#2880=ORIENTED_EDGE('',*,*,#2049,.T.);
#2881=ORIENTED_EDGE('',*,*,#2046,.T.);
#2882=ORIENTED_EDGE('',*,*,#2043,.T.);
#2883=ORIENTED_EDGE('',*,*,#2040,.T.);
#2884=ORIENTED_EDGE('',*,*,#2037,.T.);
#2885=ORIENTED_EDGE('',*,*,#2034,.T.);
#2886=ORIENTED_EDGE('',*,*,#2031,.T.);
#2887=ORIENTED_EDGE('',*,*,#2026,.T.);
#2888=ORIENTED_EDGE('',*,*,#2023,.T.);
#2889=ORIENTED_EDGE('',*,*,#2020,.T.);
#2890=ORIENTED_EDGE('',*,*,#2017,.T.);
#2891=ORIENTED_EDGE('',*,*,#2129,.F.);
#2892=ORIENTED_EDGE('',*,*,#2107,.T.);
#2893=ORIENTED_EDGE('',*,*,#2111,.F.);
#2894=ORIENTED_EDGE('',*,*,#2114,.T.);
#2895=ORIENTED_EDGE('',*,*,#2117,.F.);
#2896=ORIENTED_EDGE('',*,*,#2120,.T.);
#2897=ORIENTED_EDGE('',*,*,#2123,.F.);
#2898=ORIENTED_EDGE('',*,*,#2126,.T.);
#2899=ORIENTED_EDGE('',*,*,#2106,.F.);
#2900=ORIENTED_EDGE('',*,*,#2103,.F.);
#2901=ORIENTED_EDGE('',*,*,#2099,.F.);
#2902=ORIENTED_EDGE('',*,*,#2089,.F.);
#2903=ORIENTED_EDGE('',*,*,#2093,.F.);
#2904=ORIENTED_EDGE('',*,*,#2096,.F.);
#2905=ORIENTED_EDGE('',*,*,#2087,.F.);
#2906=ORIENTED_EDGE('',*,*,#2077,.F.);
#2907=ORIENTED_EDGE('',*,*,#2081,.F.);
#2908=ORIENTED_EDGE('',*,*,#2084,.F.);
#2909=ORIENTED_EDGE('',*,*,#2075,.F.);
#2910=ORIENTED_EDGE('',*,*,#2065,.F.);
#2911=ORIENTED_EDGE('',*,*,#2069,.F.);
#2912=ORIENTED_EDGE('',*,*,#2072,.F.);
#2913=ORIENTED_EDGE('',*,*,#2063,.F.);
#2914=ORIENTED_EDGE('',*,*,#2053,.F.);
#2915=ORIENTED_EDGE('',*,*,#2057,.F.);
#2916=ORIENTED_EDGE('',*,*,#2060,.F.);
#2917=ORIENTED_EDGE('',*,*,#2051,.F.);
#2918=ORIENTED_EDGE('',*,*,#2041,.F.);
#2919=ORIENTED_EDGE('',*,*,#2045,.F.);
#2920=ORIENTED_EDGE('',*,*,#2048,.F.);
#2921=ORIENTED_EDGE('',*,*,#2039,.F.);
#2922=ORIENTED_EDGE('',*,*,#2029,.F.);
#2923=ORIENTED_EDGE('',*,*,#2033,.F.);
#2924=ORIENTED_EDGE('',*,*,#2036,.F.);
#2925=ORIENTED_EDGE('',*,*,#2028,.F.);
#2926=ORIENTED_EDGE('',*,*,#2025,.F.);
#2927=ORIENTED_EDGE('',*,*,#2022,.F.);
#2928=ORIENTED_EDGE('',*,*,#2019,.F.);
#2929=ORIENTED_EDGE('',*,*,#2131,.T.);
#2930=ORIENTED_EDGE('',*,*,#2132,.T.);
#2931=ORIENTED_EDGE('',*,*,#2133,.F.);
#2932=ORIENTED_EDGE('',*,*,#2134,.F.);
#2933=ORIENTED_EDGE('',*,*,#2135,.T.);
#2934=ORIENTED_EDGE('',*,*,#2134,.T.);
#2935=ORIENTED_EDGE('',*,*,#2136,.F.);
#2936=ORIENTED_EDGE('',*,*,#2137,.F.);
#2937=ORIENTED_EDGE('',*,*,#2138,.T.);
#2938=ORIENTED_EDGE('',*,*,#2137,.T.);
#2939=ORIENTED_EDGE('',*,*,#2139,.F.);
#2940=ORIENTED_EDGE('',*,*,#2140,.F.);
#2941=ORIENTED_EDGE('',*,*,#2141,.T.);
#2942=ORIENTED_EDGE('',*,*,#2140,.T.);
#2943=ORIENTED_EDGE('',*,*,#2142,.F.);
#2944=ORIENTED_EDGE('',*,*,#2132,.F.);
#2945=ORIENTED_EDGE('',*,*,#2143,.F.);
#2946=ORIENTED_EDGE('',*,*,#2144,.T.);
#2947=ORIENTED_EDGE('',*,*,#2145,.T.);
#2948=ORIENTED_EDGE('',*,*,#2144,.F.);
#2949=ORIENTED_EDGE('',*,*,#2146,.F.);
#2950=ORIENTED_EDGE('',*,*,#2147,.T.);
#2951=ORIENTED_EDGE('',*,*,#2148,.T.);
#2952=ORIENTED_EDGE('',*,*,#2147,.F.);
#2953=ORIENTED_EDGE('',*,*,#2149,.T.);
#2954=ORIENTED_EDGE('',*,*,#2150,.T.);
#2955=ORIENTED_EDGE('',*,*,#2151,.F.);
#2956=ORIENTED_EDGE('',*,*,#2152,.F.);
#2957=ORIENTED_EDGE('',*,*,#2153,.T.);
#2958=ORIENTED_EDGE('',*,*,#2152,.T.);
#2959=ORIENTED_EDGE('',*,*,#2154,.F.);
#2960=ORIENTED_EDGE('',*,*,#2155,.F.);
#2961=ORIENTED_EDGE('',*,*,#2156,.T.);
#2962=ORIENTED_EDGE('',*,*,#2155,.T.);
#2963=ORIENTED_EDGE('',*,*,#2157,.F.);
#2964=ORIENTED_EDGE('',*,*,#2158,.F.);
#2965=ORIENTED_EDGE('',*,*,#2159,.T.);
#2966=ORIENTED_EDGE('',*,*,#2158,.T.);
#2967=ORIENTED_EDGE('',*,*,#2160,.F.);
#2968=ORIENTED_EDGE('',*,*,#2150,.F.);
#2969=ORIENTED_EDGE('',*,*,#2161,.T.);
#2970=ORIENTED_EDGE('',*,*,#2162,.T.);
#2971=ORIENTED_EDGE('',*,*,#2163,.F.);
#2972=ORIENTED_EDGE('',*,*,#2164,.F.);
#2973=ORIENTED_EDGE('',*,*,#2165,.T.);
#2974=ORIENTED_EDGE('',*,*,#2164,.T.);
#2975=ORIENTED_EDGE('',*,*,#2166,.F.);
#2976=ORIENTED_EDGE('',*,*,#2167,.F.);
#2977=ORIENTED_EDGE('',*,*,#2168,.T.);
#2978=ORIENTED_EDGE('',*,*,#2167,.T.);
#2979=ORIENTED_EDGE('',*,*,#2169,.F.);
#2980=ORIENTED_EDGE('',*,*,#2170,.F.);
#2981=ORIENTED_EDGE('',*,*,#2171,.T.);
#2982=ORIENTED_EDGE('',*,*,#2170,.T.);
#2983=ORIENTED_EDGE('',*,*,#2172,.F.);
#2984=ORIENTED_EDGE('',*,*,#2162,.F.);
#2985=ORIENTED_EDGE('',*,*,#2173,.F.);
#2986=ORIENTED_EDGE('',*,*,#2174,.T.);
#2987=ORIENTED_EDGE('',*,*,#2175,.T.);
#2988=ORIENTED_EDGE('',*,*,#2174,.F.);
#2989=ORIENTED_EDGE('',*,*,#2176,.T.);
#2990=ORIENTED_EDGE('',*,*,#2177,.T.);
#2991=ORIENTED_EDGE('',*,*,#2178,.F.);
#2992=ORIENTED_EDGE('',*,*,#2179,.F.);
#2993=ORIENTED_EDGE('',*,*,#2180,.T.);
#2994=ORIENTED_EDGE('',*,*,#2179,.T.);
#2995=ORIENTED_EDGE('',*,*,#2181,.F.);
#2996=ORIENTED_EDGE('',*,*,#2182,.F.);
#2997=ORIENTED_EDGE('',*,*,#2183,.T.);
#2998=ORIENTED_EDGE('',*,*,#2182,.T.);
#2999=ORIENTED_EDGE('',*,*,#2184,.F.);
#3000=ORIENTED_EDGE('',*,*,#2185,.F.);
#3001=ORIENTED_EDGE('',*,*,#2186,.T.);
#3002=ORIENTED_EDGE('',*,*,#2185,.T.);
#3003=ORIENTED_EDGE('',*,*,#2187,.F.);
#3004=ORIENTED_EDGE('',*,*,#2177,.F.);
#3005=ORIENTED_EDGE('',*,*,#2188,.T.);
#3006=ORIENTED_EDGE('',*,*,#2189,.T.);
#3007=ORIENTED_EDGE('',*,*,#2190,.F.);
#3008=ORIENTED_EDGE('',*,*,#2191,.F.);
#3009=ORIENTED_EDGE('',*,*,#2192,.T.);
#3010=ORIENTED_EDGE('',*,*,#2191,.T.);
#3011=ORIENTED_EDGE('',*,*,#2193,.F.);
#3012=ORIENTED_EDGE('',*,*,#2194,.F.);
#3013=ORIENTED_EDGE('',*,*,#2195,.T.);
#3014=ORIENTED_EDGE('',*,*,#2194,.T.);
#3015=ORIENTED_EDGE('',*,*,#2196,.F.);
#3016=ORIENTED_EDGE('',*,*,#2197,.F.);
#3017=ORIENTED_EDGE('',*,*,#2198,.T.);
#3018=ORIENTED_EDGE('',*,*,#2197,.T.);
#3019=ORIENTED_EDGE('',*,*,#2199,.F.);
#3020=ORIENTED_EDGE('',*,*,#2189,.F.);
#3021=ORIENTED_EDGE('',*,*,#2200,.F.);
#3022=ORIENTED_EDGE('',*,*,#2201,.T.);
#3023=ORIENTED_EDGE('',*,*,#2202,.T.);
#3024=ORIENTED_EDGE('',*,*,#2201,.F.);
#3025=ORIENTED_EDGE('',*,*,#2203,.T.);
#3026=ORIENTED_EDGE('',*,*,#2204,.T.);
#3027=ORIENTED_EDGE('',*,*,#2205,.F.);
#3028=ORIENTED_EDGE('',*,*,#2206,.F.);
#3029=ORIENTED_EDGE('',*,*,#2207,.T.);
#3030=ORIENTED_EDGE('',*,*,#2206,.T.);
#3031=ORIENTED_EDGE('',*,*,#2208,.F.);
#3032=ORIENTED_EDGE('',*,*,#2209,.F.);
#3033=ORIENTED_EDGE('',*,*,#2210,.T.);
#3034=ORIENTED_EDGE('',*,*,#2209,.T.);
#3035=ORIENTED_EDGE('',*,*,#2211,.F.);
#3036=ORIENTED_EDGE('',*,*,#2212,.F.);
#3037=ORIENTED_EDGE('',*,*,#2213,.T.);
#3038=ORIENTED_EDGE('',*,*,#2212,.T.);
#3039=ORIENTED_EDGE('',*,*,#2214,.F.);
#3040=ORIENTED_EDGE('',*,*,#2204,.F.);
#3041=ORIENTED_EDGE('',*,*,#2215,.F.);
#3042=ORIENTED_EDGE('',*,*,#2216,.T.);
#3043=ORIENTED_EDGE('',*,*,#2217,.T.);
#3044=ORIENTED_EDGE('',*,*,#2216,.F.);
#3045=ORIENTED_EDGE('',*,*,#2218,.F.);
#3046=ORIENTED_EDGE('',*,*,#2219,.T.);
#3047=ORIENTED_EDGE('',*,*,#2220,.T.);
#3048=ORIENTED_EDGE('',*,*,#2219,.F.);
#3049=ORIENTED_EDGE('',*,*,#2221,.F.);
#3050=ORIENTED_EDGE('',*,*,#2222,.T.);
#3051=ORIENTED_EDGE('',*,*,#2223,.F.);
#3052=ORIENTED_EDGE('',*,*,#2224,.F.);
#3053=ORIENTED_EDGE('',*,*,#2225,.T.);
#3054=ORIENTED_EDGE('',*,*,#2224,.T.);
#3055=ORIENTED_EDGE('',*,*,#2226,.F.);
#3056=ORIENTED_EDGE('',*,*,#2227,.F.);
#3057=ORIENTED_EDGE('',*,*,#2228,.F.);
#3058=ORIENTED_EDGE('',*,*,#2227,.T.);
#3059=ORIENTED_EDGE('',*,*,#2229,.F.);
#3060=ORIENTED_EDGE('',*,*,#2230,.F.);
#3061=ORIENTED_EDGE('',*,*,#2231,.T.);
#3062=ORIENTED_EDGE('',*,*,#2230,.T.);
#3063=ORIENTED_EDGE('',*,*,#2232,.F.);
#3064=ORIENTED_EDGE('',*,*,#2233,.F.);
#3065=ORIENTED_EDGE('',*,*,#2234,.F.);
#3066=ORIENTED_EDGE('',*,*,#2233,.T.);
#3067=ORIENTED_EDGE('',*,*,#2235,.F.);
#3068=ORIENTED_EDGE('',*,*,#2236,.F.);
#3069=ORIENTED_EDGE('',*,*,#2237,.T.);
#3070=ORIENTED_EDGE('',*,*,#2236,.T.);
#3071=ORIENTED_EDGE('',*,*,#2238,.F.);
#3072=ORIENTED_EDGE('',*,*,#2239,.F.);
#3073=ORIENTED_EDGE('',*,*,#2240,.F.);
#3074=ORIENTED_EDGE('',*,*,#2239,.T.);
#3075=ORIENTED_EDGE('',*,*,#2241,.F.);
#3076=ORIENTED_EDGE('',*,*,#2242,.F.);
#3077=ORIENTED_EDGE('',*,*,#2243,.T.);
#3078=ORIENTED_EDGE('',*,*,#2242,.T.);
#3079=ORIENTED_EDGE('',*,*,#2244,.F.);
#3080=ORIENTED_EDGE('',*,*,#2222,.F.);
#3081=ORIENTED_EDGE('',*,*,#2244,.T.);
#3082=ORIENTED_EDGE('',*,*,#2241,.T.);
#3083=ORIENTED_EDGE('',*,*,#2238,.T.);
#3084=ORIENTED_EDGE('',*,*,#2235,.T.);
#3085=ORIENTED_EDGE('',*,*,#2232,.T.);
#3086=ORIENTED_EDGE('',*,*,#2229,.T.);
#3087=ORIENTED_EDGE('',*,*,#2226,.T.);
#3088=ORIENTED_EDGE('',*,*,#2223,.T.);
#3089=ORIENTED_EDGE('',*,*,#2218,.T.);
#3090=ORIENTED_EDGE('',*,*,#2215,.T.);
#3091=ORIENTED_EDGE('',*,*,#2214,.T.);
#3092=ORIENTED_EDGE('',*,*,#2211,.T.);
#3093=ORIENTED_EDGE('',*,*,#2208,.T.);
#3094=ORIENTED_EDGE('',*,*,#2205,.T.);
#3095=ORIENTED_EDGE('',*,*,#2200,.T.);
#3096=ORIENTED_EDGE('',*,*,#2199,.T.);
#3097=ORIENTED_EDGE('',*,*,#2196,.T.);
#3098=ORIENTED_EDGE('',*,*,#2193,.T.);
#3099=ORIENTED_EDGE('',*,*,#2190,.T.);
#3100=ORIENTED_EDGE('',*,*,#2187,.T.);
#3101=ORIENTED_EDGE('',*,*,#2184,.T.);
#3102=ORIENTED_EDGE('',*,*,#2181,.T.);
#3103=ORIENTED_EDGE('',*,*,#2178,.T.);
#3104=ORIENTED_EDGE('',*,*,#2173,.T.);
#3105=ORIENTED_EDGE('',*,*,#2172,.T.);
#3106=ORIENTED_EDGE('',*,*,#2169,.T.);
#3107=ORIENTED_EDGE('',*,*,#2166,.T.);
#3108=ORIENTED_EDGE('',*,*,#2163,.T.);
#3109=ORIENTED_EDGE('',*,*,#2160,.T.);
#3110=ORIENTED_EDGE('',*,*,#2157,.T.);
#3111=ORIENTED_EDGE('',*,*,#2154,.T.);
#3112=ORIENTED_EDGE('',*,*,#2151,.T.);
#3113=ORIENTED_EDGE('',*,*,#2146,.T.);
#3114=ORIENTED_EDGE('',*,*,#2143,.T.);
#3115=ORIENTED_EDGE('',*,*,#2142,.T.);
#3116=ORIENTED_EDGE('',*,*,#2139,.T.);
#3117=ORIENTED_EDGE('',*,*,#2136,.T.);
#3118=ORIENTED_EDGE('',*,*,#2133,.T.);
#3119=ORIENTED_EDGE('',*,*,#2243,.F.);
#3120=ORIENTED_EDGE('',*,*,#2221,.T.);
#3121=ORIENTED_EDGE('',*,*,#2225,.F.);
#3122=ORIENTED_EDGE('',*,*,#2228,.T.);
#3123=ORIENTED_EDGE('',*,*,#2231,.F.);
#3124=ORIENTED_EDGE('',*,*,#2234,.T.);
#3125=ORIENTED_EDGE('',*,*,#2237,.F.);
#3126=ORIENTED_EDGE('',*,*,#2240,.T.);
#3127=ORIENTED_EDGE('',*,*,#2220,.F.);
#3128=ORIENTED_EDGE('',*,*,#2217,.F.);
#3129=ORIENTED_EDGE('',*,*,#2213,.F.);
#3130=ORIENTED_EDGE('',*,*,#2203,.F.);
#3131=ORIENTED_EDGE('',*,*,#2207,.F.);
#3132=ORIENTED_EDGE('',*,*,#2210,.F.);
#3133=ORIENTED_EDGE('',*,*,#2202,.F.);
#3134=ORIENTED_EDGE('',*,*,#2198,.F.);
#3135=ORIENTED_EDGE('',*,*,#2188,.F.);
#3136=ORIENTED_EDGE('',*,*,#2192,.F.);
#3137=ORIENTED_EDGE('',*,*,#2195,.F.);
#3138=ORIENTED_EDGE('',*,*,#2186,.F.);
#3139=ORIENTED_EDGE('',*,*,#2176,.F.);
#3140=ORIENTED_EDGE('',*,*,#2180,.F.);
#3141=ORIENTED_EDGE('',*,*,#2183,.F.);
#3142=ORIENTED_EDGE('',*,*,#2175,.F.);
#3143=ORIENTED_EDGE('',*,*,#2171,.F.);
#3144=ORIENTED_EDGE('',*,*,#2161,.F.);
#3145=ORIENTED_EDGE('',*,*,#2165,.F.);
#3146=ORIENTED_EDGE('',*,*,#2168,.F.);
#3147=ORIENTED_EDGE('',*,*,#2159,.F.);
#3148=ORIENTED_EDGE('',*,*,#2149,.F.);
#3149=ORIENTED_EDGE('',*,*,#2153,.F.);
#3150=ORIENTED_EDGE('',*,*,#2156,.F.);
#3151=ORIENTED_EDGE('',*,*,#2148,.F.);
#3152=ORIENTED_EDGE('',*,*,#2145,.F.);
#3153=ORIENTED_EDGE('',*,*,#2141,.F.);
#3154=ORIENTED_EDGE('',*,*,#2131,.F.);
#3155=ORIENTED_EDGE('',*,*,#2135,.F.);
#3156=ORIENTED_EDGE('',*,*,#2138,.F.);
#3157=CYLINDRICAL_SURFACE('',#3374,1.6);
#3158=CYLINDRICAL_SURFACE('',#3385,1.6);
#3159=CYLINDRICAL_SURFACE('',#3388,1.6);
#3160=CYLINDRICAL_SURFACE('',#3395,1.6);
#3161=CYLINDRICAL_SURFACE('',#3402,1.6);
#3162=CYLINDRICAL_SURFACE('',#3405,1.6);
#3163=CYLINDRICAL_SURFACE('',#3417,2.99999999999998);
#3164=CYLINDRICAL_SURFACE('',#3421,2.99999999999999);
#3165=CYLINDRICAL_SURFACE('',#3425,2.99999999999998);
#3166=CYLINDRICAL_SURFACE('',#3429,2.99999999999998);
#3167=CYLINDRICAL_SURFACE('',#3434,1.6);
#3168=CYLINDRICAL_SURFACE('',#3437,1.6);
#3169=CYLINDRICAL_SURFACE('',#3464,1.6);
#3170=CYLINDRICAL_SURFACE('',#3467,1.6);
#3171=CYLINDRICAL_SURFACE('',#3470,1.6);
#3172=CYLINDRICAL_SURFACE('',#3473,1.6);
#3173=CYLINDRICAL_SURFACE('',#3477,2.99999999999998);
#3174=CYLINDRICAL_SURFACE('',#3481,2.99999999999999);
#3175=CYLINDRICAL_SURFACE('',#3485,2.99999999999998);
#3176=CYLINDRICAL_SURFACE('',#3489,2.99999999999998);
#3177=CYLINDRICAL_SURFACE('',#3494,1.6);
#3178=CYLINDRICAL_SURFACE('',#3497,1.6);
#3179=CYLINDRICAL_SURFACE('',#3500,1.6);
#3180=CYLINDRICAL_SURFACE('',#3503,1.6);
#3181=CYLINDRICAL_SURFACE('',#3530,1.6);
#3182=CYLINDRICAL_SURFACE('',#3533,1.6);
#3183=CYLINDRICAL_SURFACE('',#3537,2.99999999999998);
#3184=CYLINDRICAL_SURFACE('',#3541,2.99999999999999);
#3185=CYLINDRICAL_SURFACE('',#3545,2.99999999999998);
#3186=CYLINDRICAL_SURFACE('',#3549,2.99999999999998);
#3187=CYLINDRICAL_SURFACE('',#3558,1.6);
#3188=CYLINDRICAL_SURFACE('',#3561,1.6);
#3189=CYLINDRICAL_SURFACE('',#3572,1.6);
#3190=CYLINDRICAL_SURFACE('',#3583,1.6);
#3191=CYLINDRICAL_SURFACE('',#3590,1.6);
#3192=CYLINDRICAL_SURFACE('',#3593,1.6);
#3193=CYLINDRICAL_SURFACE('',#3597,2.99999999999998);
#3194=CYLINDRICAL_SURFACE('',#3601,2.99999999999999);
#3195=CYLINDRICAL_SURFACE('',#3605,2.99999999999998);
#3196=CYLINDRICAL_SURFACE('',#3609,2.99999999999998);
#3197=ADVANCED_FACE('',(#237),#3157,.F.);
#3198=ADVANCED_FACE('',(#238),#117,.T.);
#3199=ADVANCED_FACE('',(#239),#118,.T.);
#3200=ADVANCED_FACE('',(#240),#119,.T.);
#3201=ADVANCED_FACE('',(#241),#120,.T.);
#3202=ADVANCED_FACE('',(#242),#121,.T.);
#3203=ADVANCED_FACE('',(#243),#122,.T.);
#3204=ADVANCED_FACE('',(#244),#123,.T.);
#3205=ADVANCED_FACE('',(#245),#124,.T.);
#3206=ADVANCED_FACE('',(#246),#3158,.F.);
#3207=ADVANCED_FACE('',(#247),#3159,.F.);
#3208=ADVANCED_FACE('',(#248),#125,.T.);
#3209=ADVANCED_FACE('',(#249),#126,.T.);
#3210=ADVANCED_FACE('',(#250),#127,.T.);
#3211=ADVANCED_FACE('',(#251),#128,.T.);
#3212=ADVANCED_FACE('',(#252),#3160,.F.);
#3213=ADVANCED_FACE('',(#253),#129,.T.);
#3214=ADVANCED_FACE('',(#254),#130,.T.);
#3215=ADVANCED_FACE('',(#255),#131,.T.);
#3216=ADVANCED_FACE('',(#256),#132,.T.);
#3217=ADVANCED_FACE('',(#257),#3161,.F.);
#3218=ADVANCED_FACE('',(#258),#3162,.F.);
#3219=ADVANCED_FACE('',(#259),#133,.T.);
#3220=ADVANCED_FACE('',(#260),#134,.T.);
#3221=ADVANCED_FACE('',(#261),#135,.T.);
#3222=ADVANCED_FACE('',(#262),#136,.T.);
#3223=ADVANCED_FACE('',(#263),#137,.T.);
#3224=ADVANCED_FACE('',(#264),#138,.T.);
#3225=ADVANCED_FACE('',(#265),#139,.T.);
#3226=ADVANCED_FACE('',(#266),#140,.T.);
#3227=ADVANCED_FACE('',(#267),#141,.T.);
#3228=ADVANCED_FACE('',(#268),#3163,.T.);
#3229=ADVANCED_FACE('',(#269),#142,.T.);
#3230=ADVANCED_FACE('',(#270),#3164,.T.);
#3231=ADVANCED_FACE('',(#271),#143,.T.);
#3232=ADVANCED_FACE('',(#272),#3165,.T.);
#3233=ADVANCED_FACE('',(#273),#144,.T.);
#3234=ADVANCED_FACE('',(#274),#3166,.T.);
#3235=ADVANCED_FACE('',(#275,#21,#22,#23,#24,#25,#26,#27,#28,#29,#30,#31,
#32),#145,.T.);
#3236=ADVANCED_FACE('',(#276,#33,#34,#35,#36,#37,#38,#39,#40,#41,#42,#43,
#44),#146,.F.);
#3237=ADVANCED_FACE('',(#277),#3167,.F.);
#3238=ADVANCED_FACE('',(#278),#3168,.F.);
#3239=ADVANCED_FACE('',(#279),#147,.T.);
#3240=ADVANCED_FACE('',(#280),#148,.T.);
#3241=ADVANCED_FACE('',(#281),#149,.T.);
#3242=ADVANCED_FACE('',(#282),#150,.T.);
#3243=ADVANCED_FACE('',(#283),#151,.T.);
#3244=ADVANCED_FACE('',(#284),#152,.T.);
#3245=ADVANCED_FACE('',(#285),#153,.T.);
#3246=ADVANCED_FACE('',(#286),#154,.T.);
#3247=ADVANCED_FACE('',(#287),#155,.T.);
#3248=ADVANCED_FACE('',(#288),#156,.T.);
#3249=ADVANCED_FACE('',(#289),#157,.T.);
#3250=ADVANCED_FACE('',(#290),#158,.T.);
#3251=ADVANCED_FACE('',(#291),#159,.T.);
#3252=ADVANCED_FACE('',(#292),#160,.T.);
#3253=ADVANCED_FACE('',(#293),#161,.T.);
#3254=ADVANCED_FACE('',(#294),#162,.T.);
#3255=ADVANCED_FACE('',(#295),#163,.T.);
#3256=ADVANCED_FACE('',(#296),#164,.T.);
#3257=ADVANCED_FACE('',(#297),#165,.T.);
#3258=ADVANCED_FACE('',(#298),#166,.T.);
#3259=ADVANCED_FACE('',(#299),#167,.T.);
#3260=ADVANCED_FACE('',(#300),#168,.T.);
#3261=ADVANCED_FACE('',(#301),#169,.T.);
#3262=ADVANCED_FACE('',(#302),#170,.T.);
#3263=ADVANCED_FACE('',(#303),#3169,.F.);
#3264=ADVANCED_FACE('',(#304),#3170,.F.);
#3265=ADVANCED_FACE('',(#305),#3171,.F.);
#3266=ADVANCED_FACE('',(#306),#3172,.F.);
#3267=ADVANCED_FACE('',(#307),#171,.T.);
#3268=ADVANCED_FACE('',(#308),#3173,.T.);
#3269=ADVANCED_FACE('',(#309),#172,.T.);
#3270=ADVANCED_FACE('',(#310),#3174,.T.);
#3271=ADVANCED_FACE('',(#311),#173,.T.);
#3272=ADVANCED_FACE('',(#312),#3175,.T.);
#3273=ADVANCED_FACE('',(#313),#174,.T.);
#3274=ADVANCED_FACE('',(#314),#3176,.T.);
#3275=ADVANCED_FACE('',(#315,#45,#46,#47,#48,#49,#50,#51,#52,#53,#54,#55,
#56),#175,.T.);
#3276=ADVANCED_FACE('',(#316,#57,#58,#59,#60,#61,#62,#63,#64,#65,#66,#67,
#68),#176,.F.);
#3277=ADVANCED_FACE('',(#317),#3177,.F.);
#3278=ADVANCED_FACE('',(#318),#3178,.F.);
#3279=ADVANCED_FACE('',(#319),#3179,.F.);
#3280=ADVANCED_FACE('',(#320),#3180,.F.);
#3281=ADVANCED_FACE('',(#321),#177,.T.);
#3282=ADVANCED_FACE('',(#322),#178,.T.);
#3283=ADVANCED_FACE('',(#323),#179,.T.);
#3284=ADVANCED_FACE('',(#324),#180,.T.);
#3285=ADVANCED_FACE('',(#325),#181,.T.);
#3286=ADVANCED_FACE('',(#326),#182,.T.);
#3287=ADVANCED_FACE('',(#327),#183,.T.);
#3288=ADVANCED_FACE('',(#328),#184,.T.);
#3289=ADVANCED_FACE('',(#329),#185,.T.);
#3290=ADVANCED_FACE('',(#330),#186,.T.);
#3291=ADVANCED_FACE('',(#331),#187,.T.);
#3292=ADVANCED_FACE('',(#332),#188,.T.);
#3293=ADVANCED_FACE('',(#333),#189,.T.);
#3294=ADVANCED_FACE('',(#334),#190,.T.);
#3295=ADVANCED_FACE('',(#335),#191,.T.);
#3296=ADVANCED_FACE('',(#336),#192,.T.);
#3297=ADVANCED_FACE('',(#337),#193,.T.);
#3298=ADVANCED_FACE('',(#338),#194,.T.);
#3299=ADVANCED_FACE('',(#339),#195,.T.);
#3300=ADVANCED_FACE('',(#340),#196,.T.);
#3301=ADVANCED_FACE('',(#341),#197,.T.);
#3302=ADVANCED_FACE('',(#342),#198,.T.);
#3303=ADVANCED_FACE('',(#343),#199,.T.);
#3304=ADVANCED_FACE('',(#344),#200,.T.);
#3305=ADVANCED_FACE('',(#345),#3181,.F.);
#3306=ADVANCED_FACE('',(#346),#3182,.F.);
#3307=ADVANCED_FACE('',(#347),#201,.T.);
#3308=ADVANCED_FACE('',(#348),#3183,.T.);
#3309=ADVANCED_FACE('',(#349),#202,.T.);
#3310=ADVANCED_FACE('',(#350),#3184,.T.);
#3311=ADVANCED_FACE('',(#351),#203,.T.);
#3312=ADVANCED_FACE('',(#352),#3185,.T.);
#3313=ADVANCED_FACE('',(#353),#204,.T.);
#3314=ADVANCED_FACE('',(#354),#3186,.T.);
#3315=ADVANCED_FACE('',(#355,#69,#70,#71,#72,#73,#74,#75,#76,#77,#78,#79,
#80),#205,.T.);
#3316=ADVANCED_FACE('',(#356,#81,#82,#83,#84,#85,#86,#87,#88,#89,#90,#91,
#92),#206,.F.);
#3317=ADVANCED_FACE('',(#357),#207,.T.);
#3318=ADVANCED_FACE('',(#358),#208,.T.);
#3319=ADVANCED_FACE('',(#359),#209,.T.);
#3320=ADVANCED_FACE('',(#360),#210,.T.);
#3321=ADVANCED_FACE('',(#361),#3187,.F.);
#3322=ADVANCED_FACE('',(#362),#3188,.F.);
#3323=ADVANCED_FACE('',(#363),#211,.T.);
#3324=ADVANCED_FACE('',(#364),#212,.T.);
#3325=ADVANCED_FACE('',(#365),#213,.T.);
#3326=ADVANCED_FACE('',(#366),#214,.T.);
#3327=ADVANCED_FACE('',(#367),#215,.T.);
#3328=ADVANCED_FACE('',(#368),#216,.T.);
#3329=ADVANCED_FACE('',(#369),#217,.T.);
#3330=ADVANCED_FACE('',(#370),#218,.T.);
#3331=ADVANCED_FACE('',(#371),#3189,.F.);
#3332=ADVANCED_FACE('',(#372),#219,.T.);
#3333=ADVANCED_FACE('',(#373),#220,.T.);
#3334=ADVANCED_FACE('',(#374),#221,.T.);
#3335=ADVANCED_FACE('',(#375),#222,.T.);
#3336=ADVANCED_FACE('',(#376),#223,.T.);
#3337=ADVANCED_FACE('',(#377),#224,.T.);
#3338=ADVANCED_FACE('',(#378),#225,.T.);
#3339=ADVANCED_FACE('',(#379),#226,.T.);
#3340=ADVANCED_FACE('',(#380),#3190,.F.);
#3341=ADVANCED_FACE('',(#381),#227,.T.);
#3342=ADVANCED_FACE('',(#382),#228,.T.);
#3343=ADVANCED_FACE('',(#383),#229,.T.);
#3344=ADVANCED_FACE('',(#384),#230,.T.);
#3345=ADVANCED_FACE('',(#385),#3191,.F.);
#3346=ADVANCED_FACE('',(#386),#3192,.F.);
#3347=ADVANCED_FACE('',(#387),#231,.T.);
#3348=ADVANCED_FACE('',(#388),#3193,.T.);
#3349=ADVANCED_FACE('',(#389),#232,.T.);
#3350=ADVANCED_FACE('',(#390),#3194,.T.);
#3351=ADVANCED_FACE('',(#391),#233,.T.);
#3352=ADVANCED_FACE('',(#392),#3195,.T.);
#3353=ADVANCED_FACE('',(#393),#234,.T.);
#3354=ADVANCED_FACE('',(#394),#3196,.T.);
#3355=ADVANCED_FACE('',(#395,#93,#94,#95,#96,#97,#98,#99,#100,#101,#102,
#103,#104),#235,.T.);
#3356=ADVANCED_FACE('',(#396,#105,#106,#107,#108,#109,#110,#111,#112,#113,
#114,#115,#116),#236,.F.);
#3357=CLOSED_SHELL('',(#3197,#3198,#3199,#3200,#3201,#3202,#3203,#3204,
#3205,#3206,#3207,#3208,#3209,#3210,#3211,#3212,#3213,#3214,#3215,#3216,
#3217,#3218,#3219,#3220,#3221,#3222,#3223,#3224,#3225,#3226,#3227,#3228,
#3229,#3230,#3231,#3232,#3233,#3234,#3235,#3236));
#3358=CLOSED_SHELL('',(#3237,#3238,#3239,#3240,#3241,#3242,#3243,#3244,
#3245,#3246,#3247,#3248,#3249,#3250,#3251,#3252,#3253,#3254,#3255,#3256,
#3257,#3258,#3259,#3260,#3261,#3262,#3263,#3264,#3265,#3266,#3267,#3268,
#3269,#3270,#3271,#3272,#3273,#3274,#3275,#3276));
#3359=CLOSED_SHELL('',(#3277,#3278,#3279,#3280,#3281,#3282,#3283,#3284,
#3285,#3286,#3287,#3288,#3289,#3290,#3291,#3292,#3293,#3294,#3295,#3296,
#3297,#3298,#3299,#3300,#3301,#3302,#3303,#3304,#3305,#3306,#3307,#3308,
#3309,#3310,#3311,#3312,#3313,#3314,#3315,#3316));
#3360=CLOSED_SHELL('',(#3317,#3318,#3319,#3320,#3321,#3322,#3323,#3324,
#3325,#3326,#3327,#3328,#3329,#3330,#3331,#3332,#3333,#3334,#3335,#3336,
#3337,#3338,#3339,#3340,#3341,#3342,#3343,#3344,#3345,#3346,#3347,#3348,
#3349,#3350,#3351,#3352,#3353,#3354,#3355,#3356));
#3361=DERIVED_UNIT_ELEMENT(#3363,1.);
#3362=DERIVED_UNIT_ELEMENT(#5398,-3.);
#3363=(
MASS_UNIT()
NAMED_UNIT(*)
SI_UNIT(.KILO.,.GRAM.)
);
#3364=DERIVED_UNIT((#3361,#3362));
#3365=MEASURE_REPRESENTATION_ITEM('density measure',
POSITIVE_RATIO_MEASURE(7850.),#3364);
#3366=PROPERTY_DEFINITION_REPRESENTATION(#3371,#3368);
#3367=PROPERTY_DEFINITION_REPRESENTATION(#3372,#3369);
#3368=REPRESENTATION('material name',(#3370),#5395);
#3369=REPRESENTATION('density',(#3365),#5395);
#3370=DESCRIPTIVE_REPRESENTATION_ITEM('Steel','Steel');
#3371=PROPERTY_DEFINITION('material property','material name',#5405);
#3372=PROPERTY_DEFINITION('material property','density of part',#5405);
#3373=AXIS2_PLACEMENT_3D('',#4472,#3614,#3615);
#3374=AXIS2_PLACEMENT_3D('',#4473,#3616,#3617);
#3375=AXIS2_PLACEMENT_3D('',#4475,#3618,#3619);
#3376=AXIS2_PLACEMENT_3D('',#4478,#3621,#3622);
#3377=AXIS2_PLACEMENT_3D('',#4479,#3623,#3624);
#3378=AXIS2_PLACEMENT_3D('',#4488,#3629,#3630);
#3379=AXIS2_PLACEMENT_3D('',#4494,#3634,#3635);
#3380=AXIS2_PLACEMENT_3D('',#4500,#3639,#3640);
#3381=AXIS2_PLACEMENT_3D('',#4503,#3643,#3644);
#3382=AXIS2_PLACEMENT_3D('',#4512,#3649,#3650);
#3383=AXIS2_PLACEMENT_3D('',#4518,#3654,#3655);
#3384=AXIS2_PLACEMENT_3D('',#4524,#3659,#3660);
#3385=AXIS2_PLACEMENT_3D('',#4527,#3663,#3664);
#3386=AXIS2_PLACEMENT_3D('',#4529,#3665,#3666);
#3387=AXIS2_PLACEMENT_3D('',#4532,#3668,#3669);
#3388=AXIS2_PLACEMENT_3D('',#4533,#3670,#3671);
#3389=AXIS2_PLACEMENT_3D('',#4535,#3672,#3673);
#3390=AXIS2_PLACEMENT_3D('',#4538,#3675,#3676);
#3391=AXIS2_PLACEMENT_3D('',#4539,#3677,#3678);
#3392=AXIS2_PLACEMENT_3D('',#4548,#3683,#3684);
#3393=AXIS2_PLACEMENT_3D('',#4554,#3688,#3689);
#3394=AXIS2_PLACEMENT_3D('',#4560,#3693,#3694);
#3395=AXIS2_PLACEMENT_3D('',#4563,#3697,#3698);
#3396=AXIS2_PLACEMENT_3D('',#4565,#3699,#3700);
#3397=AXIS2_PLACEMENT_3D('',#4568,#3702,#3703);
#3398=AXIS2_PLACEMENT_3D('',#4569,#3704,#3705);
#3399=AXIS2_PLACEMENT_3D('',#4578,#3710,#3711);
#3400=AXIS2_PLACEMENT_3D('',#4584,#3715,#3716);
#3401=AXIS2_PLACEMENT_3D('',#4590,#3720,#3721);
#3402=AXIS2_PLACEMENT_3D('',#4593,#3724,#3725);
#3403=AXIS2_PLACEMENT_3D('',#4595,#3726,#3727);
#3404=AXIS2_PLACEMENT_3D('',#4598,#3729,#3730);
#3405=AXIS2_PLACEMENT_3D('',#4599,#3731,#3732);
#3406=AXIS2_PLACEMENT_3D('',#4601,#3733,#3734);
#3407=AXIS2_PLACEMENT_3D('',#4604,#3736,#3737);
#3408=AXIS2_PLACEMENT_3D('',#4605,#3738,#3739);
#3409=AXIS2_PLACEMENT_3D('',#4614,#3744,#3745);
#3410=AXIS2_PLACEMENT_3D('',#4620,#3749,#3750);
#3411=AXIS2_PLACEMENT_3D('',#4626,#3754,#3755);
#3412=AXIS2_PLACEMENT_3D('',#4629,#3758,#3759);
#3413=AXIS2_PLACEMENT_3D('',#4638,#3764,#3765);
#3414=AXIS2_PLACEMENT_3D('',#4644,#3769,#3770);
#3415=AXIS2_PLACEMENT_3D('',#4650,#3774,#3775);
#3416=AXIS2_PLACEMENT_3D('',#4653,#3778,#3779);
#3417=AXIS2_PLACEMENT_3D('',#4662,#3784,#3785);
#3418=AXIS2_PLACEMENT_3D('',#4664,#3786,#3787);
#3419=AXIS2_PLACEMENT_3D('',#4666,#3788,#3789);
#3420=AXIS2_PLACEMENT_3D('',#4668,#3791,#3792);
#3421=AXIS2_PLACEMENT_3D('',#4674,#3796,#3797);
#3422=AXIS2_PLACEMENT_3D('',#4676,#3798,#3799);
#3423=AXIS2_PLACEMENT_3D('',#4678,#3800,#3801);
#3424=AXIS2_PLACEMENT_3D('',#4680,#3803,#3804);
#3425=AXIS2_PLACEMENT_3D('',#4686,#3808,#3809);
#3426=AXIS2_PLACEMENT_3D('',#4688,#3810,#3811);
#3427=AXIS2_PLACEMENT_3D('',#4690,#3812,#3813);
#3428=AXIS2_PLACEMENT_3D('',#4692,#3815,#3816);
#3429=AXIS2_PLACEMENT_3D('',#4698,#3820,#3821);
#3430=AXIS2_PLACEMENT_3D('',#4699,#3822,#3823);
#3431=AXIS2_PLACEMENT_3D('',#4700,#3824,#3825);
#3432=AXIS2_PLACEMENT_3D('',#4701,#3826,#3827);
#3433=AXIS2_PLACEMENT_3D('',#4702,#3828,#3829);
#3434=AXIS2_PLACEMENT_3D('',#4703,#3830,#3831);
#3435=AXIS2_PLACEMENT_3D('',#4705,#3832,#3833);
#3436=AXIS2_PLACEMENT_3D('',#4708,#3835,#3836);
#3437=AXIS2_PLACEMENT_3D('',#4709,#3837,#3838);
#3438=AXIS2_PLACEMENT_3D('',#4711,#3839,#3840);
#3439=AXIS2_PLACEMENT_3D('',#4714,#3842,#3843);
#3440=AXIS2_PLACEMENT_3D('',#4715,#3844,#3845);
#3441=AXIS2_PLACEMENT_3D('',#4724,#3850,#3851);
#3442=AXIS2_PLACEMENT_3D('',#4730,#3855,#3856);
#3443=AXIS2_PLACEMENT_3D('',#4736,#3860,#3861);
#3444=AXIS2_PLACEMENT_3D('',#4739,#3864,#3865);
#3445=AXIS2_PLACEMENT_3D('',#4748,#3870,#3871);
#3446=AXIS2_PLACEMENT_3D('',#4754,#3875,#3876);
#3447=AXIS2_PLACEMENT_3D('',#4760,#3880,#3881);
#3448=AXIS2_PLACEMENT_3D('',#4763,#3884,#3885);
#3449=AXIS2_PLACEMENT_3D('',#4772,#3890,#3891);
#3450=AXIS2_PLACEMENT_3D('',#4778,#3895,#3896);
#3451=AXIS2_PLACEMENT_3D('',#4784,#3900,#3901);
#3452=AXIS2_PLACEMENT_3D('',#4787,#3904,#3905);
#3453=AXIS2_PLACEMENT_3D('',#4796,#3910,#3911);
#3454=AXIS2_PLACEMENT_3D('',#4802,#3915,#3916);
#3455=AXIS2_PLACEMENT_3D('',#4808,#3920,#3921);
#3456=AXIS2_PLACEMENT_3D('',#4811,#3924,#3925);
#3457=AXIS2_PLACEMENT_3D('',#4820,#3930,#3931);
#3458=AXIS2_PLACEMENT_3D('',#4826,#3935,#3936);
#3459=AXIS2_PLACEMENT_3D('',#4832,#3940,#3941);
#3460=AXIS2_PLACEMENT_3D('',#4835,#3944,#3945);
#3461=AXIS2_PLACEMENT_3D('',#4844,#3950,#3951);
#3462=AXIS2_PLACEMENT_3D('',#4850,#3955,#3956);
#3463=AXIS2_PLACEMENT_3D('',#4856,#3960,#3961);
#3464=AXIS2_PLACEMENT_3D('',#4859,#3964,#3965);
#3465=AXIS2_PLACEMENT_3D('',#4861,#3966,#3967);
#3466=AXIS2_PLACEMENT_3D('',#4864,#3969,#3970);
#3467=AXIS2_PLACEMENT_3D('',#4865,#3971,#3972);
#3468=AXIS2_PLACEMENT_3D('',#4867,#3973,#3974);
#3469=AXIS2_PLACEMENT_3D('',#4870,#3976,#3977);
#3470=AXIS2_PLACEMENT_3D('',#4871,#3978,#3979);
#3471=AXIS2_PLACEMENT_3D('',#4873,#3980,#3981);
#3472=AXIS2_PLACEMENT_3D('',#4876,#3983,#3984);
#3473=AXIS2_PLACEMENT_3D('',#4877,#3985,#3986);
#3474=AXIS2_PLACEMENT_3D('',#4879,#3987,#3988);
#3475=AXIS2_PLACEMENT_3D('',#4882,#3990,#3991);
#3476=AXIS2_PLACEMENT_3D('',#4883,#3992,#3993);
#3477=AXIS2_PLACEMENT_3D('',#4892,#3998,#3999);
#3478=AXIS2_PLACEMENT_3D('',#4894,#4000,#4001);
#3479=AXIS2_PLACEMENT_3D('',#4896,#4002,#4003);
#3480=AXIS2_PLACEMENT_3D('',#4898,#4005,#4006);
#3481=AXIS2_PLACEMENT_3D('',#4904,#4010,#4011);
#3482=AXIS2_PLACEMENT_3D('',#4906,#4012,#4013);
#3483=AXIS2_PLACEMENT_3D('',#4908,#4014,#4015);
#3484=AXIS2_PLACEMENT_3D('',#4910,#4017,#4018);
#3485=AXIS2_PLACEMENT_3D('',#4916,#4022,#4023);
#3486=AXIS2_PLACEMENT_3D('',#4918,#4024,#4025);
#3487=AXIS2_PLACEMENT_3D('',#4920,#4026,#4027);
#3488=AXIS2_PLACEMENT_3D('',#4922,#4029,#4030);
#3489=AXIS2_PLACEMENT_3D('',#4928,#4034,#4035);
#3490=AXIS2_PLACEMENT_3D('',#4929,#4036,#4037);
#3491=AXIS2_PLACEMENT_3D('',#4930,#4038,#4039);
#3492=AXIS2_PLACEMENT_3D('',#4931,#4040,#4041);
#3493=AXIS2_PLACEMENT_3D('',#4932,#4042,#4043);
#3494=AXIS2_PLACEMENT_3D('',#4933,#4044,#4045);
#3495=AXIS2_PLACEMENT_3D('',#4935,#4046,#4047);
#3496=AXIS2_PLACEMENT_3D('',#4938,#4049,#4050);
#3497=AXIS2_PLACEMENT_3D('',#4939,#4051,#4052);
#3498=AXIS2_PLACEMENT_3D('',#4941,#4053,#4054);
#3499=AXIS2_PLACEMENT_3D('',#4944,#4056,#4057);
#3500=AXIS2_PLACEMENT_3D('',#4945,#4058,#4059);
#3501=AXIS2_PLACEMENT_3D('',#4947,#4060,#4061);
#3502=AXIS2_PLACEMENT_3D('',#4950,#4063,#4064);
#3503=AXIS2_PLACEMENT_3D('',#4951,#4065,#4066);
#3504=AXIS2_PLACEMENT_3D('',#4953,#4067,#4068);
#3505=AXIS2_PLACEMENT_3D('',#4956,#4070,#4071);
#3506=AXIS2_PLACEMENT_3D('',#4957,#4072,#4073);
#3507=AXIS2_PLACEMENT_3D('',#4966,#4078,#4079);
#3508=AXIS2_PLACEMENT_3D('',#4972,#4083,#4084);
#3509=AXIS2_PLACEMENT_3D('',#4978,#4088,#4089);
#3510=AXIS2_PLACEMENT_3D('',#4981,#4092,#4093);
#3511=AXIS2_PLACEMENT_3D('',#4990,#4098,#4099);
#3512=AXIS2_PLACEMENT_3D('',#4996,#4103,#4104);
#3513=AXIS2_PLACEMENT_3D('',#5002,#4108,#4109);
#3514=AXIS2_PLACEMENT_3D('',#5005,#4112,#4113);
#3515=AXIS2_PLACEMENT_3D('',#5014,#4118,#4119);
#3516=AXIS2_PLACEMENT_3D('',#5020,#4123,#4124);
#3517=AXIS2_PLACEMENT_3D('',#5026,#4128,#4129);
#3518=AXIS2_PLACEMENT_3D('',#5029,#4132,#4133);
#3519=AXIS2_PLACEMENT_3D('',#5038,#4138,#4139);
#3520=AXIS2_PLACEMENT_3D('',#5044,#4143,#4144);
#3521=AXIS2_PLACEMENT_3D('',#5050,#4148,#4149);
#3522=AXIS2_PLACEMENT_3D('',#5053,#4152,#4153);
#3523=AXIS2_PLACEMENT_3D('',#5062,#4158,#4159);
#3524=AXIS2_PLACEMENT_3D('',#5068,#4163,#4164);
#3525=AXIS2_PLACEMENT_3D('',#5074,#4168,#4169);
#3526=AXIS2_PLACEMENT_3D('',#5077,#4172,#4173);
#3527=AXIS2_PLACEMENT_3D('',#5086,#4178,#4179);
#3528=AXIS2_PLACEMENT_3D('',#5092,#4183,#4184);
#3529=AXIS2_PLACEMENT_3D('',#5098,#4188,#4189);
#3530=AXIS2_PLACEMENT_3D('',#5101,#4192,#4193);
#3531=AXIS2_PLACEMENT_3D('',#5103,#4194,#4195);
#3532=AXIS2_PLACEMENT_3D('',#5106,#4197,#4198);
#3533=AXIS2_PLACEMENT_3D('',#5107,#4199,#4200);
#3534=AXIS2_PLACEMENT_3D('',#5109,#4201,#4202);
#3535=AXIS2_PLACEMENT_3D('',#5112,#4204,#4205);
#3536=AXIS2_PLACEMENT_3D('',#5113,#4206,#4207);
#3537=AXIS2_PLACEMENT_3D('',#5122,#4212,#4213);
#3538=AXIS2_PLACEMENT_3D('',#5124,#4214,#4215);
#3539=AXIS2_PLACEMENT_3D('',#5126,#4216,#4217);
#3540=AXIS2_PLACEMENT_3D('',#5128,#4219,#4220);
#3541=AXIS2_PLACEMENT_3D('',#5134,#4224,#4225);
#3542=AXIS2_PLACEMENT_3D('',#5136,#4226,#4227);
#3543=AXIS2_PLACEMENT_3D('',#5138,#4228,#4229);
#3544=AXIS2_PLACEMENT_3D('',#5140,#4231,#4232);
#3545=AXIS2_PLACEMENT_3D('',#5146,#4236,#4237);
#3546=AXIS2_PLACEMENT_3D('',#5148,#4238,#4239);
#3547=AXIS2_PLACEMENT_3D('',#5150,#4240,#4241);
#3548=AXIS2_PLACEMENT_3D('',#5152,#4243,#4244);
#3549=AXIS2_PLACEMENT_3D('',#5158,#4248,#4249);
#3550=AXIS2_PLACEMENT_3D('',#5159,#4250,#4251);
#3551=AXIS2_PLACEMENT_3D('',#5160,#4252,#4253);
#3552=AXIS2_PLACEMENT_3D('',#5161,#4254,#4255);
#3553=AXIS2_PLACEMENT_3D('',#5162,#4256,#4257);
#3554=AXIS2_PLACEMENT_3D('',#5163,#4258,#4259);
#3555=AXIS2_PLACEMENT_3D('',#5172,#4264,#4265);
#3556=AXIS2_PLACEMENT_3D('',#5178,#4269,#4270);
#3557=AXIS2_PLACEMENT_3D('',#5184,#4274,#4275);
#3558=AXIS2_PLACEMENT_3D('',#5187,#4278,#4279);
#3559=AXIS2_PLACEMENT_3D('',#5189,#4280,#4281);
#3560=AXIS2_PLACEMENT_3D('',#5192,#4283,#4284);
#3561=AXIS2_PLACEMENT_3D('',#5193,#4285,#4286);
#3562=AXIS2_PLACEMENT_3D('',#5195,#4287,#4288);
#3563=AXIS2_PLACEMENT_3D('',#5198,#4290,#4291);
#3564=AXIS2_PLACEMENT_3D('',#5199,#4292,#4293);
#3565=AXIS2_PLACEMENT_3D('',#5208,#4298,#4299);
#3566=AXIS2_PLACEMENT_3D('',#5214,#4303,#4304);
#3567=AXIS2_PLACEMENT_3D('',#5220,#4308,#4309);
#3568=AXIS2_PLACEMENT_3D('',#5223,#4312,#4313);
#3569=AXIS2_PLACEMENT_3D('',#5232,#4318,#4319);
#3570=AXIS2_PLACEMENT_3D('',#5238,#4323,#4324);
#3571=AXIS2_PLACEMENT_3D('',#5244,#4328,#4329);
#3572=AXIS2_PLACEMENT_3D('',#5247,#4332,#4333);
#3573=AXIS2_PLACEMENT_3D('',#5249,#4334,#4335);
#3574=AXIS2_PLACEMENT_3D('',#5252,#4337,#4338);
#3575=AXIS2_PLACEMENT_3D('',#5253,#4339,#4340);
#3576=AXIS2_PLACEMENT_3D('',#5262,#4345,#4346);
#3577=AXIS2_PLACEMENT_3D('',#5268,#4350,#4351);
#3578=AXIS2_PLACEMENT_3D('',#5274,#4355,#4356);
#3579=AXIS2_PLACEMENT_3D('',#5277,#4359,#4360);
#3580=AXIS2_PLACEMENT_3D('',#5286,#4365,#4366);
#3581=AXIS2_PLACEMENT_3D('',#5292,#4370,#4371);
#3582=AXIS2_PLACEMENT_3D('',#5298,#4375,#4376);
#3583=AXIS2_PLACEMENT_3D('',#5301,#4379,#4380);
#3584=AXIS2_PLACEMENT_3D('',#5303,#4381,#4382);
#3585=AXIS2_PLACEMENT_3D('',#5306,#4384,#4385);
#3586=AXIS2_PLACEMENT_3D('',#5307,#4386,#4387);
#3587=AXIS2_PLACEMENT_3D('',#5316,#4392,#4393);
#3588=AXIS2_PLACEMENT_3D('',#5322,#4397,#4398);
#3589=AXIS2_PLACEMENT_3D('',#5328,#4402,#4403);
#3590=AXIS2_PLACEMENT_3D('',#5331,#4406,#4407);
#3591=AXIS2_PLACEMENT_3D('',#5333,#4408,#4409);
#3592=AXIS2_PLACEMENT_3D('',#5336,#4411,#4412);
#3593=AXIS2_PLACEMENT_3D('',#5337,#4413,#4414);
#3594=AXIS2_PLACEMENT_3D('',#5339,#4415,#4416);
#3595=AXIS2_PLACEMENT_3D('',#5342,#4418,#4419);
#3596=AXIS2_PLACEMENT_3D('',#5343,#4420,#4421);
#3597=AXIS2_PLACEMENT_3D('',#5352,#4426,#4427);
#3598=AXIS2_PLACEMENT_3D('',#5354,#4428,#4429);
#3599=AXIS2_PLACEMENT_3D('',#5356,#4430,#4431);
#3600=AXIS2_PLACEMENT_3D('',#5358,#4433,#4434);
#3601=AXIS2_PLACEMENT_3D('',#5364,#4438,#4439);
#3602=AXIS2_PLACEMENT_3D('',#5366,#4440,#4441);
#3603=AXIS2_PLACEMENT_3D('',#5368,#4442,#4443);
#3604=AXIS2_PLACEMENT_3D('',#5370,#4445,#4446);
#3605=AXIS2_PLACEMENT_3D('',#5376,#4450,#4451);
#3606=AXIS2_PLACEMENT_3D('',#5378,#4452,#4453);
#3607=AXIS2_PLACEMENT_3D('',#5380,#4454,#4455);
#3608=AXIS2_PLACEMENT_3D('',#5382,#4457,#4458);
#3609=AXIS2_PLACEMENT_3D('',#5388,#4462,#4463);
#3610=AXIS2_PLACEMENT_3D('',#5389,#4464,#4465);
#3611=AXIS2_PLACEMENT_3D('',#5390,#4466,#4467);
#3612=AXIS2_PLACEMENT_3D('',#5391,#4468,#4469);
#3613=AXIS2_PLACEMENT_3D('',#5392,#4470,#4471);
#3614=DIRECTION('axis',(0.,0.,1.));
#3615=DIRECTION('refdir',(1.,0.,0.));
#3616=DIRECTION('center_axis',(0.,0.,1.));
#3617=DIRECTION('ref_axis',(1.,0.,0.));
#3618=DIRECTION('center_axis',(0.,0.,-1.));
#3619=DIRECTION('ref_axis',(1.,0.,0.));
#3620=DIRECTION('',(0.,0.,-1.));
#3621=DIRECTION('center_axis',(0.,0.,-1.));
#3622=DIRECTION('ref_axis',(1.,0.,0.));
#3623=DIRECTION('center_axis',(7.93016434344881E-17,-1.,0.));
#3624=DIRECTION('ref_axis',(1.,7.93016434344881E-17,0.));
#3625=DIRECTION('',(1.,7.93016434344881E-17,0.));
#3626=DIRECTION('',(0.,0.,1.));
#3627=DIRECTION('',(1.,7.93016434344881E-17,0.));
#3628=DIRECTION('',(0.,0.,1.));
#3629=DIRECTION('center_axis',(1.,0.,0.));
#3630=DIRECTION('ref_axis',(0.,1.,0.));
#3631=DIRECTION('',(0.,1.,0.));
#3632=DIRECTION('',(0.,1.,0.));
#3633=DIRECTION('',(0.,0.,1.));
#3634=DIRECTION('center_axis',(0.,1.,0.));
#3635=DIRECTION('ref_axis',(-1.,0.,0.));
#3636=DIRECTION('',(-1.,0.,0.));
#3637=DIRECTION('',(-1.,0.,0.));
#3638=DIRECTION('',(0.,0.,1.));
#3639=DIRECTION('center_axis',(-1.,-3.17206573737952E-16,0.));
#3640=DIRECTION('ref_axis',(3.17206573737952E-16,-1.,0.));
#3641=DIRECTION('',(3.17206573737952E-16,-1.,0.));
#3642=DIRECTION('',(3.17206573737952E-16,-1.,0.));
#3643=DIRECTION('center_axis',(1.,-2.93416080707606E-15,0.));
#3644=DIRECTION('ref_axis',(2.93416080707606E-15,1.,0.));
#3645=DIRECTION('',(2.93416080707606E-15,1.,0.));
#3646=DIRECTION('',(0.,0.,1.));
#3647=DIRECTION('',(2.93416080707606E-15,1.,0.));
#3648=DIRECTION('',(0.,0.,1.));
#3649=DIRECTION('center_axis',(4.75809860606942E-16,1.,0.));
#3650=DIRECTION('ref_axis',(-1.,4.75809860606942E-16,0.));
#3651=DIRECTION('',(-1.,4.75809860606942E-16,0.));
#3652=DIRECTION('',(-1.,4.75809860606942E-16,0.));
#3653=DIRECTION('',(0.,0.,1.));
#3654=DIRECTION('center_axis',(-1.,-6.34413147475905E-16,0.));
#3655=DIRECTION('ref_axis',(6.34413147475905E-16,-1.,0.));
#3656=DIRECTION('',(6.34413147475905E-16,-1.,0.));
#3657=DIRECTION('',(6.34413147475905E-16,-1.,0.));
#3658=DIRECTION('',(0.,0.,1.));
#3659=DIRECTION('center_axis',(-2.37904930303472E-16,-1.,0.));
#3660=DIRECTION('ref_axis',(1.,-2.37904930303472E-16,0.));
#3661=DIRECTION('',(1.,-2.37904930303472E-16,0.));
#3662=DIRECTION('',(1.,-2.37904930303472E-16,0.));
#3663=DIRECTION('center_axis',(0.,0.,1.));
#3664=DIRECTION('ref_axis',(1.,0.,0.));
#3665=DIRECTION('center_axis',(0.,0.,-1.));
#3666=DIRECTION('ref_axis',(1.,0.,0.));
#3667=DIRECTION('',(0.,0.,-1.));
#3668=DIRECTION('center_axis',(0.,0.,-1.));
#3669=DIRECTION('ref_axis',(1.,0.,0.));
#3670=DIRECTION('center_axis',(0.,0.,1.));
#3671=DIRECTION('ref_axis',(1.,0.,0.));
#3672=DIRECTION('center_axis',(0.,0.,-1.));
#3673=DIRECTION('ref_axis',(1.,0.,0.));
#3674=DIRECTION('',(0.,0.,-1.));
#3675=DIRECTION('center_axis',(0.,0.,-1.));
#3676=DIRECTION('ref_axis',(1.,0.,0.));
#3677=DIRECTION('center_axis',(1.,0.,0.));
#3678=DIRECTION('ref_axis',(0.,1.,0.));
#3679=DIRECTION('',(0.,1.,0.));
#3680=DIRECTION('',(0.,0.,1.));
#3681=DIRECTION('',(0.,1.,0.));
#3682=DIRECTION('',(0.,0.,1.));
#3683=DIRECTION('center_axis',(0.,1.,0.));
#3684=DIRECTION('ref_axis',(-1.,0.,0.));
#3685=DIRECTION('',(-1.,0.,0.));
#3686=DIRECTION('',(-1.,0.,0.));
#3687=DIRECTION('',(0.,0.,1.));
#3688=DIRECTION('center_axis',(-1.,0.,0.));
#3689=DIRECTION('ref_axis',(0.,-1.,0.));
#3690=DIRECTION('',(0.,-1.,0.));
#3691=DIRECTION('',(0.,-1.,0.));
#3692=DIRECTION('',(0.,0.,1.));
#3693=DIRECTION('center_axis',(0.,-1.,0.));
#3694=DIRECTION('ref_axis',(1.,0.,0.));
#3695=DIRECTION('',(1.,0.,0.));
#3696=DIRECTION('',(1.,0.,0.));
#3697=DIRECTION('center_axis',(0.,0.,1.));
#3698=DIRECTION('ref_axis',(1.,0.,0.));
#3699=DIRECTION('center_axis',(0.,0.,-1.));
#3700=DIRECTION('ref_axis',(1.,0.,0.));
#3701=DIRECTION('',(0.,0.,-1.));
#3702=DIRECTION('center_axis',(0.,0.,-1.));
#3703=DIRECTION('ref_axis',(1.,0.,0.));
#3704=DIRECTION('center_axis',(1.,0.,0.));
#3705=DIRECTION('ref_axis',(0.,1.,0.));
#3706=DIRECTION('',(0.,1.,0.));
#3707=DIRECTION('',(0.,0.,1.));
#3708=DIRECTION('',(0.,1.,0.));
#3709=DIRECTION('',(0.,0.,1.));
#3710=DIRECTION('center_axis',(0.,1.,0.));
#3711=DIRECTION('ref_axis',(-1.,0.,0.));
#3712=DIRECTION('',(-1.,0.,0.));
#3713=DIRECTION('',(-1.,0.,0.));
#3714=DIRECTION('',(0.,0.,1.));
#3715=DIRECTION('center_axis',(-1.,0.,0.));
#3716=DIRECTION('ref_axis',(0.,-1.,0.));
#3717=DIRECTION('',(0.,-1.,0.));
#3718=DIRECTION('',(0.,-1.,0.));
#3719=DIRECTION('',(0.,0.,1.));
#3720=DIRECTION('center_axis',(0.,-1.,0.));
#3721=DIRECTION('ref_axis',(1.,0.,0.));
#3722=DIRECTION('',(1.,0.,0.));
#3723=DIRECTION('',(1.,0.,0.));
#3724=DIRECTION('center_axis',(0.,0.,1.));
#3725=DIRECTION('ref_axis',(1.,0.,0.));
#3726=DIRECTION('center_axis',(0.,0.,-1.));
#3727=DIRECTION('ref_axis',(1.,0.,0.));
#3728=DIRECTION('',(0.,0.,-1.));
#3729=DIRECTION('center_axis',(0.,0.,-1.));
#3730=DIRECTION('ref_axis',(1.,0.,0.));
#3731=DIRECTION('center_axis',(0.,0.,1.));
#3732=DIRECTION('ref_axis',(1.,0.,0.));
#3733=DIRECTION('center_axis',(0.,0.,-1.));
#3734=DIRECTION('ref_axis',(1.,0.,0.));
#3735=DIRECTION('',(0.,0.,-1.));
#3736=DIRECTION('center_axis',(0.,0.,-1.));
#3737=DIRECTION('ref_axis',(1.,0.,0.));
#3738=DIRECTION('center_axis',(1.,-3.17206573737952E-16,0.));
#3739=DIRECTION('ref_axis',(3.17206573737952E-16,1.,0.));
#3740=DIRECTION('',(3.17206573737952E-16,1.,0.));
#3741=DIRECTION('',(0.,0.,1.));
#3742=DIRECTION('',(3.17206573737952E-16,1.,0.));
#3743=DIRECTION('',(0.,0.,1.));
#3744=DIRECTION('center_axis',(0.,1.,0.));
#3745=DIRECTION('ref_axis',(-1.,0.,0.));
#3746=DIRECTION('',(-1.,0.,0.));
#3747=DIRECTION('',(-1.,0.,0.));
#3748=DIRECTION('',(0.,0.,1.));
#3749=DIRECTION('center_axis',(-1.,0.,0.));
#3750=DIRECTION('ref_axis',(0.,-1.,0.));
#3751=DIRECTION('',(0.,-1.,0.));
#3752=DIRECTION('',(0.,-1.,0.));
#3753=DIRECTION('',(0.,0.,1.));
#3754=DIRECTION('center_axis',(0.,-1.,0.));
#3755=DIRECTION('ref_axis',(1.,0.,0.));
#3756=DIRECTION('',(1.,0.,0.));
#3757=DIRECTION('',(1.,0.,0.));
#3758=DIRECTION('center_axis',(1.,1.04519566046648E-13,0.));
#3759=DIRECTION('ref_axis',(-1.04519566046648E-13,1.,0.));
#3760=DIRECTION('',(-1.04519566046648E-13,1.,0.));
#3761=DIRECTION('',(0.,0.,1.));
#3762=DIRECTION('',(-1.04519566046648E-13,1.,0.));
#3763=DIRECTION('',(0.,0.,1.));
#3764=DIRECTION('center_axis',(-6.99440495092212E-14,1.,0.));
#3765=DIRECTION('ref_axis',(-1.,-6.99440495092212E-14,0.));
#3766=DIRECTION('',(-1.,-6.99440495092212E-14,0.));
#3767=DIRECTION('',(-1.,-6.99440495092212E-14,0.));
#3768=DIRECTION('',(0.,0.,1.));
#3769=DIRECTION('center_axis',(-1.,-2.35149198194127E-13,0.));
#3770=DIRECTION('ref_axis',(2.35149198194127E-13,-1.,0.));
#3771=DIRECTION('',(2.35149198194127E-13,-1.,0.));
#3772=DIRECTION('',(2.35149198194127E-13,-1.,0.));
#3773=DIRECTION('',(0.,0.,1.));
#3774=DIRECTION('center_axis',(-4.61535564788799E-14,-1.,0.));
#3775=DIRECTION('ref_axis',(1.,-4.61535564788799E-14,0.));
#3776=DIRECTION('',(1.,-4.61535564788799E-14,0.));
#3777=DIRECTION('',(1.,-4.61535564788799E-14,0.));
#3778=DIRECTION('center_axis',(-1.,0.,0.));
#3779=DIRECTION('ref_axis',(0.,-1.,0.));
#3780=DIRECTION('',(0.,1.,0.));
#3781=DIRECTION('',(0.,0.,1.));
#3782=DIRECTION('',(0.,-1.,0.));
#3783=DIRECTION('',(0.,0.,1.));
#3784=DIRECTION('center_axis',(0.,0.,1.));
#3785=DIRECTION('ref_axis',(0.,1.,0.));
#3786=DIRECTION('center_axis',(0.,0.,1.));
#3787=DIRECTION('ref_axis',(0.,1.,0.));
#3788=DIRECTION('center_axis',(0.,0.,1.));
#3789=DIRECTION('ref_axis',(0.,1.,0.));
#3790=DIRECTION('',(0.,0.,1.));
#3791=DIRECTION('center_axis',(0.,1.,0.));
#3792=DIRECTION('ref_axis',(-1.,0.,0.));
#3793=DIRECTION('',(1.,0.,0.));
#3794=DIRECTION('',(-1.,0.,0.));
#3795=DIRECTION('',(0.,0.,1.));
#3796=DIRECTION('center_axis',(0.,0.,1.));
#3797=DIRECTION('ref_axis',(1.,0.,0.));
#3798=DIRECTION('center_axis',(0.,0.,1.));
#3799=DIRECTION('ref_axis',(1.,0.,0.));
#3800=DIRECTION('center_axis',(0.,0.,1.));
#3801=DIRECTION('ref_axis',(1.,0.,0.));
#3802=DIRECTION('',(0.,0.,1.));
#3803=DIRECTION('center_axis',(1.,0.,0.));
#3804=DIRECTION('ref_axis',(0.,1.,0.));
#3805=DIRECTION('',(0.,-1.,0.));
#3806=DIRECTION('',(0.,1.,0.));
#3807=DIRECTION('',(0.,0.,1.));
#3808=DIRECTION('center_axis',(0.,0.,1.));
#3809=DIRECTION('ref_axis',(0.,-1.,0.));
#3810=DIRECTION('center_axis',(0.,0.,1.));
#3811=DIRECTION('ref_axis',(0.,-1.,0.));
#3812=DIRECTION('center_axis',(0.,0.,1.));
#3813=DIRECTION('ref_axis',(0.,-1.,0.));
#3814=DIRECTION('',(0.,0.,1.));
#3815=DIRECTION('center_axis',(5.65574614295809E-17,-1.,0.));
#3816=DIRECTION('ref_axis',(1.,5.65574614295809E-17,0.));
#3817=DIRECTION('',(-1.,-5.65574614295809E-17,0.));
#3818=DIRECTION('',(1.,5.65574614295809E-17,0.));
#3819=DIRECTION('',(0.,0.,1.));
#3820=DIRECTION('center_axis',(0.,0.,1.));
#3821=DIRECTION('ref_axis',(-1.,0.,0.));
#3822=DIRECTION('center_axis',(0.,0.,1.));
#3823=DIRECTION('ref_axis',(-1.,0.,0.));
#3824=DIRECTION('center_axis',(0.,0.,1.));
#3825=DIRECTION('ref_axis',(-1.,0.,0.));
#3826=DIRECTION('center_axis',(0.,0.,1.));
#3827=DIRECTION('ref_axis',(1.,0.,0.));
#3828=DIRECTION('center_axis',(0.,0.,1.));
#3829=DIRECTION('ref_axis',(1.,0.,0.));
#3830=DIRECTION('center_axis',(0.,0.,1.));
#3831=DIRECTION('ref_axis',(1.,0.,0.));
#3832=DIRECTION('center_axis',(0.,0.,-1.));
#3833=DIRECTION('ref_axis',(1.,0.,0.));
#3834=DIRECTION('',(0.,0.,-1.));
#3835=DIRECTION('center_axis',(0.,0.,-1.));
#3836=DIRECTION('ref_axis',(1.,0.,0.));
#3837=DIRECTION('center_axis',(0.,0.,1.));
#3838=DIRECTION('ref_axis',(1.,0.,0.));
#3839=DIRECTION('center_axis',(0.,0.,-1.));
#3840=DIRECTION('ref_axis',(1.,0.,0.));
#3841=DIRECTION('',(0.,0.,-1.));
#3842=DIRECTION('center_axis',(0.,0.,-1.));
#3843=DIRECTION('ref_axis',(1.,0.,0.));
#3844=DIRECTION('center_axis',(1.,0.,0.));
#3845=DIRECTION('ref_axis',(0.,1.,0.));
#3846=DIRECTION('',(0.,1.,0.));
#3847=DIRECTION('',(0.,0.,1.));
#3848=DIRECTION('',(0.,1.,0.));
#3849=DIRECTION('',(0.,0.,1.));
#3850=DIRECTION('center_axis',(0.,1.,0.));
#3851=DIRECTION('ref_axis',(-1.,0.,0.));
#3852=DIRECTION('',(-1.,0.,0.));
#3853=DIRECTION('',(-1.,0.,0.));
#3854=DIRECTION('',(0.,0.,1.));
#3855=DIRECTION('center_axis',(-1.,0.,0.));
#3856=DIRECTION('ref_axis',(0.,-1.,0.));
#3857=DIRECTION('',(0.,-1.,0.));
#3858=DIRECTION('',(0.,-1.,0.));
#3859=DIRECTION('',(0.,0.,1.));
#3860=DIRECTION('center_axis',(0.,-1.,0.));
#3861=DIRECTION('ref_axis',(1.,0.,0.));
#3862=DIRECTION('',(1.,0.,0.));
#3863=DIRECTION('',(1.,0.,0.));
#3864=DIRECTION('center_axis',(1.,0.,0.));
#3865=DIRECTION('ref_axis',(0.,1.,0.));
#3866=DIRECTION('',(0.,1.,0.));
#3867=DIRECTION('',(0.,0.,1.));
#3868=DIRECTION('',(0.,1.,0.));
#3869=DIRECTION('',(0.,0.,1.));
#3870=DIRECTION('center_axis',(0.,1.,0.));
#3871=DIRECTION('ref_axis',(-1.,0.,0.));
#3872=DIRECTION('',(-1.,0.,0.));
#3873=DIRECTION('',(-1.,0.,0.));
#3874=DIRECTION('',(0.,0.,1.));
#3875=DIRECTION('center_axis',(-1.,0.,0.));
#3876=DIRECTION('ref_axis',(0.,-1.,0.));
#3877=DIRECTION('',(0.,-1.,0.));
#3878=DIRECTION('',(0.,-1.,0.));
#3879=DIRECTION('',(0.,0.,1.));
#3880=DIRECTION('center_axis',(0.,-1.,0.));
#3881=DIRECTION('ref_axis',(1.,0.,0.));
#3882=DIRECTION('',(1.,0.,0.));
#3883=DIRECTION('',(1.,0.,0.));
#3884=DIRECTION('center_axis',(1.,-3.17206573737952E-16,0.));
#3885=DIRECTION('ref_axis',(3.17206573737952E-16,1.,0.));
#3886=DIRECTION('',(3.17206573737952E-16,1.,0.));
#3887=DIRECTION('',(0.,0.,1.));
#3888=DIRECTION('',(3.17206573737952E-16,1.,0.));
#3889=DIRECTION('',(0.,0.,1.));
#3890=DIRECTION('center_axis',(0.,1.,0.));
#3891=DIRECTION('ref_axis',(-1.,0.,0.));
#3892=DIRECTION('',(-1.,0.,0.));
#3893=DIRECTION('',(-1.,0.,0.));
#3894=DIRECTION('',(0.,0.,1.));
#3895=DIRECTION('center_axis',(-1.,0.,0.));
#3896=DIRECTION('ref_axis',(0.,-1.,0.));
#3897=DIRECTION('',(0.,-1.,0.));
#3898=DIRECTION('',(0.,-1.,0.));
#3899=DIRECTION('',(0.,0.,1.));
#3900=DIRECTION('center_axis',(0.,-1.,0.));
#3901=DIRECTION('ref_axis',(1.,0.,0.));
#3902=DIRECTION('',(1.,0.,0.));
#3903=DIRECTION('',(1.,0.,0.));
#3904=DIRECTION('center_axis',(1.,-2.93416080707606E-15,0.));
#3905=DIRECTION('ref_axis',(2.93416080707606E-15,1.,0.));
#3906=DIRECTION('',(2.93416080707606E-15,1.,0.));
#3907=DIRECTION('',(0.,0.,1.));
#3908=DIRECTION('',(2.93416080707606E-15,1.,0.));
#3909=DIRECTION('',(0.,0.,1.));
#3910=DIRECTION('center_axis',(4.75809860606942E-16,1.,0.));
#3911=DIRECTION('ref_axis',(-1.,4.75809860606942E-16,0.));
#3912=DIRECTION('',(-1.,4.75809860606942E-16,0.));
#3913=DIRECTION('',(-1.,4.75809860606942E-16,0.));
#3914=DIRECTION('',(0.,0.,1.));
#3915=DIRECTION('center_axis',(-1.,-6.34413147475905E-16,0.));
#3916=DIRECTION('ref_axis',(6.34413147475905E-16,-1.,0.));
#3917=DIRECTION('',(6.34413147475905E-16,-1.,0.));
#3918=DIRECTION('',(6.34413147475905E-16,-1.,0.));
#3919=DIRECTION('',(0.,0.,1.));
#3920=DIRECTION('center_axis',(-2.37904930303472E-16,-1.,0.));
#3921=DIRECTION('ref_axis',(1.,-2.37904930303472E-16,0.));
#3922=DIRECTION('',(1.,-2.37904930303472E-16,0.));
#3923=DIRECTION('',(1.,-2.37904930303472E-16,0.));
#3924=DIRECTION('center_axis',(1.,1.04519566046648E-13,0.));
#3925=DIRECTION('ref_axis',(-1.04519566046648E-13,1.,0.));
#3926=DIRECTION('',(-1.04519566046648E-13,1.,0.));
#3927=DIRECTION('',(0.,0.,1.));
#3928=DIRECTION('',(-1.04519566046648E-13,1.,0.));
#3929=DIRECTION('',(0.,0.,1.));
#3930=DIRECTION('center_axis',(-6.99440495092212E-14,1.,0.));
#3931=DIRECTION('ref_axis',(-1.,-6.99440495092212E-14,0.));
#3932=DIRECTION('',(-1.,-6.99440495092212E-14,0.));
#3933=DIRECTION('',(-1.,-6.99440495092212E-14,0.));
#3934=DIRECTION('',(0.,0.,1.));
#3935=DIRECTION('center_axis',(-1.,-2.35149198194127E-13,0.));
#3936=DIRECTION('ref_axis',(2.35149198194127E-13,-1.,0.));
#3937=DIRECTION('',(2.35149198194127E-13,-1.,0.));
#3938=DIRECTION('',(2.35149198194127E-13,-1.,0.));
#3939=DIRECTION('',(0.,0.,1.));
#3940=DIRECTION('center_axis',(-4.61535564788799E-14,-1.,0.));
#3941=DIRECTION('ref_axis',(1.,-4.61535564788799E-14,0.));
#3942=DIRECTION('',(1.,-4.61535564788799E-14,0.));
#3943=DIRECTION('',(1.,-4.61535564788799E-14,0.));
#3944=DIRECTION('center_axis',(7.93016434344881E-17,-1.,0.));
#3945=DIRECTION('ref_axis',(1.,7.93016434344881E-17,0.));
#3946=DIRECTION('',(1.,7.93016434344881E-17,0.));
#3947=DIRECTION('',(0.,0.,1.));
#3948=DIRECTION('',(1.,7.93016434344881E-17,0.));
#3949=DIRECTION('',(0.,0.,1.));
#3950=DIRECTION('center_axis',(1.,0.,0.));
#3951=DIRECTION('ref_axis',(0.,1.,0.));
#3952=DIRECTION('',(0.,1.,0.));
#3953=DIRECTION('',(0.,1.,0.));
#3954=DIRECTION('',(0.,0.,1.));
#3955=DIRECTION('center_axis',(0.,1.,0.));
#3956=DIRECTION('ref_axis',(-1.,0.,0.));
#3957=DIRECTION('',(-1.,0.,0.));
#3958=DIRECTION('',(-1.,0.,0.));
#3959=DIRECTION('',(0.,0.,1.));
#3960=DIRECTION('center_axis',(-1.,-3.17206573737952E-16,0.));
#3961=DIRECTION('ref_axis',(3.17206573737952E-16,-1.,0.));
#3962=DIRECTION('',(3.17206573737952E-16,-1.,0.));
#3963=DIRECTION('',(3.17206573737952E-16,-1.,0.));
#3964=DIRECTION('center_axis',(0.,0.,1.));
#3965=DIRECTION('ref_axis',(1.,0.,0.));
#3966=DIRECTION('center_axis',(0.,0.,-1.));
#3967=DIRECTION('ref_axis',(1.,0.,0.));
#3968=DIRECTION('',(0.,0.,-1.));
#3969=DIRECTION('center_axis',(0.,0.,-1.));
#3970=DIRECTION('ref_axis',(1.,0.,0.));
#3971=DIRECTION('center_axis',(0.,0.,1.));
#3972=DIRECTION('ref_axis',(1.,0.,0.));
#3973=DIRECTION('center_axis',(0.,0.,-1.));
#3974=DIRECTION('ref_axis',(1.,0.,0.));
#3975=DIRECTION('',(0.,0.,-1.));
#3976=DIRECTION('center_axis',(0.,0.,-1.));
#3977=DIRECTION('ref_axis',(1.,0.,0.));
#3978=DIRECTION('center_axis',(0.,0.,1.));
#3979=DIRECTION('ref_axis',(1.,0.,0.));
#3980=DIRECTION('center_axis',(0.,0.,-1.));
#3981=DIRECTION('ref_axis',(1.,0.,0.));
#3982=DIRECTION('',(0.,0.,-1.));
#3983=DIRECTION('center_axis',(0.,0.,-1.));
#3984=DIRECTION('ref_axis',(1.,0.,0.));
#3985=DIRECTION('center_axis',(0.,0.,1.));
#3986=DIRECTION('ref_axis',(1.,0.,0.));
#3987=DIRECTION('center_axis',(0.,0.,-1.));
#3988=DIRECTION('ref_axis',(1.,0.,0.));
#3989=DIRECTION('',(0.,0.,-1.));
#3990=DIRECTION('center_axis',(0.,0.,-1.));
#3991=DIRECTION('ref_axis',(1.,0.,0.));
#3992=DIRECTION('center_axis',(-1.,0.,0.));
#3993=DIRECTION('ref_axis',(0.,-1.,0.));
#3994=DIRECTION('',(0.,1.,0.));
#3995=DIRECTION('',(0.,0.,1.));
#3996=DIRECTION('',(0.,-1.,0.));
#3997=DIRECTION('',(0.,0.,1.));
#3998=DIRECTION('center_axis',(0.,0.,1.));
#3999=DIRECTION('ref_axis',(0.,1.,0.));
#4000=DIRECTION('center_axis',(0.,0.,1.));
#4001=DIRECTION('ref_axis',(0.,1.,0.));
#4002=DIRECTION('center_axis',(0.,0.,1.));
#4003=DIRECTION('ref_axis',(0.,1.,0.));
#4004=DIRECTION('',(0.,0.,1.));
#4005=DIRECTION('center_axis',(0.,1.,0.));
#4006=DIRECTION('ref_axis',(-1.,0.,0.));
#4007=DIRECTION('',(1.,0.,0.));
#4008=DIRECTION('',(-1.,0.,0.));
#4009=DIRECTION('',(0.,0.,1.));
#4010=DIRECTION('center_axis',(0.,0.,1.));
#4011=DIRECTION('ref_axis',(1.,0.,0.));
#4012=DIRECTION('center_axis',(0.,0.,1.));
#4013=DIRECTION('ref_axis',(1.,0.,0.));
#4014=DIRECTION('center_axis',(0.,0.,1.));
#4015=DIRECTION('ref_axis',(1.,0.,0.));
#4016=DIRECTION('',(0.,0.,1.));
#4017=DIRECTION('center_axis',(1.,0.,0.));
#4018=DIRECTION('ref_axis',(0.,1.,0.));
#4019=DIRECTION('',(0.,-1.,0.));
#4020=DIRECTION('',(0.,1.,0.));
#4021=DIRECTION('',(0.,0.,1.));
#4022=DIRECTION('center_axis',(0.,0.,1.));
#4023=DIRECTION('ref_axis',(0.,-1.,0.));
#4024=DIRECTION('center_axis',(0.,0.,1.));
#4025=DIRECTION('ref_axis',(0.,-1.,0.));
#4026=DIRECTION('center_axis',(0.,0.,1.));
#4027=DIRECTION('ref_axis',(0.,-1.,0.));
#4028=DIRECTION('',(0.,0.,1.));
#4029=DIRECTION('center_axis',(5.65574614295809E-17,-1.,0.));
#4030=DIRECTION('ref_axis',(1.,5.65574614295809E-17,0.));
#4031=DIRECTION('',(-1.,-5.65574614295809E-17,0.));
#4032=DIRECTION('',(1.,5.65574614295809E-17,0.));
#4033=DIRECTION('',(0.,0.,1.));
#4034=DIRECTION('center_axis',(0.,0.,1.));
#4035=DIRECTION('ref_axis',(-1.,0.,0.));
#4036=DIRECTION('center_axis',(0.,0.,1.));
#4037=DIRECTION('ref_axis',(-1.,0.,0.));
#4038=DIRECTION('center_axis',(0.,0.,1.));
#4039=DIRECTION('ref_axis',(-1.,0.,0.));
#4040=DIRECTION('center_axis',(0.,0.,1.));
#4041=DIRECTION('ref_axis',(1.,0.,0.));
#4042=DIRECTION('center_axis',(0.,0.,1.));
#4043=DIRECTION('ref_axis',(1.,0.,0.));
#4044=DIRECTION('center_axis',(0.,0.,1.));
#4045=DIRECTION('ref_axis',(1.,0.,0.));
#4046=DIRECTION('center_axis',(0.,0.,-1.));
#4047=DIRECTION('ref_axis',(1.,0.,0.));
#4048=DIRECTION('',(0.,0.,-1.));
#4049=DIRECTION('center_axis',(0.,0.,-1.));
#4050=DIRECTION('ref_axis',(1.,0.,0.));
#4051=DIRECTION('center_axis',(0.,0.,1.));
#4052=DIRECTION('ref_axis',(1.,0.,0.));
#4053=DIRECTION('center_axis',(0.,0.,-1.));
#4054=DIRECTION('ref_axis',(1.,0.,0.));
#4055=DIRECTION('',(0.,0.,-1.));
#4056=DIRECTION('center_axis',(0.,0.,-1.));
#4057=DIRECTION('ref_axis',(1.,0.,0.));
#4058=DIRECTION('center_axis',(0.,0.,1.));
#4059=DIRECTION('ref_axis',(1.,0.,0.));
#4060=DIRECTION('center_axis',(0.,0.,-1.));
#4061=DIRECTION('ref_axis',(1.,0.,0.));
#4062=DIRECTION('',(0.,0.,-1.));
#4063=DIRECTION('center_axis',(0.,0.,-1.));
#4064=DIRECTION('ref_axis',(1.,0.,0.));
#4065=DIRECTION('center_axis',(0.,0.,1.));
#4066=DIRECTION('ref_axis',(1.,0.,0.));
#4067=DIRECTION('center_axis',(0.,0.,-1.));
#4068=DIRECTION('ref_axis',(1.,0.,0.));
#4069=DIRECTION('',(0.,0.,-1.));
#4070=DIRECTION('center_axis',(0.,0.,-1.));
#4071=DIRECTION('ref_axis',(1.,0.,0.));
#4072=DIRECTION('center_axis',(7.93016434344881E-17,-1.,0.));
#4073=DIRECTION('ref_axis',(1.,7.93016434344881E-17,0.));
#4074=DIRECTION('',(1.,7.93016434344881E-17,0.));
#4075=DIRECTION('',(0.,0.,1.));
#4076=DIRECTION('',(1.,7.93016434344881E-17,0.));
#4077=DIRECTION('',(0.,0.,1.));
#4078=DIRECTION('center_axis',(1.,0.,0.));
#4079=DIRECTION('ref_axis',(0.,1.,0.));
#4080=DIRECTION('',(0.,1.,0.));
#4081=DIRECTION('',(0.,1.,0.));
#4082=DIRECTION('',(0.,0.,1.));
#4083=DIRECTION('center_axis',(0.,1.,0.));
#4084=DIRECTION('ref_axis',(-1.,0.,0.));
#4085=DIRECTION('',(-1.,0.,0.));
#4086=DIRECTION('',(-1.,0.,0.));
#4087=DIRECTION('',(0.,0.,1.));
#4088=DIRECTION('center_axis',(-1.,-3.17206573737952E-16,0.));
#4089=DIRECTION('ref_axis',(3.17206573737952E-16,-1.,0.));
#4090=DIRECTION('',(3.17206573737952E-16,-1.,0.));
#4091=DIRECTION('',(3.17206573737952E-16,-1.,0.));
#4092=DIRECTION('center_axis',(1.,1.04519566046648E-13,0.));
#4093=DIRECTION('ref_axis',(-1.04519566046648E-13,1.,0.));
#4094=DIRECTION('',(-1.04519566046648E-13,1.,0.));
#4095=DIRECTION('',(0.,0.,1.));
#4096=DIRECTION('',(-1.04519566046648E-13,1.,0.));
#4097=DIRECTION('',(0.,0.,1.));
#4098=DIRECTION('center_axis',(-6.99440495092212E-14,1.,0.));
#4099=DIRECTION('ref_axis',(-1.,-6.99440495092212E-14,0.));
#4100=DIRECTION('',(-1.,-6.99440495092212E-14,0.));
#4101=DIRECTION('',(-1.,-6.99440495092212E-14,0.));
#4102=DIRECTION('',(0.,0.,1.));
#4103=DIRECTION('center_axis',(-1.,-2.35149198194127E-13,0.));
#4104=DIRECTION('ref_axis',(2.35149198194127E-13,-1.,0.));
#4105=DIRECTION('',(2.35149198194127E-13,-1.,0.));
#4106=DIRECTION('',(2.35149198194127E-13,-1.,0.));
#4107=DIRECTION('',(0.,0.,1.));
#4108=DIRECTION('center_axis',(-4.61535564788799E-14,-1.,0.));
#4109=DIRECTION('ref_axis',(1.,-4.61535564788799E-14,0.));
#4110=DIRECTION('',(1.,-4.61535564788799E-14,0.));
#4111=DIRECTION('',(1.,-4.61535564788799E-14,0.));
#4112=DIRECTION('center_axis',(1.,-2.93416080707606E-15,0.));
#4113=DIRECTION('ref_axis',(2.93416080707606E-15,1.,0.));
#4114=DIRECTION('',(2.93416080707606E-15,1.,0.));
#4115=DIRECTION('',(0.,0.,1.));
#4116=DIRECTION('',(2.93416080707606E-15,1.,0.));
#4117=DIRECTION('',(0.,0.,1.));
#4118=DIRECTION('center_axis',(4.75809860606942E-16,1.,0.));
#4119=DIRECTION('ref_axis',(-1.,4.75809860606942E-16,0.));
#4120=DIRECTION('',(-1.,4.75809860606942E-16,0.));
#4121=DIRECTION('',(-1.,4.75809860606942E-16,0.));
#4122=DIRECTION('',(0.,0.,1.));
#4123=DIRECTION('center_axis',(-1.,-6.34413147475905E-16,0.));
#4124=DIRECTION('ref_axis',(6.34413147475905E-16,-1.,0.));
#4125=DIRECTION('',(6.34413147475905E-16,-1.,0.));
#4126=DIRECTION('',(6.34413147475905E-16,-1.,0.));
#4127=DIRECTION('',(0.,0.,1.));
#4128=DIRECTION('center_axis',(-2.37904930303472E-16,-1.,0.));
#4129=DIRECTION('ref_axis',(1.,-2.37904930303472E-16,0.));
#4130=DIRECTION('',(1.,-2.37904930303472E-16,0.));
#4131=DIRECTION('',(1.,-2.37904930303472E-16,0.));
#4132=DIRECTION('center_axis',(1.,-3.17206573737952E-16,0.));
#4133=DIRECTION('ref_axis',(3.17206573737952E-16,1.,0.));
#4134=DIRECTION('',(3.17206573737952E-16,1.,0.));
#4135=DIRECTION('',(0.,0.,1.));
#4136=DIRECTION('',(3.17206573737952E-16,1.,0.));
#4137=DIRECTION('',(0.,0.,1.));
#4138=DIRECTION('center_axis',(0.,1.,0.));
#4139=DIRECTION('ref_axis',(-1.,0.,0.));
#4140=DIRECTION('',(-1.,0.,0.));
#4141=DIRECTION('',(-1.,0.,0.));
#4142=DIRECTION('',(0.,0.,1.));
#4143=DIRECTION('center_axis',(-1.,0.,0.));
#4144=DIRECTION('ref_axis',(0.,-1.,0.));
#4145=DIRECTION('',(0.,-1.,0.));
#4146=DIRECTION('',(0.,-1.,0.));
#4147=DIRECTION('',(0.,0.,1.));
#4148=DIRECTION('center_axis',(0.,-1.,0.));
#4149=DIRECTION('ref_axis',(1.,0.,0.));
#4150=DIRECTION('',(1.,0.,0.));
#4151=DIRECTION('',(1.,0.,0.));
#4152=DIRECTION('center_axis',(1.,0.,0.));
#4153=DIRECTION('ref_axis',(0.,1.,0.));
#4154=DIRECTION('',(0.,1.,0.));
#4155=DIRECTION('',(0.,0.,1.));
#4156=DIRECTION('',(0.,1.,0.));
#4157=DIRECTION('',(0.,0.,1.));
#4158=DIRECTION('center_axis',(0.,1.,0.));
#4159=DIRECTION('ref_axis',(-1.,0.,0.));
#4160=DIRECTION('',(-1.,0.,0.));
#4161=DIRECTION('',(-1.,0.,0.));
#4162=DIRECTION('',(0.,0.,1.));
#4163=DIRECTION('center_axis',(-1.,0.,0.));
#4164=DIRECTION('ref_axis',(0.,-1.,0.));
#4165=DIRECTION('',(0.,-1.,0.));
#4166=DIRECTION('',(0.,-1.,0.));
#4167=DIRECTION('',(0.,0.,1.));
#4168=DIRECTION('center_axis',(0.,-1.,0.));
#4169=DIRECTION('ref_axis',(1.,0.,0.));
#4170=DIRECTION('',(1.,0.,0.));
#4171=DIRECTION('',(1.,0.,0.));
#4172=DIRECTION('center_axis',(1.,0.,0.));
#4173=DIRECTION('ref_axis',(0.,1.,0.));
#4174=DIRECTION('',(0.,1.,0.));
#4175=DIRECTION('',(0.,0.,1.));
#4176=DIRECTION('',(0.,1.,0.));
#4177=DIRECTION('',(0.,0.,1.));
#4178=DIRECTION('center_axis',(0.,1.,0.));
#4179=DIRECTION('ref_axis',(-1.,0.,0.));
#4180=DIRECTION('',(-1.,0.,0.));
#4181=DIRECTION('',(-1.,0.,0.));
#4182=DIRECTION('',(0.,0.,1.));
#4183=DIRECTION('center_axis',(-1.,0.,0.));
#4184=DIRECTION('ref_axis',(0.,-1.,0.));
#4185=DIRECTION('',(0.,-1.,0.));
#4186=DIRECTION('',(0.,-1.,0.));
#4187=DIRECTION('',(0.,0.,1.));
#4188=DIRECTION('center_axis',(0.,-1.,0.));
#4189=DIRECTION('ref_axis',(1.,0.,0.));
#4190=DIRECTION('',(1.,0.,0.));
#4191=DIRECTION('',(1.,0.,0.));
#4192=DIRECTION('center_axis',(0.,0.,1.));
#4193=DIRECTION('ref_axis',(1.,0.,0.));
#4194=DIRECTION('center_axis',(0.,0.,-1.));
#4195=DIRECTION('ref_axis',(1.,0.,0.));
#4196=DIRECTION('',(0.,0.,-1.));
#4197=DIRECTION('center_axis',(0.,0.,-1.));
#4198=DIRECTION('ref_axis',(1.,0.,0.));
#4199=DIRECTION('center_axis',(0.,0.,1.));
#4200=DIRECTION('ref_axis',(1.,0.,0.));
#4201=DIRECTION('center_axis',(0.,0.,-1.));
#4202=DIRECTION('ref_axis',(1.,0.,0.));
#4203=DIRECTION('',(0.,0.,-1.));
#4204=DIRECTION('center_axis',(0.,0.,-1.));
#4205=DIRECTION('ref_axis',(1.,0.,0.));
#4206=DIRECTION('center_axis',(-1.,0.,0.));
#4207=DIRECTION('ref_axis',(0.,-1.,0.));
#4208=DIRECTION('',(0.,1.,0.));
#4209=DIRECTION('',(0.,0.,1.));
#4210=DIRECTION('',(0.,-1.,0.));
#4211=DIRECTION('',(0.,0.,1.));
#4212=DIRECTION('center_axis',(0.,0.,1.));
#4213=DIRECTION('ref_axis',(0.,1.,0.));
#4214=DIRECTION('center_axis',(0.,0.,1.));
#4215=DIRECTION('ref_axis',(0.,1.,0.));
#4216=DIRECTION('center_axis',(0.,0.,1.));
#4217=DIRECTION('ref_axis',(0.,1.,0.));
#4218=DIRECTION('',(0.,0.,1.));
#4219=DIRECTION('center_axis',(0.,1.,0.));
#4220=DIRECTION('ref_axis',(-1.,0.,0.));
#4221=DIRECTION('',(1.,0.,0.));
#4222=DIRECTION('',(-1.,0.,0.));
#4223=DIRECTION('',(0.,0.,1.));
#4224=DIRECTION('center_axis',(0.,0.,1.));
#4225=DIRECTION('ref_axis',(1.,0.,0.));
#4226=DIRECTION('center_axis',(0.,0.,1.));
#4227=DIRECTION('ref_axis',(1.,0.,0.));
#4228=DIRECTION('center_axis',(0.,0.,1.));
#4229=DIRECTION('ref_axis',(1.,0.,0.));
#4230=DIRECTION('',(0.,0.,1.));
#4231=DIRECTION('center_axis',(1.,0.,0.));
#4232=DIRECTION('ref_axis',(0.,1.,0.));
#4233=DIRECTION('',(0.,-1.,0.));
#4234=DIRECTION('',(0.,1.,0.));
#4235=DIRECTION('',(0.,0.,1.));
#4236=DIRECTION('center_axis',(0.,0.,1.));
#4237=DIRECTION('ref_axis',(0.,-1.,0.));
#4238=DIRECTION('center_axis',(0.,0.,1.));
#4239=DIRECTION('ref_axis',(0.,-1.,0.));
#4240=DIRECTION('center_axis',(0.,0.,1.));
#4241=DIRECTION('ref_axis',(0.,-1.,0.));
#4242=DIRECTION('',(0.,0.,1.));
#4243=DIRECTION('center_axis',(5.65574614295809E-17,-1.,0.));
#4244=DIRECTION('ref_axis',(1.,5.65574614295809E-17,0.));
#4245=DIRECTION('',(-1.,-5.65574614295809E-17,0.));
#4246=DIRECTION('',(1.,5.65574614295809E-17,0.));
#4247=DIRECTION('',(0.,0.,1.));
#4248=DIRECTION('center_axis',(0.,0.,1.));
#4249=DIRECTION('ref_axis',(-1.,0.,0.));
#4250=DIRECTION('center_axis',(0.,0.,1.));
#4251=DIRECTION('ref_axis',(-1.,0.,0.));
#4252=DIRECTION('center_axis',(0.,0.,1.));
#4253=DIRECTION('ref_axis',(-1.,0.,0.));
#4254=DIRECTION('center_axis',(0.,0.,1.));
#4255=DIRECTION('ref_axis',(1.,0.,0.));
#4256=DIRECTION('center_axis',(0.,0.,1.));
#4257=DIRECTION('ref_axis',(1.,0.,0.));
#4258=DIRECTION('center_axis',(1.,-3.17206573737952E-16,0.));
#4259=DIRECTION('ref_axis',(3.17206573737952E-16,1.,0.));
#4260=DIRECTION('',(3.17206573737952E-16,1.,0.));
#4261=DIRECTION('',(0.,0.,1.));
#4262=DIRECTION('',(3.17206573737952E-16,1.,0.));
#4263=DIRECTION('',(0.,0.,1.));
#4264=DIRECTION('center_axis',(0.,1.,0.));
#4265=DIRECTION('ref_axis',(-1.,0.,0.));
#4266=DIRECTION('',(-1.,0.,0.));
#4267=DIRECTION('',(-1.,0.,0.));
#4268=DIRECTION('',(0.,0.,1.));
#4269=DIRECTION('center_axis',(-1.,0.,0.));
#4270=DIRECTION('ref_axis',(0.,-1.,0.));
#4271=DIRECTION('',(0.,-1.,0.));
#4272=DIRECTION('',(0.,-1.,0.));
#4273=DIRECTION('',(0.,0.,1.));
#4274=DIRECTION('center_axis',(0.,-1.,0.));
#4275=DIRECTION('ref_axis',(1.,0.,0.));
#4276=DIRECTION('',(1.,0.,0.));
#4277=DIRECTION('',(1.,0.,0.));
#4278=DIRECTION('center_axis',(0.,0.,1.));
#4279=DIRECTION('ref_axis',(1.,0.,0.));
#4280=DIRECTION('center_axis',(0.,0.,-1.));
#4281=DIRECTION('ref_axis',(1.,0.,0.));
#4282=DIRECTION('',(0.,0.,-1.));
#4283=DIRECTION('center_axis',(0.,0.,-1.));
#4284=DIRECTION('ref_axis',(1.,0.,0.));
#4285=DIRECTION('center_axis',(0.,0.,1.));
#4286=DIRECTION('ref_axis',(1.,0.,0.));
#4287=DIRECTION('center_axis',(0.,0.,-1.));
#4288=DIRECTION('ref_axis',(1.,0.,0.));
#4289=DIRECTION('',(0.,0.,-1.));
#4290=DIRECTION('center_axis',(0.,0.,-1.));
#4291=DIRECTION('ref_axis',(1.,0.,0.));
#4292=DIRECTION('center_axis',(7.93016434344881E-17,-1.,0.));
#4293=DIRECTION('ref_axis',(1.,7.93016434344881E-17,0.));
#4294=DIRECTION('',(1.,7.93016434344881E-17,0.));
#4295=DIRECTION('',(0.,0.,1.));
#4296=DIRECTION('',(1.,7.93016434344881E-17,0.));
#4297=DIRECTION('',(0.,0.,1.));
#4298=DIRECTION('center_axis',(1.,0.,0.));
#4299=DIRECTION('ref_axis',(0.,1.,0.));
#4300=DIRECTION('',(0.,1.,0.));
#4301=DIRECTION('',(0.,1.,0.));
#4302=DIRECTION('',(0.,0.,1.));
#4303=DIRECTION('center_axis',(0.,1.,0.));
#4304=DIRECTION('ref_axis',(-1.,0.,0.));
#4305=DIRECTION('',(-1.,0.,0.));
#4306=DIRECTION('',(-1.,0.,0.));
#4307=DIRECTION('',(0.,0.,1.));
#4308=DIRECTION('center_axis',(-1.,-3.17206573737952E-16,0.));
#4309=DIRECTION('ref_axis',(3.17206573737952E-16,-1.,0.));
#4310=DIRECTION('',(3.17206573737952E-16,-1.,0.));
#4311=DIRECTION('',(3.17206573737952E-16,-1.,0.));
#4312=DIRECTION('center_axis',(1.,1.04519566046648E-13,0.));
#4313=DIRECTION('ref_axis',(-1.04519566046648E-13,1.,0.));
#4314=DIRECTION('',(-1.04519566046648E-13,1.,0.));
#4315=DIRECTION('',(0.,0.,1.));
#4316=DIRECTION('',(-1.04519566046648E-13,1.,0.));
#4317=DIRECTION('',(0.,0.,1.));
#4318=DIRECTION('center_axis',(-6.99440495092212E-14,1.,0.));
#4319=DIRECTION('ref_axis',(-1.,-6.99440495092212E-14,0.));
#4320=DIRECTION('',(-1.,-6.99440495092212E-14,0.));
#4321=DIRECTION('',(-1.,-6.99440495092212E-14,0.));
#4322=DIRECTION('',(0.,0.,1.));
#4323=DIRECTION('center_axis',(-1.,-2.35149198194127E-13,0.));
#4324=DIRECTION('ref_axis',(2.35149198194127E-13,-1.,0.));
#4325=DIRECTION('',(2.35149198194127E-13,-1.,0.));
#4326=DIRECTION('',(2.35149198194127E-13,-1.,0.));
#4327=DIRECTION('',(0.,0.,1.));
#4328=DIRECTION('center_axis',(-4.61535564788799E-14,-1.,0.));
#4329=DIRECTION('ref_axis',(1.,-4.61535564788799E-14,0.));
#4330=DIRECTION('',(1.,-4.61535564788799E-14,0.));
#4331=DIRECTION('',(1.,-4.61535564788799E-14,0.));
#4332=DIRECTION('center_axis',(0.,0.,1.));
#4333=DIRECTION('ref_axis',(1.,0.,0.));
#4334=DIRECTION('center_axis',(0.,0.,-1.));
#4335=DIRECTION('ref_axis',(1.,0.,0.));
#4336=DIRECTION('',(0.,0.,-1.));
#4337=DIRECTION('center_axis',(0.,0.,-1.));
#4338=DIRECTION('ref_axis',(1.,0.,0.));
#4339=DIRECTION('center_axis',(1.,-2.93416080707606E-15,0.));
#4340=DIRECTION('ref_axis',(2.93416080707606E-15,1.,0.));
#4341=DIRECTION('',(2.93416080707606E-15,1.,0.));
#4342=DIRECTION('',(0.,0.,1.));
#4343=DIRECTION('',(2.93416080707606E-15,1.,0.));
#4344=DIRECTION('',(0.,0.,1.));
#4345=DIRECTION('center_axis',(4.75809860606942E-16,1.,0.));
#4346=DIRECTION('ref_axis',(-1.,4.75809860606942E-16,0.));
#4347=DIRECTION('',(-1.,4.75809860606942E-16,0.));
#4348=DIRECTION('',(-1.,4.75809860606942E-16,0.));
#4349=DIRECTION('',(0.,0.,1.));
#4350=DIRECTION('center_axis',(-1.,-6.34413147475905E-16,0.));
#4351=DIRECTION('ref_axis',(6.34413147475905E-16,-1.,0.));
#4352=DIRECTION('',(6.34413147475905E-16,-1.,0.));
#4353=DIRECTION('',(6.34413147475905E-16,-1.,0.));
#4354=DIRECTION('',(0.,0.,1.));
#4355=DIRECTION('center_axis',(-2.37904930303472E-16,-1.,0.));
#4356=DIRECTION('ref_axis',(1.,-2.37904930303472E-16,0.));
#4357=DIRECTION('',(1.,-2.37904930303472E-16,0.));
#4358=DIRECTION('',(1.,-2.37904930303472E-16,0.));
#4359=DIRECTION('center_axis',(1.,0.,0.));
#4360=DIRECTION('ref_axis',(0.,1.,0.));
#4361=DIRECTION('',(0.,1.,0.));
#4362=DIRECTION('',(0.,0.,1.));
#4363=DIRECTION('',(0.,1.,0.));
#4364=DIRECTION('',(0.,0.,1.));
#4365=DIRECTION('center_axis',(0.,1.,0.));
#4366=DIRECTION('ref_axis',(-1.,0.,0.));
#4367=DIRECTION('',(-1.,0.,0.));
#4368=DIRECTION('',(-1.,0.,0.));
#4369=DIRECTION('',(0.,0.,1.));
#4370=DIRECTION('center_axis',(-1.,0.,0.));
#4371=DIRECTION('ref_axis',(0.,-1.,0.));
#4372=DIRECTION('',(0.,-1.,0.));
#4373=DIRECTION('',(0.,-1.,0.));
#4374=DIRECTION('',(0.,0.,1.));
#4375=DIRECTION('center_axis',(0.,-1.,0.));
#4376=DIRECTION('ref_axis',(1.,0.,0.));
#4377=DIRECTION('',(1.,0.,0.));
#4378=DIRECTION('',(1.,0.,0.));
#4379=DIRECTION('center_axis',(0.,0.,1.));
#4380=DIRECTION('ref_axis',(1.,0.,0.));
#4381=DIRECTION('center_axis',(0.,0.,-1.));
#4382=DIRECTION('ref_axis',(1.,0.,0.));
#4383=DIRECTION('',(0.,0.,-1.));
#4384=DIRECTION('center_axis',(0.,0.,-1.));
#4385=DIRECTION('ref_axis',(1.,0.,0.));
#4386=DIRECTION('center_axis',(1.,0.,0.));
#4387=DIRECTION('ref_axis',(0.,1.,0.));
#4388=DIRECTION('',(0.,1.,0.));
#4389=DIRECTION('',(0.,0.,1.));
#4390=DIRECTION('',(0.,1.,0.));
#4391=DIRECTION('',(0.,0.,1.));
#4392=DIRECTION('center_axis',(0.,1.,0.));
#4393=DIRECTION('ref_axis',(-1.,0.,0.));
#4394=DIRECTION('',(-1.,0.,0.));
#4395=DIRECTION('',(-1.,0.,0.));
#4396=DIRECTION('',(0.,0.,1.));
#4397=DIRECTION('center_axis',(-1.,0.,0.));
#4398=DIRECTION('ref_axis',(0.,-1.,0.));
#4399=DIRECTION('',(0.,-1.,0.));
#4400=DIRECTION('',(0.,-1.,0.));
#4401=DIRECTION('',(0.,0.,1.));
#4402=DIRECTION('center_axis',(0.,-1.,0.));
#4403=DIRECTION('ref_axis',(1.,0.,0.));
#4404=DIRECTION('',(1.,0.,0.));
#4405=DIRECTION('',(1.,0.,0.));
#4406=DIRECTION('center_axis',(0.,0.,1.));
#4407=DIRECTION('ref_axis',(1.,0.,0.));
#4408=DIRECTION('center_axis',(0.,0.,-1.));
#4409=DIRECTION('ref_axis',(1.,0.,0.));
#4410=DIRECTION('',(0.,0.,-1.));
#4411=DIRECTION('center_axis',(0.,0.,-1.));
#4412=DIRECTION('ref_axis',(1.,0.,0.));
#4413=DIRECTION('center_axis',(0.,0.,1.));
#4414=DIRECTION('ref_axis',(1.,0.,0.));
#4415=DIRECTION('center_axis',(0.,0.,-1.));
#4416=DIRECTION('ref_axis',(1.,0.,0.));
#4417=DIRECTION('',(0.,0.,-1.));
#4418=DIRECTION('center_axis',(0.,0.,-1.));
#4419=DIRECTION('ref_axis',(1.,0.,0.));
#4420=DIRECTION('center_axis',(-1.,0.,0.));
#4421=DIRECTION('ref_axis',(0.,-1.,0.));
#4422=DIRECTION('',(0.,1.,0.));
#4423=DIRECTION('',(0.,0.,1.));
#4424=DIRECTION('',(0.,-1.,0.));
#4425=DIRECTION('',(0.,0.,1.));
#4426=DIRECTION('center_axis',(0.,0.,1.));
#4427=DIRECTION('ref_axis',(0.,1.,0.));
#4428=DIRECTION('center_axis',(0.,0.,1.));
#4429=DIRECTION('ref_axis',(0.,1.,0.));
#4430=DIRECTION('center_axis',(0.,0.,1.));
#4431=DIRECTION('ref_axis',(0.,1.,0.));
#4432=DIRECTION('',(0.,0.,1.));
#4433=DIRECTION('center_axis',(0.,1.,0.));
#4434=DIRECTION('ref_axis',(-1.,0.,0.));
#4435=DIRECTION('',(1.,0.,0.));
#4436=DIRECTION('',(-1.,0.,0.));
#4437=DIRECTION('',(0.,0.,1.));
#4438=DIRECTION('center_axis',(0.,0.,1.));
#4439=DIRECTION('ref_axis',(1.,0.,0.));
#4440=DIRECTION('center_axis',(0.,0.,1.));
#4441=DIRECTION('ref_axis',(1.,0.,0.));
#4442=DIRECTION('center_axis',(0.,0.,1.));
#4443=DIRECTION('ref_axis',(1.,0.,0.));
#4444=DIRECTION('',(0.,0.,1.));
#4445=DIRECTION('center_axis',(1.,0.,0.));
#4446=DIRECTION('ref_axis',(0.,1.,0.));
#4447=DIRECTION('',(0.,-1.,0.));
#4448=DIRECTION('',(0.,1.,0.));
#4449=DIRECTION('',(0.,0.,1.));
#4450=DIRECTION('center_axis',(0.,0.,1.));
#4451=DIRECTION('ref_axis',(0.,-1.,0.));
#4452=DIRECTION('center_axis',(0.,0.,1.));
#4453=DIRECTION('ref_axis',(0.,-1.,0.));
#4454=DIRECTION('center_axis',(0.,0.,1.));
#4455=DIRECTION('ref_axis',(0.,-1.,0.));
#4456=DIRECTION('',(0.,0.,1.));
#4457=DIRECTION('center_axis',(5.65574614295809E-17,-1.,0.));
#4458=DIRECTION('ref_axis',(1.,5.65574614295809E-17,0.));
#4459=DIRECTION('',(-1.,-5.65574614295809E-17,0.));
#4460=DIRECTION('',(1.,5.65574614295809E-17,0.));
#4461=DIRECTION('',(0.,0.,1.));
#4462=DIRECTION('center_axis',(0.,0.,1.));
#4463=DIRECTION('ref_axis',(-1.,0.,0.));
#4464=DIRECTION('center_axis',(0.,0.,1.));
#4465=DIRECTION('ref_axis',(-1.,0.,0.));
#4466=DIRECTION('center_axis',(0.,0.,1.));
#4467=DIRECTION('ref_axis',(-1.,0.,0.));
#4468=DIRECTION('center_axis',(0.,0.,1.));
#4469=DIRECTION('ref_axis',(1.,0.,0.));
#4470=DIRECTION('center_axis',(0.,0.,1.));
#4471=DIRECTION('ref_axis',(1.,0.,0.));
#4472=CARTESIAN_POINT('',(0.,0.,0.));
#4473=CARTESIAN_POINT('Origin',(38.847229530983,-0.0994999999941681,0.));
#4474=CARTESIAN_POINT('',(37.247229530983,-0.0994999999941681,2.));
#4475=CARTESIAN_POINT('Origin',(38.847229530983,-0.0994999999941681,2.));
#4476=CARTESIAN_POINT('',(37.247229530983,-0.0994999999941683,0.));
#4477=CARTESIAN_POINT('',(37.247229530983,-0.0994999999941683,0.));
#4478=CARTESIAN_POINT('Origin',(38.847229530983,-0.0994999999941681,0.));
#4479=CARTESIAN_POINT('Origin',(-34.987770677617,-3.68250094879414,0.));
#4480=CARTESIAN_POINT('',(-34.987770677617,-3.68250094879414,0.));
#4481=CARTESIAN_POINT('',(-20.987770469017,-3.68250094879414,0.));
#4482=CARTESIAN_POINT('',(-20.987770469017,-3.68250094879414,0.));
#4483=CARTESIAN_POINT('',(-20.987770469017,-3.68250094879414,2.));
#4484=CARTESIAN_POINT('',(-20.987770469017,-3.68250094879414,0.));
#4485=CARTESIAN_POINT('',(-34.987770677617,-3.68250094879414,2.));
#4486=CARTESIAN_POINT('',(-20.987770469017,-3.68250094879414,2.));
#4487=CARTESIAN_POINT('',(-34.987770677617,-3.68250094879414,0.));
#4488=CARTESIAN_POINT('Origin',(-34.987770677617,-17.6825011573941,0.));
#4489=CARTESIAN_POINT('',(-34.987770677617,-17.6825011573941,0.));
#4490=CARTESIAN_POINT('',(-34.987770677617,-3.68250094879414,0.));
#4491=CARTESIAN_POINT('',(-34.987770677617,-17.6825011573941,2.));
#4492=CARTESIAN_POINT('',(-34.987770677617,-3.68250094879414,2.));
#4493=CARTESIAN_POINT('',(-34.987770677617,-17.6825011573941,0.));
#4494=CARTESIAN_POINT('Origin',(-20.987770469017,-17.6825011573941,0.));
#4495=CARTESIAN_POINT('',(-20.987770469017,-17.6825011573941,0.));
#4496=CARTESIAN_POINT('',(-34.987770677617,-17.6825011573941,0.));
#4497=CARTESIAN_POINT('',(-20.987770469017,-17.6825011573941,2.));
#4498=CARTESIAN_POINT('',(-34.987770677617,-17.6825011573941,2.));
#4499=CARTESIAN_POINT('',(-20.987770469017,-17.6825011573941,0.));
#4500=CARTESIAN_POINT('Origin',(-20.987770469017,-3.68250094879414,0.));
#4501=CARTESIAN_POINT('',(-20.987770469017,-17.6825011573941,0.));
#4502=CARTESIAN_POINT('',(-20.987770469017,-17.6825011573941,2.));
#4503=CARTESIAN_POINT('Origin',(3.11222932237969,-17.6825011573941,0.));
#4504=CARTESIAN_POINT('',(3.11222932237969,-17.6825011573941,0.));
#4505=CARTESIAN_POINT('',(3.11222932237973,-3.68250094879413,0.));
#4506=CARTESIAN_POINT('',(3.11222932237969,-17.6825011573941,0.));
#4507=CARTESIAN_POINT('',(3.11222932237973,-3.68250094879413,2.));
#4508=CARTESIAN_POINT('',(3.11222932237973,-3.68250094879413,0.));
#4509=CARTESIAN_POINT('',(3.11222932237969,-17.6825011573941,2.));
#4510=CARTESIAN_POINT('',(3.11222932237969,-17.6825011573941,2.));
#4511=CARTESIAN_POINT('',(3.11222932237969,-17.6825011573941,0.));
#4512=CARTESIAN_POINT('Origin',(17.1122295309793,-17.6825011573941,0.));
#4513=CARTESIAN_POINT('',(17.1122295309793,-17.6825011573941,0.));
#4514=CARTESIAN_POINT('',(17.1122295309793,-17.6825011573941,0.));
#4515=CARTESIAN_POINT('',(17.1122295309793,-17.6825011573941,2.));
#4516=CARTESIAN_POINT('',(17.1122295309793,-17.6825011573941,2.));
#4517=CARTESIAN_POINT('',(17.1122295309793,-17.6825011573941,0.));
#4518=CARTESIAN_POINT('Origin',(17.1122295309793,-3.68250094879413,0.));
#4519=CARTESIAN_POINT('',(17.1122295309793,-3.68250094879413,0.));
#4520=CARTESIAN_POINT('',(17.1122295309793,-3.68250094879413,0.));
#4521=CARTESIAN_POINT('',(17.1122295309793,-3.68250094879413,2.));
#4522=CARTESIAN_POINT('',(17.1122295309793,-3.68250094879413,2.));
#4523=CARTESIAN_POINT('',(17.1122295309793,-3.68250094879413,0.));
#4524=CARTESIAN_POINT('Origin',(3.11222932237973,-3.68250094879413,0.));
#4525=CARTESIAN_POINT('',(3.11222932237973,-3.68250094879413,0.));
#4526=CARTESIAN_POINT('',(3.11222932237973,-3.68250094879413,2.));
#4527=CARTESIAN_POINT('Origin',(-37.672774483517,-0.099499999999999,0.));
#4528=CARTESIAN_POINT('',(-39.272774483517,-0.099499999999999,2.));
#4529=CARTESIAN_POINT('Origin',(-37.672774483517,-0.099499999999999,2.));
#4530=CARTESIAN_POINT('',(-39.272774483517,-0.0994999999999992,0.));
#4531=CARTESIAN_POINT('',(-39.272774483517,-0.0994999999999992,0.));
#4532=CARTESIAN_POINT('Origin',(-37.672774483517,-0.099499999999999,0.));
#4533=CARTESIAN_POINT('Origin',(38.847229530983,-20.3675011573942,0.));
#4534=CARTESIAN_POINT('',(37.247229530983,-20.3675011573942,2.));
#4535=CARTESIAN_POINT('Origin',(38.847229530983,-20.3675011573942,2.));
#4536=CARTESIAN_POINT('',(37.247229530983,-20.3675011573942,0.));
#4537=CARTESIAN_POINT('',(37.247229530983,-20.3675011573942,0.));
#4538=CARTESIAN_POINT('Origin',(38.847229530983,-20.3675011573942,0.));
#4539=CARTESIAN_POINT('Origin',(-34.2727744835171,2.89750115740586,0.));
#4540=CARTESIAN_POINT('',(-34.2727744835171,2.89750115740586,0.));
#4541=CARTESIAN_POINT('',(-34.2727744835171,15.8975011574059,0.));
#4542=CARTESIAN_POINT('',(-34.2727744835171,2.89750115740586,0.));
#4543=CARTESIAN_POINT('',(-34.2727744835171,15.8975011574059,2.));
#4544=CARTESIAN_POINT('',(-34.2727744835171,15.8975011574059,0.));
#4545=CARTESIAN_POINT('',(-34.2727744835171,2.89750115740586,2.));
#4546=CARTESIAN_POINT('',(-34.2727744835171,2.89750115740586,2.));
#4547=CARTESIAN_POINT('',(-34.2727744835171,2.89750115740586,0.));
#4548=CARTESIAN_POINT('Origin',(-21.472774483517,2.89750115740586,0.));
#4549=CARTESIAN_POINT('',(-21.472774483517,2.89750115740586,0.));
#4550=CARTESIAN_POINT('',(-21.472774483517,2.89750115740586,0.));
#4551=CARTESIAN_POINT('',(-21.472774483517,2.89750115740586,2.));
#4552=CARTESIAN_POINT('',(-21.472774483517,2.89750115740586,2.));
#4553=CARTESIAN_POINT('',(-21.472774483517,2.89750115740586,0.));
#4554=CARTESIAN_POINT('Origin',(-21.472774483517,15.8975011574059,0.));
#4555=CARTESIAN_POINT('',(-21.472774483517,15.8975011574059,0.));
#4556=CARTESIAN_POINT('',(-21.472774483517,15.8975011574059,0.));
#4557=CARTESIAN_POINT('',(-21.472774483517,15.8975011574059,2.));
#4558=CARTESIAN_POINT('',(-21.472774483517,15.8975011574059,2.));
#4559=CARTESIAN_POINT('',(-21.472774483517,15.8975011574059,0.));
#4560=CARTESIAN_POINT('Origin',(-34.2727744835171,15.8975011574059,0.));
#4561=CARTESIAN_POINT('',(-34.2727744835171,15.8975011574059,0.));
#4562=CARTESIAN_POINT('',(-34.2727744835171,15.8975011574059,2.));
#4563=CARTESIAN_POINT('Origin',(-37.672774483517,-20.3675,0.));
#4564=CARTESIAN_POINT('',(-39.272774483517,-20.3675,2.));
#4565=CARTESIAN_POINT('Origin',(-37.672774483517,-20.3675,2.));
#4566=CARTESIAN_POINT('',(-39.272774483517,-20.3675,0.));
#4567=CARTESIAN_POINT('',(-39.272774483517,-20.3675,0.));
#4568=CARTESIAN_POINT('Origin',(-37.672774483517,-20.3675,0.));
#4569=CARTESIAN_POINT('Origin',(-11.272774483517,3.31250115740586,0.));
#4570=CARTESIAN_POINT('',(-11.272774483517,3.31250115740586,0.));
#4571=CARTESIAN_POINT('',(-11.272774483517,15.4625011574059,0.));
#4572=CARTESIAN_POINT('',(-11.272774483517,3.31250115740586,0.));
#4573=CARTESIAN_POINT('',(-11.272774483517,15.4625011574059,2.));
#4574=CARTESIAN_POINT('',(-11.272774483517,15.4625011574059,0.));
#4575=CARTESIAN_POINT('',(-11.272774483517,3.31250115740586,2.));
#4576=CARTESIAN_POINT('',(-11.272774483517,3.31250115740586,2.));
#4577=CARTESIAN_POINT('',(-11.272774483517,3.31250115740586,0.));
#4578=CARTESIAN_POINT('Origin',(11.727225516483,3.31250115740586,0.));
#4579=CARTESIAN_POINT('',(11.727225516483,3.31250115740586,0.));
#4580=CARTESIAN_POINT('',(11.727225516483,3.31250115740586,0.));
#4581=CARTESIAN_POINT('',(11.727225516483,3.31250115740586,2.));
#4582=CARTESIAN_POINT('',(11.727225516483,3.31250115740586,2.));
#4583=CARTESIAN_POINT('',(11.727225516483,3.31250115740586,0.));
#4584=CARTESIAN_POINT('Origin',(11.727225516483,15.4625011574059,0.));
#4585=CARTESIAN_POINT('',(11.727225516483,15.4625011574059,0.));
#4586=CARTESIAN_POINT('',(11.727225516483,15.4625011574059,0.));
#4587=CARTESIAN_POINT('',(11.727225516483,15.4625011574059,2.));
#4588=CARTESIAN_POINT('',(11.727225516483,15.4625011574059,2.));
#4589=CARTESIAN_POINT('',(11.727225516483,15.4625011574059,0.));
#4590=CARTESIAN_POINT('Origin',(-11.272774483517,15.4625011574059,0.));
#4591=CARTESIAN_POINT('',(-11.272774483517,15.4625011574059,0.));
#4592=CARTESIAN_POINT('',(-11.272774483517,15.4625011574059,2.));
#4593=CARTESIAN_POINT('Origin',(38.847229530983,20.3675,0.));
#4594=CARTESIAN_POINT('',(37.247229530983,20.3675,2.));
#4595=CARTESIAN_POINT('Origin',(38.847229530983,20.3675,2.));
#4596=CARTESIAN_POINT('',(37.247229530983,20.3675,0.));
#4597=CARTESIAN_POINT('',(37.247229530983,20.3675,0.));
#4598=CARTESIAN_POINT('Origin',(38.847229530983,20.3675,0.));
#4599=CARTESIAN_POINT('Origin',(-37.672774483517,20.3675,0.));
#4600=CARTESIAN_POINT('',(-39.272774483517,20.3675,2.));
#4601=CARTESIAN_POINT('Origin',(-37.672774483517,20.3675,2.));
#4602=CARTESIAN_POINT('',(-39.272774483517,20.3675,0.));
#4603=CARTESIAN_POINT('',(-39.272774483517,20.3675,0.));
#4604=CARTESIAN_POINT('Origin',(-37.672774483517,20.3675,0.));
#4605=CARTESIAN_POINT('Origin',(22.1622293223763,-17.6825011573941,0.));
#4606=CARTESIAN_POINT('',(22.1622293223763,-17.6825011573941,0.));
#4607=CARTESIAN_POINT('',(22.1622293223764,-3.68250094879414,0.));
#4608=CARTESIAN_POINT('',(22.1622293223763,-17.6825011573941,0.));
#4609=CARTESIAN_POINT('',(22.1622293223764,-3.68250094879414,2.));
#4610=CARTESIAN_POINT('',(22.1622293223764,-3.68250094879414,0.));
#4611=CARTESIAN_POINT('',(22.1622293223763,-17.6825011573941,2.));
#4612=CARTESIAN_POINT('',(22.1622293223763,-17.6825011573941,2.));
#4613=CARTESIAN_POINT('',(22.1622293223763,-17.6825011573941,0.));
#4614=CARTESIAN_POINT('Origin',(36.162229530983,-17.6825011573941,0.));
#4615=CARTESIAN_POINT('',(36.162229530983,-17.6825011573941,0.));
#4616=CARTESIAN_POINT('',(36.162229530983,-17.6825011573941,0.));
#4617=CARTESIAN_POINT('',(36.162229530983,-17.6825011573941,2.));
#4618=CARTESIAN_POINT('',(36.162229530983,-17.6825011573941,2.));
#4619=CARTESIAN_POINT('',(36.162229530983,-17.6825011573941,0.));
#4620=CARTESIAN_POINT('Origin',(36.162229530983,-3.68250094879414,0.));
#4621=CARTESIAN_POINT('',(36.162229530983,-3.68250094879414,0.));
#4622=CARTESIAN_POINT('',(36.162229530983,-3.68250094879414,0.));
#4623=CARTESIAN_POINT('',(36.162229530983,-3.68250094879414,2.));
#4624=CARTESIAN_POINT('',(36.162229530983,-3.68250094879414,2.));
#4625=CARTESIAN_POINT('',(36.162229530983,-3.68250094879414,0.));
#4626=CARTESIAN_POINT('Origin',(22.1622293223764,-3.68250094879414,0.));
#4627=CARTESIAN_POINT('',(22.1622293223764,-3.68250094879414,0.));
#4628=CARTESIAN_POINT('',(22.1622293223764,-3.68250094879414,2.));
#4629=CARTESIAN_POINT('Origin',(-15.9377706776256,-17.6825011573945,0.));
#4630=CARTESIAN_POINT('',(-15.9377706776256,-17.6825011573945,0.));
#4631=CARTESIAN_POINT('',(-15.9377706776271,-3.68250094879359,0.));
#4632=CARTESIAN_POINT('',(-15.9377706776256,-17.6825011573945,0.));
#4633=CARTESIAN_POINT('',(-15.9377706776271,-3.68250094879359,2.));
#4634=CARTESIAN_POINT('',(-15.9377706776271,-3.68250094879359,0.));
#4635=CARTESIAN_POINT('',(-15.9377706776256,-17.6825011573945,2.));
#4636=CARTESIAN_POINT('',(-15.9377706776256,-17.6825011573945,2.));
#4637=CARTESIAN_POINT('',(-15.9377706776256,-17.6825011573945,0.));
#4638=CARTESIAN_POINT('Origin',(-1.93777046902613,-17.6825011573936,0.));
#4639=CARTESIAN_POINT('',(-1.93777046902613,-17.6825011573936,0.));
#4640=CARTESIAN_POINT('',(-1.93777046902613,-17.6825011573936,0.));
#4641=CARTESIAN_POINT('',(-1.93777046902613,-17.6825011573936,2.));
#4642=CARTESIAN_POINT('',(-1.93777046902613,-17.6825011573936,2.));
#4643=CARTESIAN_POINT('',(-1.93777046902613,-17.6825011573936,0.));
#4644=CARTESIAN_POINT('Origin',(-1.93777046902942,-3.68250094879424,0.));
#4645=CARTESIAN_POINT('',(-1.93777046902942,-3.68250094879424,0.));
#4646=CARTESIAN_POINT('',(-1.93777046902942,-3.68250094879424,0.));
#4647=CARTESIAN_POINT('',(-1.93777046902943,-3.68250094879424,2.));
#4648=CARTESIAN_POINT('',(-1.93777046902942,-3.68250094879424,2.));
#4649=CARTESIAN_POINT('',(-1.93777046902942,-3.68250094879424,0.));
#4650=CARTESIAN_POINT('Origin',(-15.9377706776271,-3.68250094879359,0.));
#4651=CARTESIAN_POINT('',(-15.9377706776271,-3.68250094879359,0.));
#4652=CARTESIAN_POINT('',(-15.9377706776271,-3.68250094879359,2.));
#4653=CARTESIAN_POINT('Origin',(-41.672774483517,21.3675011574059,0.));
#4654=CARTESIAN_POINT('',(-41.672774483517,-21.3675011573942,0.));
#4655=CARTESIAN_POINT('',(-41.672774483517,21.3675011574059,0.));
#4656=CARTESIAN_POINT('',(-41.672774483517,-21.3675011573942,0.));
#4657=CARTESIAN_POINT('',(-41.672774483517,-21.3675011573942,2.));
#4658=CARTESIAN_POINT('',(-41.672774483517,-21.3675011573942,0.));
#4659=CARTESIAN_POINT('',(-41.672774483517,21.3675011574059,2.));
#4660=CARTESIAN_POINT('',(-41.672774483517,-21.3675011573942,2.));
#4661=CARTESIAN_POINT('',(-41.672774483517,21.3675011574059,0.));
#4662=CARTESIAN_POINT('Origin',(-38.6727744835171,21.3675011574059,0.));
#4663=CARTESIAN_POINT('',(-38.6727744835171,24.3675011574059,0.));
#4664=CARTESIAN_POINT('Origin',(-38.6727744835171,21.3675011574059,0.));
#4665=CARTESIAN_POINT('',(-38.6727744835171,24.3675011574059,2.));
#4666=CARTESIAN_POINT('Origin',(-38.6727744835171,21.3675011574059,2.));
#4667=CARTESIAN_POINT('',(-38.6727744835171,24.3675011574059,0.));
#4668=CARTESIAN_POINT('Origin',(39.847229530983,24.3675011574059,0.));
#4669=CARTESIAN_POINT('',(39.847229530983,24.3675011574059,0.));
#4670=CARTESIAN_POINT('',(-38.6727744835171,24.3675011574059,0.));
#4671=CARTESIAN_POINT('',(39.847229530983,24.3675011574059,2.));
#4672=CARTESIAN_POINT('',(-38.6727744835171,24.3675011574059,2.));
#4673=CARTESIAN_POINT('',(39.847229530983,24.3675011574059,0.));
#4674=CARTESIAN_POINT('Origin',(39.847229530983,21.3675011574059,0.));
#4675=CARTESIAN_POINT('',(42.847229530983,21.3675011574059,0.));
#4676=CARTESIAN_POINT('Origin',(39.847229530983,21.3675011574059,0.));
#4677=CARTESIAN_POINT('',(42.847229530983,21.3675011574059,2.));
#4678=CARTESIAN_POINT('Origin',(39.847229530983,21.3675011574059,2.));
#4679=CARTESIAN_POINT('',(42.847229530983,21.3675011574059,0.));
#4680=CARTESIAN_POINT('Origin',(42.847229530983,-21.3675011573942,0.));
#4681=CARTESIAN_POINT('',(42.847229530983,-21.3675011573942,0.));
#4682=CARTESIAN_POINT('',(42.847229530983,21.3675011574059,0.));
#4683=CARTESIAN_POINT('',(42.847229530983,-21.3675011573942,2.));
#4684=CARTESIAN_POINT('',(42.847229530983,21.3675011574059,2.));
#4685=CARTESIAN_POINT('',(42.847229530983,-21.3675011573942,0.));
#4686=CARTESIAN_POINT('Origin',(39.847229530983,-21.3675011573942,0.));
#4687=CARTESIAN_POINT('',(39.847229530983,-24.3675011573941,0.));
#4688=CARTESIAN_POINT('Origin',(39.847229530983,-21.3675011573942,0.));
#4689=CARTESIAN_POINT('',(39.847229530983,-24.3675011573941,2.));
#4690=CARTESIAN_POINT('Origin',(39.847229530983,-21.3675011573942,2.));
#4691=CARTESIAN_POINT('',(39.847229530983,-24.3675011573941,0.));
#4692=CARTESIAN_POINT('Origin',(-38.6727744835171,-24.3675011573941,0.));
#4693=CARTESIAN_POINT('',(-38.6727744835171,-24.3675011573941,0.));
#4694=CARTESIAN_POINT('',(39.847229530983,-24.3675011573941,0.));
#4695=CARTESIAN_POINT('',(-38.6727744835171,-24.3675011573941,2.));
#4696=CARTESIAN_POINT('',(39.847229530983,-24.3675011573941,2.));
#4697=CARTESIAN_POINT('',(-38.6727744835171,-24.3675011573941,0.));
#4698=CARTESIAN_POINT('Origin',(-38.6727744835171,-21.3675011573942,0.));
#4699=CARTESIAN_POINT('Origin',(-38.6727744835171,-21.3675011573942,0.));
#4700=CARTESIAN_POINT('Origin',(-38.6727744835171,-21.3675011573942,2.));
#4701=CARTESIAN_POINT('Origin',(0.587227523732956,5.86197757002083E-12,
2.));
#4702=CARTESIAN_POINT('Origin',(0.587227523732956,5.86197757002083E-12,
0.));
#4703=CARTESIAN_POINT('Origin',(-37.672774483517,-20.3675,0.));
#4704=CARTESIAN_POINT('',(-39.272774483517,-20.3675,2.));
#4705=CARTESIAN_POINT('Origin',(-37.672774483517,-20.3675,2.));
#4706=CARTESIAN_POINT('',(-39.272774483517,-20.3675,0.));
#4707=CARTESIAN_POINT('',(-39.272774483517,-20.3675,0.));
#4708=CARTESIAN_POINT('Origin',(-37.672774483517,-20.3675,0.));
#4709=CARTESIAN_POINT('Origin',(38.847229530983,-20.3675011573942,0.));
#4710=CARTESIAN_POINT('',(37.247229530983,-20.3675011573942,2.));
#4711=CARTESIAN_POINT('Origin',(38.847229530983,-20.3675011573942,2.));
#4712=CARTESIAN_POINT('',(37.247229530983,-20.3675011573942,0.));
#4713=CARTESIAN_POINT('',(37.247229530983,-20.3675011573942,0.));
#4714=CARTESIAN_POINT('Origin',(38.847229530983,-20.3675011573942,0.));
#4715=CARTESIAN_POINT('Origin',(-11.272774483517,3.31250115740586,0.));
#4716=CARTESIAN_POINT('',(-11.272774483517,3.31250115740586,0.));
#4717=CARTESIAN_POINT('',(-11.272774483517,15.4625011574059,0.));
#4718=CARTESIAN_POINT('',(-11.272774483517,3.31250115740586,0.));
#4719=CARTESIAN_POINT('',(-11.272774483517,15.4625011574059,2.));
#4720=CARTESIAN_POINT('',(-11.272774483517,15.4625011574059,0.));
#4721=CARTESIAN_POINT('',(-11.272774483517,3.31250115740586,2.));
#4722=CARTESIAN_POINT('',(-11.272774483517,3.31250115740586,2.));
#4723=CARTESIAN_POINT('',(-11.272774483517,3.31250115740586,0.));
#4724=CARTESIAN_POINT('Origin',(11.727225516483,3.31250115740586,0.));
#4725=CARTESIAN_POINT('',(11.727225516483,3.31250115740586,0.));
#4726=CARTESIAN_POINT('',(11.727225516483,3.31250115740586,0.));
#4727=CARTESIAN_POINT('',(11.727225516483,3.31250115740586,2.));
#4728=CARTESIAN_POINT('',(11.727225516483,3.31250115740586,2.));
#4729=CARTESIAN_POINT('',(11.727225516483,3.31250115740586,0.));
#4730=CARTESIAN_POINT('Origin',(11.727225516483,15.4625011574059,0.));
#4731=CARTESIAN_POINT('',(11.727225516483,15.4625011574059,0.));
#4732=CARTESIAN_POINT('',(11.727225516483,15.4625011574059,0.));
#4733=CARTESIAN_POINT('',(11.727225516483,15.4625011574059,2.));
#4734=CARTESIAN_POINT('',(11.727225516483,15.4625011574059,2.));
#4735=CARTESIAN_POINT('',(11.727225516483,15.4625011574059,0.));
#4736=CARTESIAN_POINT('Origin',(-11.272774483517,15.4625011574059,0.));
#4737=CARTESIAN_POINT('',(-11.272774483517,15.4625011574059,0.));
#4738=CARTESIAN_POINT('',(-11.272774483517,15.4625011574059,2.));
#4739=CARTESIAN_POINT('Origin',(-34.2727744835171,2.89750115740586,0.));
#4740=CARTESIAN_POINT('',(-34.2727744835171,2.89750115740586,0.));
#4741=CARTESIAN_POINT('',(-34.2727744835171,15.8975011574059,0.));
#4742=CARTESIAN_POINT('',(-34.2727744835171,2.89750115740586,0.));
#4743=CARTESIAN_POINT('',(-34.2727744835171,15.8975011574059,2.));
#4744=CARTESIAN_POINT('',(-34.2727744835171,15.8975011574059,0.));
#4745=CARTESIAN_POINT('',(-34.2727744835171,2.89750115740586,2.));
#4746=CARTESIAN_POINT('',(-34.2727744835171,2.89750115740586,2.));
#4747=CARTESIAN_POINT('',(-34.2727744835171,2.89750115740586,0.));
#4748=CARTESIAN_POINT('Origin',(-21.472774483517,2.89750115740586,0.));
#4749=CARTESIAN_POINT('',(-21.472774483517,2.89750115740586,0.));
#4750=CARTESIAN_POINT('',(-21.472774483517,2.89750115740586,0.));
#4751=CARTESIAN_POINT('',(-21.472774483517,2.89750115740586,2.));
#4752=CARTESIAN_POINT('',(-21.472774483517,2.89750115740586,2.));
#4753=CARTESIAN_POINT('',(-21.472774483517,2.89750115740586,0.));
#4754=CARTESIAN_POINT('Origin',(-21.472774483517,15.8975011574059,0.));
#4755=CARTESIAN_POINT('',(-21.472774483517,15.8975011574059,0.));
#4756=CARTESIAN_POINT('',(-21.472774483517,15.8975011574059,0.));
#4757=CARTESIAN_POINT('',(-21.472774483517,15.8975011574059,2.));
#4758=CARTESIAN_POINT('',(-21.472774483517,15.8975011574059,2.));
#4759=CARTESIAN_POINT('',(-21.472774483517,15.8975011574059,0.));
#4760=CARTESIAN_POINT('Origin',(-34.2727744835171,15.8975011574059,0.));
#4761=CARTESIAN_POINT('',(-34.2727744835171,15.8975011574059,0.));
#4762=CARTESIAN_POINT('',(-34.2727744835171,15.8975011574059,2.));
#4763=CARTESIAN_POINT('Origin',(22.1622293223763,-17.6825011573941,0.));
#4764=CARTESIAN_POINT('',(22.1622293223763,-17.6825011573941,0.));
#4765=CARTESIAN_POINT('',(22.1622293223764,-3.68250094879414,0.));
#4766=CARTESIAN_POINT('',(22.1622293223763,-17.6825011573941,0.));
#4767=CARTESIAN_POINT('',(22.1622293223764,-3.68250094879414,2.));
#4768=CARTESIAN_POINT('',(22.1622293223764,-3.68250094879414,0.));
#4769=CARTESIAN_POINT('',(22.1622293223763,-17.6825011573941,2.));
#4770=CARTESIAN_POINT('',(22.1622293223763,-17.6825011573941,2.));
#4771=CARTESIAN_POINT('',(22.1622293223763,-17.6825011573941,0.));
#4772=CARTESIAN_POINT('Origin',(36.162229530983,-17.6825011573941,0.));
#4773=CARTESIAN_POINT('',(36.162229530983,-17.6825011573941,0.));
#4774=CARTESIAN_POINT('',(36.162229530983,-17.6825011573941,0.));
#4775=CARTESIAN_POINT('',(36.162229530983,-17.6825011573941,2.));
#4776=CARTESIAN_POINT('',(36.162229530983,-17.6825011573941,2.));
#4777=CARTESIAN_POINT('',(36.162229530983,-17.6825011573941,0.));
#4778=CARTESIAN_POINT('Origin',(36.162229530983,-3.68250094879414,0.));
#4779=CARTESIAN_POINT('',(36.162229530983,-3.68250094879414,0.));
#4780=CARTESIAN_POINT('',(36.162229530983,-3.68250094879414,0.));
#4781=CARTESIAN_POINT('',(36.162229530983,-3.68250094879414,2.));
#4782=CARTESIAN_POINT('',(36.162229530983,-3.68250094879414,2.));
#4783=CARTESIAN_POINT('',(36.162229530983,-3.68250094879414,0.));
#4784=CARTESIAN_POINT('Origin',(22.1622293223764,-3.68250094879414,0.));
#4785=CARTESIAN_POINT('',(22.1622293223764,-3.68250094879414,0.));
#4786=CARTESIAN_POINT('',(22.1622293223764,-3.68250094879414,2.));
#4787=CARTESIAN_POINT('Origin',(3.11222932237969,-17.6825011573941,0.));
#4788=CARTESIAN_POINT('',(3.11222932237969,-17.6825011573941,0.));
#4789=CARTESIAN_POINT('',(3.11222932237973,-3.68250094879413,0.));
#4790=CARTESIAN_POINT('',(3.11222932237969,-17.6825011573941,0.));
#4791=CARTESIAN_POINT('',(3.11222932237973,-3.68250094879413,2.));
#4792=CARTESIAN_POINT('',(3.11222932237973,-3.68250094879413,0.));
#4793=CARTESIAN_POINT('',(3.11222932237969,-17.6825011573941,2.));
#4794=CARTESIAN_POINT('',(3.11222932237969,-17.6825011573941,2.));
#4795=CARTESIAN_POINT('',(3.11222932237969,-17.6825011573941,0.));
#4796=CARTESIAN_POINT('Origin',(17.1122295309793,-17.6825011573941,0.));
#4797=CARTESIAN_POINT('',(17.1122295309793,-17.6825011573941,0.));
#4798=CARTESIAN_POINT('',(17.1122295309793,-17.6825011573941,0.));
#4799=CARTESIAN_POINT('',(17.1122295309793,-17.6825011573941,2.));
#4800=CARTESIAN_POINT('',(17.1122295309793,-17.6825011573941,2.));
#4801=CARTESIAN_POINT('',(17.1122295309793,-17.6825011573941,0.));
#4802=CARTESIAN_POINT('Origin',(17.1122295309793,-3.68250094879413,0.));
#4803=CARTESIAN_POINT('',(17.1122295309793,-3.68250094879413,0.));
#4804=CARTESIAN_POINT('',(17.1122295309793,-3.68250094879413,0.));
#4805=CARTESIAN_POINT('',(17.1122295309793,-3.68250094879413,2.));
#4806=CARTESIAN_POINT('',(17.1122295309793,-3.68250094879413,2.));
#4807=CARTESIAN_POINT('',(17.1122295309793,-3.68250094879413,0.));
#4808=CARTESIAN_POINT('Origin',(3.11222932237973,-3.68250094879413,0.));
#4809=CARTESIAN_POINT('',(3.11222932237973,-3.68250094879413,0.));
#4810=CARTESIAN_POINT('',(3.11222932237973,-3.68250094879413,2.));
#4811=CARTESIAN_POINT('Origin',(-15.9377706776256,-17.6825011573945,0.));
#4812=CARTESIAN_POINT('',(-15.9377706776256,-17.6825011573945,0.));
#4813=CARTESIAN_POINT('',(-15.9377706776271,-3.68250094879359,0.));
#4814=CARTESIAN_POINT('',(-15.9377706776256,-17.6825011573945,0.));
#4815=CARTESIAN_POINT('',(-15.9377706776271,-3.68250094879359,2.));
#4816=CARTESIAN_POINT('',(-15.9377706776271,-3.68250094879359,0.));
#4817=CARTESIAN_POINT('',(-15.9377706776256,-17.6825011573945,2.));
#4818=CARTESIAN_POINT('',(-15.9377706776256,-17.6825011573945,2.));
#4819=CARTESIAN_POINT('',(-15.9377706776256,-17.6825011573945,0.));
#4820=CARTESIAN_POINT('Origin',(-1.93777046902613,-17.6825011573936,0.));
#4821=CARTESIAN_POINT('',(-1.93777046902613,-17.6825011573936,0.));
#4822=CARTESIAN_POINT('',(-1.93777046902613,-17.6825011573936,0.));
#4823=CARTESIAN_POINT('',(-1.93777046902613,-17.6825011573936,2.));
#4824=CARTESIAN_POINT('',(-1.93777046902613,-17.6825011573936,2.));
#4825=CARTESIAN_POINT('',(-1.93777046902613,-17.6825011573936,0.));
#4826=CARTESIAN_POINT('Origin',(-1.93777046902942,-3.68250094879424,0.));
#4827=CARTESIAN_POINT('',(-1.93777046902942,-3.68250094879424,0.));
#4828=CARTESIAN_POINT('',(-1.93777046902942,-3.68250094879424,0.));
#4829=CARTESIAN_POINT('',(-1.93777046902942,-3.68250094879424,2.));
#4830=CARTESIAN_POINT('',(-1.93777046902942,-3.68250094879424,2.));
#4831=CARTESIAN_POINT('',(-1.93777046902942,-3.68250094879424,0.));
#4832=CARTESIAN_POINT('Origin',(-15.9377706776271,-3.68250094879359,0.));
#4833=CARTESIAN_POINT('',(-15.9377706776271,-3.68250094879359,0.));
#4834=CARTESIAN_POINT('',(-15.9377706776271,-3.68250094879359,2.));
#4835=CARTESIAN_POINT('Origin',(-34.987770677617,-3.68250094879414,0.));
#4836=CARTESIAN_POINT('',(-34.987770677617,-3.68250094879414,0.));
#4837=CARTESIAN_POINT('',(-20.987770469017,-3.68250094879414,0.));
#4838=CARTESIAN_POINT('',(-20.987770469017,-3.68250094879414,0.));
#4839=CARTESIAN_POINT('',(-20.987770469017,-3.68250094879414,2.));
#4840=CARTESIAN_POINT('',(-20.987770469017,-3.68250094879414,0.));
#4841=CARTESIAN_POINT('',(-34.987770677617,-3.68250094879414,2.));
#4842=CARTESIAN_POINT('',(-20.987770469017,-3.68250094879414,2.));
#4843=CARTESIAN_POINT('',(-34.987770677617,-3.68250094879414,0.));
#4844=CARTESIAN_POINT('Origin',(-34.987770677617,-17.6825011573941,0.));
#4845=CARTESIAN_POINT('',(-34.987770677617,-17.6825011573941,0.));
#4846=CARTESIAN_POINT('',(-34.987770677617,-3.68250094879414,0.));
#4847=CARTESIAN_POINT('',(-34.987770677617,-17.6825011573941,2.));
#4848=CARTESIAN_POINT('',(-34.987770677617,-3.68250094879414,2.));
#4849=CARTESIAN_POINT('',(-34.987770677617,-17.6825011573941,0.));
#4850=CARTESIAN_POINT('Origin',(-20.987770469017,-17.6825011573941,0.));
#4851=CARTESIAN_POINT('',(-20.987770469017,-17.6825011573941,0.));
#4852=CARTESIAN_POINT('',(-34.987770677617,-17.6825011573941,0.));
#4853=CARTESIAN_POINT('',(-20.987770469017,-17.6825011573941,2.));
#4854=CARTESIAN_POINT('',(-34.987770677617,-17.6825011573941,2.));
#4855=CARTESIAN_POINT('',(-20.987770469017,-17.6825011573941,0.));
#4856=CARTESIAN_POINT('Origin',(-20.987770469017,-3.68250094879414,0.));
#4857=CARTESIAN_POINT('',(-20.987770469017,-17.6825011573941,0.));
#4858=CARTESIAN_POINT('',(-20.987770469017,-17.6825011573941,2.));
#4859=CARTESIAN_POINT('Origin',(-37.672774483517,-0.099499999999999,0.));
#4860=CARTESIAN_POINT('',(-39.2727744835171,-0.099499999999999,2.));
#4861=CARTESIAN_POINT('Origin',(-37.672774483517,-0.099499999999999,2.));
#4862=CARTESIAN_POINT('',(-39.272774483517,-0.0994999999999992,0.));
#4863=CARTESIAN_POINT('',(-39.272774483517,-0.0994999999999992,0.));
#4864=CARTESIAN_POINT('Origin',(-37.672774483517,-0.099499999999999,0.));
#4865=CARTESIAN_POINT('Origin',(38.847229530983,-0.0994999999941681,0.));
#4866=CARTESIAN_POINT('',(37.247229530983,-0.0994999999941681,2.));
#4867=CARTESIAN_POINT('Origin',(38.847229530983,-0.0994999999941681,2.));
#4868=CARTESIAN_POINT('',(37.247229530983,-0.0994999999941683,0.));
#4869=CARTESIAN_POINT('',(37.247229530983,-0.0994999999941683,0.));
#4870=CARTESIAN_POINT('Origin',(38.847229530983,-0.0994999999941681,0.));
#4871=CARTESIAN_POINT('Origin',(-37.672774483517,20.3675,0.));
#4872=CARTESIAN_POINT('',(-39.272774483517,20.3675,2.));
#4873=CARTESIAN_POINT('Origin',(-37.672774483517,20.3675,2.));
#4874=CARTESIAN_POINT('',(-39.272774483517,20.3675,0.));
#4875=CARTESIAN_POINT('',(-39.272774483517,20.3675,0.));
#4876=CARTESIAN_POINT('Origin',(-37.672774483517,20.3675,0.));
#4877=CARTESIAN_POINT('Origin',(38.847229530983,20.3675,0.));
#4878=CARTESIAN_POINT('',(37.247229530983,20.3675,2.));
#4879=CARTESIAN_POINT('Origin',(38.847229530983,20.3675,2.));
#4880=CARTESIAN_POINT('',(37.247229530983,20.3675,0.));
#4881=CARTESIAN_POINT('',(37.247229530983,20.3675,0.));
#4882=CARTESIAN_POINT('Origin',(38.847229530983,20.3675,0.));
#4883=CARTESIAN_POINT('Origin',(-41.672774483517,21.3675011574059,0.));
#4884=CARTESIAN_POINT('',(-41.672774483517,-21.3675011573942,0.));
#4885=CARTESIAN_POINT('',(-41.672774483517,21.3675011574059,0.));
#4886=CARTESIAN_POINT('',(-41.672774483517,-21.3675011573942,0.));
#4887=CARTESIAN_POINT('',(-41.672774483517,-21.3675011573942,2.));
#4888=CARTESIAN_POINT('',(-41.672774483517,-21.3675011573942,0.));
#4889=CARTESIAN_POINT('',(-41.672774483517,21.3675011574059,2.));
#4890=CARTESIAN_POINT('',(-41.672774483517,-21.3675011573942,2.));
#4891=CARTESIAN_POINT('',(-41.672774483517,21.3675011574059,0.));
#4892=CARTESIAN_POINT('Origin',(-38.6727744835171,21.3675011574059,0.));
#4893=CARTESIAN_POINT('',(-38.6727744835171,24.3675011574059,0.));
#4894=CARTESIAN_POINT('Origin',(-38.6727744835171,21.3675011574059,0.));
#4895=CARTESIAN_POINT('',(-38.6727744835171,24.3675011574059,2.));
#4896=CARTESIAN_POINT('Origin',(-38.6727744835171,21.3675011574059,2.));
#4897=CARTESIAN_POINT('',(-38.6727744835171,24.3675011574059,0.));
#4898=CARTESIAN_POINT('Origin',(39.847229530983,24.3675011574059,0.));
#4899=CARTESIAN_POINT('',(39.847229530983,24.3675011574059,0.));
#4900=CARTESIAN_POINT('',(-38.6727744835171,24.3675011574059,0.));
#4901=CARTESIAN_POINT('',(39.847229530983,24.3675011574059,2.));
#4902=CARTESIAN_POINT('',(-38.6727744835171,24.3675011574059,2.));
#4903=CARTESIAN_POINT('',(39.847229530983,24.3675011574059,0.));
#4904=CARTESIAN_POINT('Origin',(39.847229530983,21.3675011574059,0.));
#4905=CARTESIAN_POINT('',(42.847229530983,21.3675011574059,0.));
#4906=CARTESIAN_POINT('Origin',(39.847229530983,21.3675011574059,0.));
#4907=CARTESIAN_POINT('',(42.847229530983,21.3675011574059,2.));
#4908=CARTESIAN_POINT('Origin',(39.847229530983,21.3675011574059,2.));
#4909=CARTESIAN_POINT('',(42.847229530983,21.3675011574059,0.));
#4910=CARTESIAN_POINT('Origin',(42.847229530983,-21.3675011573942,0.));
#4911=CARTESIAN_POINT('',(42.847229530983,-21.3675011573942,0.));
#4912=CARTESIAN_POINT('',(42.847229530983,21.3675011574059,0.));
#4913=CARTESIAN_POINT('',(42.847229530983,-21.3675011573942,2.));
#4914=CARTESIAN_POINT('',(42.847229530983,21.3675011574059,2.));
#4915=CARTESIAN_POINT('',(42.847229530983,-21.3675011573942,0.));
#4916=CARTESIAN_POINT('Origin',(39.847229530983,-21.3675011573942,0.));
#4917=CARTESIAN_POINT('',(39.847229530983,-24.3675011573941,0.));
#4918=CARTESIAN_POINT('Origin',(39.847229530983,-21.3675011573942,0.));
#4919=CARTESIAN_POINT('',(39.847229530983,-24.3675011573941,2.));
#4920=CARTESIAN_POINT('Origin',(39.847229530983,-21.3675011573942,2.));
#4921=CARTESIAN_POINT('',(39.847229530983,-24.3675011573941,0.));
#4922=CARTESIAN_POINT('Origin',(-38.6727744835171,-24.3675011573941,0.));
#4923=CARTESIAN_POINT('',(-38.6727744835171,-24.3675011573941,0.));
#4924=CARTESIAN_POINT('',(39.847229530983,-24.3675011573941,0.));
#4925=CARTESIAN_POINT('',(-38.6727744835171,-24.3675011573941,2.));
#4926=CARTESIAN_POINT('',(39.847229530983,-24.3675011573941,2.));
#4927=CARTESIAN_POINT('',(-38.6727744835171,-24.3675011573941,0.));
#4928=CARTESIAN_POINT('Origin',(-38.6727744835171,-21.3675011573942,0.));
#4929=CARTESIAN_POINT('Origin',(-38.6727744835171,-21.3675011573942,0.));
#4930=CARTESIAN_POINT('Origin',(-38.6727744835171,-21.3675011573942,2.));
#4931=CARTESIAN_POINT('Origin',(0.587227523732956,5.86197757002083E-12,
2.));
#4932=CARTESIAN_POINT('Origin',(0.587227523732956,5.86197757002083E-12,
0.));
#4933=CARTESIAN_POINT('Origin',(38.847229530983,20.3675,0.));
#4934=CARTESIAN_POINT('',(37.247229530983,20.3675,2.));
#4935=CARTESIAN_POINT('Origin',(38.847229530983,20.3675,2.));
#4936=CARTESIAN_POINT('',(37.247229530983,20.3675,0.));
#4937=CARTESIAN_POINT('',(37.247229530983,20.3675,0.));
#4938=CARTESIAN_POINT('Origin',(38.847229530983,20.3675,0.));
#4939=CARTESIAN_POINT('Origin',(38.847229530983,-20.3675011573942,0.));
#4940=CARTESIAN_POINT('',(37.247229530983,-20.3675011573942,2.));
#4941=CARTESIAN_POINT('Origin',(38.847229530983,-20.3675011573942,2.));
#4942=CARTESIAN_POINT('',(37.247229530983,-20.3675011573942,0.));
#4943=CARTESIAN_POINT('',(37.247229530983,-20.3675011573942,0.));
#4944=CARTESIAN_POINT('Origin',(38.847229530983,-20.3675011573942,0.));
#4945=CARTESIAN_POINT('Origin',(38.847229530983,-0.0994999999941681,0.));
#4946=CARTESIAN_POINT('',(37.247229530983,-0.0994999999941681,2.));
#4947=CARTESIAN_POINT('Origin',(38.847229530983,-0.0994999999941681,2.));
#4948=CARTESIAN_POINT('',(37.247229530983,-0.0994999999941683,0.));
#4949=CARTESIAN_POINT('',(37.247229530983,-0.0994999999941683,0.));
#4950=CARTESIAN_POINT('Origin',(38.847229530983,-0.0994999999941681,0.));
#4951=CARTESIAN_POINT('Origin',(-37.672774483517,-0.099499999999999,0.));
#4952=CARTESIAN_POINT('',(-39.272774483517,-0.099499999999999,2.));
#4953=CARTESIAN_POINT('Origin',(-37.672774483517,-0.099499999999999,2.));
#4954=CARTESIAN_POINT('',(-39.272774483517,-0.0994999999999992,0.));
#4955=CARTESIAN_POINT('',(-39.272774483517,-0.0994999999999992,0.));
#4956=CARTESIAN_POINT('Origin',(-37.672774483517,-0.099499999999999,0.));
#4957=CARTESIAN_POINT('Origin',(-34.987770677617,-3.68250094879414,0.));
#4958=CARTESIAN_POINT('',(-34.987770677617,-3.68250094879414,0.));
#4959=CARTESIAN_POINT('',(-20.987770469017,-3.68250094879414,0.));
#4960=CARTESIAN_POINT('',(-20.987770469017,-3.68250094879414,0.));
#4961=CARTESIAN_POINT('',(-20.987770469017,-3.68250094879414,2.));
#4962=CARTESIAN_POINT('',(-20.987770469017,-3.68250094879414,0.));
#4963=CARTESIAN_POINT('',(-34.987770677617,-3.68250094879414,2.));
#4964=CARTESIAN_POINT('',(-20.987770469017,-3.68250094879414,2.));
#4965=CARTESIAN_POINT('',(-34.987770677617,-3.68250094879414,0.));
#4966=CARTESIAN_POINT('Origin',(-34.987770677617,-17.6825011573941,0.));
#4967=CARTESIAN_POINT('',(-34.987770677617,-17.6825011573941,0.));
#4968=CARTESIAN_POINT('',(-34.987770677617,-3.68250094879414,0.));
#4969=CARTESIAN_POINT('',(-34.987770677617,-17.6825011573941,2.));
#4970=CARTESIAN_POINT('',(-34.987770677617,-3.68250094879414,2.));
#4971=CARTESIAN_POINT('',(-34.987770677617,-17.6825011573941,0.));
#4972=CARTESIAN_POINT('Origin',(-20.987770469017,-17.6825011573941,0.));
#4973=CARTESIAN_POINT('',(-20.987770469017,-17.6825011573941,0.));
#4974=CARTESIAN_POINT('',(-34.987770677617,-17.6825011573941,0.));
#4975=CARTESIAN_POINT('',(-20.987770469017,-17.6825011573941,2.));
#4976=CARTESIAN_POINT('',(-34.987770677617,-17.6825011573941,2.));
#4977=CARTESIAN_POINT('',(-20.987770469017,-17.6825011573941,0.));
#4978=CARTESIAN_POINT('Origin',(-20.987770469017,-3.68250094879414,0.));
#4979=CARTESIAN_POINT('',(-20.987770469017,-17.6825011573941,0.));
#4980=CARTESIAN_POINT('',(-20.987770469017,-17.6825011573941,2.));
#4981=CARTESIAN_POINT('Origin',(-15.9377706776256,-17.6825011573945,0.));
#4982=CARTESIAN_POINT('',(-15.9377706776256,-17.6825011573945,0.));
#4983=CARTESIAN_POINT('',(-15.9377706776271,-3.68250094879359,0.));
#4984=CARTESIAN_POINT('',(-15.9377706776256,-17.6825011573945,0.));
#4985=CARTESIAN_POINT('',(-15.9377706776271,-3.68250094879359,2.));
#4986=CARTESIAN_POINT('',(-15.9377706776271,-3.68250094879359,0.));
#4987=CARTESIAN_POINT('',(-15.9377706776256,-17.6825011573946,2.));
#4988=CARTESIAN_POINT('',(-15.9377706776256,-17.6825011573945,2.));
#4989=CARTESIAN_POINT('',(-15.9377706776256,-17.6825011573945,0.));
#4990=CARTESIAN_POINT('Origin',(-1.93777046902613,-17.6825011573936,0.));
#4991=CARTESIAN_POINT('',(-1.93777046902613,-17.6825011573936,0.));
#4992=CARTESIAN_POINT('',(-1.93777046902613,-17.6825011573936,0.));
#4993=CARTESIAN_POINT('',(-1.93777046902613,-17.6825011573936,2.));
#4994=CARTESIAN_POINT('',(-1.93777046902613,-17.6825011573936,2.));
#4995=CARTESIAN_POINT('',(-1.93777046902613,-17.6825011573936,0.));
#4996=CARTESIAN_POINT('Origin',(-1.93777046902942,-3.68250094879424,0.));
#4997=CARTESIAN_POINT('',(-1.93777046902942,-3.68250094879424,0.));
#4998=CARTESIAN_POINT('',(-1.93777046902942,-3.68250094879424,0.));
#4999=CARTESIAN_POINT('',(-1.93777046902942,-3.68250094879424,2.));
#5000=CARTESIAN_POINT('',(-1.93777046902942,-3.68250094879424,2.));
#5001=CARTESIAN_POINT('',(-1.93777046902942,-3.68250094879424,0.));
#5002=CARTESIAN_POINT('Origin',(-15.9377706776271,-3.68250094879359,0.));
#5003=CARTESIAN_POINT('',(-15.9377706776271,-3.68250094879359,0.));
#5004=CARTESIAN_POINT('',(-15.9377706776271,-3.68250094879359,2.));
#5005=CARTESIAN_POINT('Origin',(3.11222932237969,-17.6825011573941,0.));
#5006=CARTESIAN_POINT('',(3.11222932237969,-17.6825011573941,0.));
#5007=CARTESIAN_POINT('',(3.11222932237973,-3.68250094879413,0.));
#5008=CARTESIAN_POINT('',(3.11222932237969,-17.6825011573941,0.));
#5009=CARTESIAN_POINT('',(3.11222932237973,-3.68250094879413,2.));
#5010=CARTESIAN_POINT('',(3.11222932237973,-3.68250094879413,0.));
#5011=CARTESIAN_POINT('',(3.11222932237969,-17.6825011573941,2.));
#5012=CARTESIAN_POINT('',(3.11222932237969,-17.6825011573941,2.));
#5013=CARTESIAN_POINT('',(3.11222932237969,-17.6825011573941,0.));
#5014=CARTESIAN_POINT('Origin',(17.1122295309793,-17.6825011573941,0.));
#5015=CARTESIAN_POINT('',(17.1122295309793,-17.6825011573941,0.));
#5016=CARTESIAN_POINT('',(17.1122295309793,-17.6825011573941,0.));
#5017=CARTESIAN_POINT('',(17.1122295309793,-17.6825011573941,2.));
#5018=CARTESIAN_POINT('',(17.1122295309793,-17.6825011573941,2.));
#5019=CARTESIAN_POINT('',(17.1122295309793,-17.6825011573941,0.));
#5020=CARTESIAN_POINT('Origin',(17.1122295309793,-3.68250094879413,0.));
#5021=CARTESIAN_POINT('',(17.1122295309793,-3.68250094879413,0.));
#5022=CARTESIAN_POINT('',(17.1122295309793,-3.68250094879413,0.));
#5023=CARTESIAN_POINT('',(17.1122295309793,-3.68250094879413,2.));
#5024=CARTESIAN_POINT('',(17.1122295309793,-3.68250094879413,2.));
#5025=CARTESIAN_POINT('',(17.1122295309793,-3.68250094879413,0.));
#5026=CARTESIAN_POINT('Origin',(3.11222932237973,-3.68250094879413,0.));
#5027=CARTESIAN_POINT('',(3.11222932237973,-3.68250094879413,0.));
#5028=CARTESIAN_POINT('',(3.11222932237973,-3.68250094879413,2.));
#5029=CARTESIAN_POINT('Origin',(22.1622293223763,-17.6825011573941,0.));
#5030=CARTESIAN_POINT('',(22.1622293223763,-17.6825011573941,0.));
#5031=CARTESIAN_POINT('',(22.1622293223764,-3.68250094879414,0.));
#5032=CARTESIAN_POINT('',(22.1622293223763,-17.6825011573941,0.));
#5033=CARTESIAN_POINT('',(22.1622293223763,-3.68250094879414,2.));
#5034=CARTESIAN_POINT('',(22.1622293223764,-3.68250094879414,0.));
#5035=CARTESIAN_POINT('',(22.1622293223763,-17.6825011573941,2.));
#5036=CARTESIAN_POINT('',(22.1622293223763,-17.6825011573941,2.));
#5037=CARTESIAN_POINT('',(22.1622293223763,-17.6825011573941,0.));
#5038=CARTESIAN_POINT('Origin',(36.162229530983,-17.6825011573941,0.));
#5039=CARTESIAN_POINT('',(36.162229530983,-17.6825011573941,0.));
#5040=CARTESIAN_POINT('',(36.162229530983,-17.6825011573941,0.));
#5041=CARTESIAN_POINT('',(36.162229530983,-17.6825011573941,2.));
#5042=CARTESIAN_POINT('',(36.162229530983,-17.6825011573941,2.));
#5043=CARTESIAN_POINT('',(36.162229530983,-17.6825011573941,0.));
#5044=CARTESIAN_POINT('Origin',(36.162229530983,-3.68250094879414,0.));
#5045=CARTESIAN_POINT('',(36.162229530983,-3.68250094879414,0.));
#5046=CARTESIAN_POINT('',(36.162229530983,-3.68250094879414,0.));
#5047=CARTESIAN_POINT('',(36.162229530983,-3.68250094879414,2.));
#5048=CARTESIAN_POINT('',(36.162229530983,-3.68250094879414,2.));
#5049=CARTESIAN_POINT('',(36.162229530983,-3.68250094879414,0.));
#5050=CARTESIAN_POINT('Origin',(22.1622293223764,-3.68250094879414,0.));
#5051=CARTESIAN_POINT('',(22.1622293223764,-3.68250094879414,0.));
#5052=CARTESIAN_POINT('',(22.1622293223764,-3.68250094879414,2.));
#5053=CARTESIAN_POINT('Origin',(-34.2727744835171,2.89750115740586,0.));
#5054=CARTESIAN_POINT('',(-34.2727744835171,2.89750115740586,0.));
#5055=CARTESIAN_POINT('',(-34.2727744835171,15.8975011574059,0.));
#5056=CARTESIAN_POINT('',(-34.2727744835171,2.89750115740586,0.));
#5057=CARTESIAN_POINT('',(-34.2727744835171,15.8975011574059,2.));
#5058=CARTESIAN_POINT('',(-34.2727744835171,15.8975011574059,0.));
#5059=CARTESIAN_POINT('',(-34.2727744835171,2.89750115740586,2.));
#5060=CARTESIAN_POINT('',(-34.2727744835171,2.89750115740586,2.));
#5061=CARTESIAN_POINT('',(-34.2727744835171,2.89750115740586,0.));
#5062=CARTESIAN_POINT('Origin',(-21.472774483517,2.89750115740586,0.));
#5063=CARTESIAN_POINT('',(-21.472774483517,2.89750115740586,0.));
#5064=CARTESIAN_POINT('',(-21.472774483517,2.89750115740586,0.));
#5065=CARTESIAN_POINT('',(-21.472774483517,2.89750115740586,2.));
#5066=CARTESIAN_POINT('',(-21.472774483517,2.89750115740586,2.));
#5067=CARTESIAN_POINT('',(-21.472774483517,2.89750115740586,0.));
#5068=CARTESIAN_POINT('Origin',(-21.472774483517,15.8975011574059,0.));
#5069=CARTESIAN_POINT('',(-21.472774483517,15.8975011574059,0.));
#5070=CARTESIAN_POINT('',(-21.472774483517,15.8975011574059,0.));
#5071=CARTESIAN_POINT('',(-21.472774483517,15.8975011574059,2.));
#5072=CARTESIAN_POINT('',(-21.472774483517,15.8975011574059,2.));
#5073=CARTESIAN_POINT('',(-21.472774483517,15.8975011574059,0.));
#5074=CARTESIAN_POINT('Origin',(-34.2727744835171,15.8975011574059,0.));
#5075=CARTESIAN_POINT('',(-34.2727744835171,15.8975011574059,0.));
#5076=CARTESIAN_POINT('',(-34.2727744835171,15.8975011574059,2.));
#5077=CARTESIAN_POINT('Origin',(-11.272774483517,3.31250115740586,0.));
#5078=CARTESIAN_POINT('',(-11.272774483517,3.31250115740586,0.));
#5079=CARTESIAN_POINT('',(-11.272774483517,15.4625011574059,0.));
#5080=CARTESIAN_POINT('',(-11.272774483517,3.31250115740586,0.));
#5081=CARTESIAN_POINT('',(-11.272774483517,15.4625011574059,2.));
#5082=CARTESIAN_POINT('',(-11.272774483517,15.4625011574059,0.));
#5083=CARTESIAN_POINT('',(-11.272774483517,3.31250115740586,2.));
#5084=CARTESIAN_POINT('',(-11.272774483517,3.31250115740586,2.));
#5085=CARTESIAN_POINT('',(-11.272774483517,3.31250115740586,0.));
#5086=CARTESIAN_POINT('Origin',(11.727225516483,3.31250115740586,0.));
#5087=CARTESIAN_POINT('',(11.727225516483,3.31250115740586,0.));
#5088=CARTESIAN_POINT('',(11.727225516483,3.31250115740586,0.));
#5089=CARTESIAN_POINT('',(11.727225516483,3.31250115740586,2.));
#5090=CARTESIAN_POINT('',(11.727225516483,3.31250115740586,2.));
#5091=CARTESIAN_POINT('',(11.727225516483,3.31250115740586,0.));
#5092=CARTESIAN_POINT('Origin',(11.727225516483,15.4625011574059,0.));
#5093=CARTESIAN_POINT('',(11.727225516483,15.4625011574059,0.));
#5094=CARTESIAN_POINT('',(11.727225516483,15.4625011574059,0.));
#5095=CARTESIAN_POINT('',(11.727225516483,15.4625011574059,2.));
#5096=CARTESIAN_POINT('',(11.727225516483,15.4625011574059,2.));
#5097=CARTESIAN_POINT('',(11.727225516483,15.4625011574059,0.));
#5098=CARTESIAN_POINT('Origin',(-11.272774483517,15.4625011574059,0.));
#5099=CARTESIAN_POINT('',(-11.272774483517,15.4625011574059,0.));
#5100=CARTESIAN_POINT('',(-11.272774483517,15.4625011574059,2.));
#5101=CARTESIAN_POINT('Origin',(-37.672774483517,-20.3675,0.));
#5102=CARTESIAN_POINT('',(-39.272774483517,-20.3675,2.));
#5103=CARTESIAN_POINT('Origin',(-37.672774483517,-20.3675,2.));
#5104=CARTESIAN_POINT('',(-39.272774483517,-20.3675,0.));
#5105=CARTESIAN_POINT('',(-39.272774483517,-20.3675,0.));
#5106=CARTESIAN_POINT('Origin',(-37.672774483517,-20.3675,0.));
#5107=CARTESIAN_POINT('Origin',(-37.672774483517,20.3675,0.));
#5108=CARTESIAN_POINT('',(-39.272774483517,20.3675,2.));
#5109=CARTESIAN_POINT('Origin',(-37.672774483517,20.3675,2.));
#5110=CARTESIAN_POINT('',(-39.272774483517,20.3675,0.));
#5111=CARTESIAN_POINT('',(-39.272774483517,20.3675,0.));
#5112=CARTESIAN_POINT('Origin',(-37.672774483517,20.3675,0.));
#5113=CARTESIAN_POINT('Origin',(-41.672774483517,21.3675011574059,0.));
#5114=CARTESIAN_POINT('',(-41.672774483517,-21.3675011573942,0.));
#5115=CARTESIAN_POINT('',(-41.672774483517,21.3675011574059,0.));
#5116=CARTESIAN_POINT('',(-41.672774483517,-21.3675011573942,0.));
#5117=CARTESIAN_POINT('',(-41.672774483517,-21.3675011573942,2.));
#5118=CARTESIAN_POINT('',(-41.672774483517,-21.3675011573942,0.));
#5119=CARTESIAN_POINT('',(-41.672774483517,21.3675011574059,2.));
#5120=CARTESIAN_POINT('',(-41.672774483517,-21.3675011573942,2.));
#5121=CARTESIAN_POINT('',(-41.672774483517,21.3675011574059,0.));
#5122=CARTESIAN_POINT('Origin',(-38.6727744835171,21.3675011574059,0.));
#5123=CARTESIAN_POINT('',(-38.6727744835171,24.3675011574059,0.));
#5124=CARTESIAN_POINT('Origin',(-38.6727744835171,21.3675011574059,0.));
#5125=CARTESIAN_POINT('',(-38.6727744835171,24.3675011574059,2.));
#5126=CARTESIAN_POINT('Origin',(-38.6727744835171,21.3675011574059,2.));
#5127=CARTESIAN_POINT('',(-38.6727744835171,24.3675011574059,0.));
#5128=CARTESIAN_POINT('Origin',(39.847229530983,24.3675011574059,0.));
#5129=CARTESIAN_POINT('',(39.847229530983,24.3675011574059,0.));
#5130=CARTESIAN_POINT('',(-38.6727744835171,24.3675011574059,0.));
#5131=CARTESIAN_POINT('',(39.847229530983,24.3675011574059,2.));
#5132=CARTESIAN_POINT('',(-38.6727744835171,24.3675011574059,2.));
#5133=CARTESIAN_POINT('',(39.847229530983,24.3675011574059,0.));
#5134=CARTESIAN_POINT('Origin',(39.847229530983,21.3675011574059,0.));
#5135=CARTESIAN_POINT('',(42.847229530983,21.3675011574059,0.));
#5136=CARTESIAN_POINT('Origin',(39.847229530983,21.3675011574059,0.));
#5137=CARTESIAN_POINT('',(42.847229530983,21.3675011574059,2.));
#5138=CARTESIAN_POINT('Origin',(39.847229530983,21.3675011574059,2.));
#5139=CARTESIAN_POINT('',(42.847229530983,21.3675011574059,0.));
#5140=CARTESIAN_POINT('Origin',(42.847229530983,-21.3675011573942,0.));
#5141=CARTESIAN_POINT('',(42.847229530983,-21.3675011573942,0.));
#5142=CARTESIAN_POINT('',(42.847229530983,21.3675011574059,0.));
#5143=CARTESIAN_POINT('',(42.8472295309829,-21.3675011573942,2.));
#5144=CARTESIAN_POINT('',(42.847229530983,21.3675011574059,2.));
#5145=CARTESIAN_POINT('',(42.847229530983,-21.3675011573942,0.));
#5146=CARTESIAN_POINT('Origin',(39.847229530983,-21.3675011573942,0.));
#5147=CARTESIAN_POINT('',(39.847229530983,-24.3675011573941,0.));
#5148=CARTESIAN_POINT('Origin',(39.847229530983,-21.3675011573942,0.));
#5149=CARTESIAN_POINT('',(39.847229530983,-24.3675011573941,2.));
#5150=CARTESIAN_POINT('Origin',(39.847229530983,-21.3675011573942,2.));
#5151=CARTESIAN_POINT('',(39.847229530983,-24.3675011573941,0.));
#5152=CARTESIAN_POINT('Origin',(-38.6727744835171,-24.3675011573941,0.));
#5153=CARTESIAN_POINT('',(-38.6727744835171,-24.3675011573941,0.));
#5154=CARTESIAN_POINT('',(39.847229530983,-24.3675011573941,0.));
#5155=CARTESIAN_POINT('',(-38.6727744835171,-24.3675011573941,2.));
#5156=CARTESIAN_POINT('',(39.847229530983,-24.3675011573941,2.));
#5157=CARTESIAN_POINT('',(-38.6727744835171,-24.3675011573941,0.));
#5158=CARTESIAN_POINT('Origin',(-38.6727744835171,-21.3675011573942,0.));
#5159=CARTESIAN_POINT('Origin',(-38.6727744835171,-21.3675011573942,0.));
#5160=CARTESIAN_POINT('Origin',(-38.6727744835171,-21.3675011573942,2.));
#5161=CARTESIAN_POINT('Origin',(0.587227523732956,5.86197757002083E-12,
2.));
#5162=CARTESIAN_POINT('Origin',(0.587227523732956,5.86197757002083E-12,
0.));
#5163=CARTESIAN_POINT('Origin',(22.1622293223763,-17.6825011573941,0.));
#5164=CARTESIAN_POINT('',(22.1622293223763,-17.6825011573941,0.));
#5165=CARTESIAN_POINT('',(22.1622293223764,-3.68250094879414,0.));
#5166=CARTESIAN_POINT('',(22.1622293223763,-17.6825011573941,0.));
#5167=CARTESIAN_POINT('',(22.1622293223764,-3.68250094879414,2.));
#5168=CARTESIAN_POINT('',(22.1622293223764,-3.68250094879414,0.));
#5169=CARTESIAN_POINT('',(22.1622293223763,-17.6825011573941,2.));
#5170=CARTESIAN_POINT('',(22.1622293223763,-17.6825011573941,2.));
#5171=CARTESIAN_POINT('',(22.1622293223763,-17.6825011573941,0.));
#5172=CARTESIAN_POINT('Origin',(36.162229530983,-17.6825011573941,0.));
#5173=CARTESIAN_POINT('',(36.162229530983,-17.6825011573941,0.));
#5174=CARTESIAN_POINT('',(36.162229530983,-17.6825011573941,0.));
#5175=CARTESIAN_POINT('',(36.162229530983,-17.6825011573941,2.));
#5176=CARTESIAN_POINT('',(36.162229530983,-17.6825011573941,2.));
#5177=CARTESIAN_POINT('',(36.162229530983,-17.6825011573941,0.));
#5178=CARTESIAN_POINT('Origin',(36.162229530983,-3.68250094879414,0.));
#5179=CARTESIAN_POINT('',(36.162229530983,-3.68250094879414,0.));
#5180=CARTESIAN_POINT('',(36.162229530983,-3.68250094879414,0.));
#5181=CARTESIAN_POINT('',(36.162229530983,-3.68250094879414,2.));
#5182=CARTESIAN_POINT('',(36.162229530983,-3.68250094879414,2.));
#5183=CARTESIAN_POINT('',(36.162229530983,-3.68250094879414,0.));
#5184=CARTESIAN_POINT('Origin',(22.1622293223764,-3.68250094879414,0.));
#5185=CARTESIAN_POINT('',(22.1622293223764,-3.68250094879414,0.));
#5186=CARTESIAN_POINT('',(22.1622293223764,-3.68250094879414,2.));
#5187=CARTESIAN_POINT('Origin',(38.847229530983,20.3675,0.));
#5188=CARTESIAN_POINT('',(37.247229530983,20.3675,2.));
#5189=CARTESIAN_POINT('Origin',(38.847229530983,20.3675,2.));
#5190=CARTESIAN_POINT('',(37.247229530983,20.3675,0.));
#5191=CARTESIAN_POINT('',(37.247229530983,20.3675,0.));
#5192=CARTESIAN_POINT('Origin',(38.847229530983,20.3675,0.));
#5193=CARTESIAN_POINT('Origin',(-37.672774483517,-20.3675,0.));
#5194=CARTESIAN_POINT('',(-39.272774483517,-20.3675,2.));
#5195=CARTESIAN_POINT('Origin',(-37.672774483517,-20.3675,2.));
#5196=CARTESIAN_POINT('',(-39.272774483517,-20.3675,0.));
#5197=CARTESIAN_POINT('',(-39.272774483517,-20.3675,0.));
#5198=CARTESIAN_POINT('Origin',(-37.672774483517,-20.3675,0.));
#5199=CARTESIAN_POINT('Origin',(-34.987770677617,-3.68250094879414,0.));
#5200=CARTESIAN_POINT('',(-34.987770677617,-3.68250094879414,0.));
#5201=CARTESIAN_POINT('',(-20.987770469017,-3.68250094879414,0.));
#5202=CARTESIAN_POINT('',(-20.987770469017,-3.68250094879414,0.));
#5203=CARTESIAN_POINT('',(-20.987770469017,-3.68250094879414,2.));
#5204=CARTESIAN_POINT('',(-20.987770469017,-3.68250094879414,0.));
#5205=CARTESIAN_POINT('',(-34.987770677617,-3.68250094879414,2.));
#5206=CARTESIAN_POINT('',(-20.987770469017,-3.68250094879414,2.));
#5207=CARTESIAN_POINT('',(-34.987770677617,-3.68250094879414,0.));
#5208=CARTESIAN_POINT('Origin',(-34.987770677617,-17.6825011573941,0.));
#5209=CARTESIAN_POINT('',(-34.987770677617,-17.6825011573941,0.));
#5210=CARTESIAN_POINT('',(-34.987770677617,-3.68250094879414,0.));
#5211=CARTESIAN_POINT('',(-34.987770677617,-17.6825011573941,2.));
#5212=CARTESIAN_POINT('',(-34.987770677617,-3.68250094879414,2.));
#5213=CARTESIAN_POINT('',(-34.987770677617,-17.6825011573941,0.));
#5214=CARTESIAN_POINT('Origin',(-20.987770469017,-17.6825011573941,0.));
#5215=CARTESIAN_POINT('',(-20.987770469017,-17.6825011573941,0.));
#5216=CARTESIAN_POINT('',(-34.987770677617,-17.6825011573941,0.));
#5217=CARTESIAN_POINT('',(-20.987770469017,-17.6825011573941,2.));
#5218=CARTESIAN_POINT('',(-34.987770677617,-17.6825011573941,2.));
#5219=CARTESIAN_POINT('',(-20.987770469017,-17.6825011573941,0.));
#5220=CARTESIAN_POINT('Origin',(-20.987770469017,-3.68250094879414,0.));
#5221=CARTESIAN_POINT('',(-20.987770469017,-17.6825011573941,0.));
#5222=CARTESIAN_POINT('',(-20.987770469017,-17.6825011573941,2.));
#5223=CARTESIAN_POINT('Origin',(-15.9377706776256,-17.6825011573945,0.));
#5224=CARTESIAN_POINT('',(-15.9377706776256,-17.6825011573945,0.));
#5225=CARTESIAN_POINT('',(-15.9377706776271,-3.68250094879359,0.));
#5226=CARTESIAN_POINT('',(-15.9377706776256,-17.6825011573945,0.));
#5227=CARTESIAN_POINT('',(-15.9377706776271,-3.68250094879359,2.));
#5228=CARTESIAN_POINT('',(-15.9377706776271,-3.68250094879359,0.));
#5229=CARTESIAN_POINT('',(-15.9377706776256,-17.6825011573945,2.));
#5230=CARTESIAN_POINT('',(-15.9377706776256,-17.6825011573945,2.));
#5231=CARTESIAN_POINT('',(-15.9377706776256,-17.6825011573945,0.));
#5232=CARTESIAN_POINT('Origin',(-1.93777046902613,-17.6825011573936,0.));
#5233=CARTESIAN_POINT('',(-1.93777046902613,-17.6825011573936,0.));
#5234=CARTESIAN_POINT('',(-1.93777046902613,-17.6825011573936,0.));
#5235=CARTESIAN_POINT('',(-1.93777046902613,-17.6825011573936,2.));
#5236=CARTESIAN_POINT('',(-1.93777046902613,-17.6825011573936,2.));
#5237=CARTESIAN_POINT('',(-1.93777046902613,-17.6825011573936,0.));
#5238=CARTESIAN_POINT('Origin',(-1.93777046902942,-3.68250094879424,0.));
#5239=CARTESIAN_POINT('',(-1.93777046902942,-3.68250094879424,0.));
#5240=CARTESIAN_POINT('',(-1.93777046902942,-3.68250094879424,0.));
#5241=CARTESIAN_POINT('',(-1.93777046902942,-3.68250094879424,2.));
#5242=CARTESIAN_POINT('',(-1.93777046902942,-3.68250094879424,2.));
#5243=CARTESIAN_POINT('',(-1.93777046902942,-3.68250094879424,0.));
#5244=CARTESIAN_POINT('Origin',(-15.9377706776271,-3.68250094879359,0.));
#5245=CARTESIAN_POINT('',(-15.9377706776271,-3.68250094879359,0.));
#5246=CARTESIAN_POINT('',(-15.9377706776271,-3.68250094879359,2.));
#5247=CARTESIAN_POINT('Origin',(-37.672774483517,20.3675,0.));
#5248=CARTESIAN_POINT('',(-39.272774483517,20.3675,2.));
#5249=CARTESIAN_POINT('Origin',(-37.672774483517,20.3675,2.));
#5250=CARTESIAN_POINT('',(-39.272774483517,20.3675,0.));
#5251=CARTESIAN_POINT('',(-39.272774483517,20.3675,0.));
#5252=CARTESIAN_POINT('Origin',(-37.672774483517,20.3675,0.));
#5253=CARTESIAN_POINT('Origin',(3.11222932237969,-17.6825011573941,0.));
#5254=CARTESIAN_POINT('',(3.11222932237969,-17.6825011573941,0.));
#5255=CARTESIAN_POINT('',(3.11222932237973,-3.68250094879413,0.));
#5256=CARTESIAN_POINT('',(3.11222932237969,-17.6825011573941,0.));
#5257=CARTESIAN_POINT('',(3.11222932237973,-3.68250094879413,2.));
#5258=CARTESIAN_POINT('',(3.11222932237973,-3.68250094879413,0.));
#5259=CARTESIAN_POINT('',(3.11222932237969,-17.6825011573941,2.));
#5260=CARTESIAN_POINT('',(3.11222932237969,-17.6825011573941,2.));
#5261=CARTESIAN_POINT('',(3.11222932237969,-17.6825011573941,0.));
#5262=CARTESIAN_POINT('Origin',(17.1122295309793,-17.6825011573941,0.));
#5263=CARTESIAN_POINT('',(17.1122295309793,-17.6825011573941,0.));
#5264=CARTESIAN_POINT('',(17.1122295309793,-17.6825011573941,0.));
#5265=CARTESIAN_POINT('',(17.1122295309793,-17.6825011573941,2.));
#5266=CARTESIAN_POINT('',(17.1122295309793,-17.6825011573941,2.));
#5267=CARTESIAN_POINT('',(17.1122295309793,-17.6825011573941,0.));
#5268=CARTESIAN_POINT('Origin',(17.1122295309793,-3.68250094879413,0.));
#5269=CARTESIAN_POINT('',(17.1122295309793,-3.68250094879413,0.));
#5270=CARTESIAN_POINT('',(17.1122295309793,-3.68250094879413,0.));
#5271=CARTESIAN_POINT('',(17.1122295309793,-3.68250094879413,2.));
#5272=CARTESIAN_POINT('',(17.1122295309793,-3.68250094879413,2.));
#5273=CARTESIAN_POINT('',(17.1122295309793,-3.68250094879413,0.));
#5274=CARTESIAN_POINT('Origin',(3.11222932237973,-3.68250094879413,0.));
#5275=CARTESIAN_POINT('',(3.11222932237973,-3.68250094879413,0.));
#5276=CARTESIAN_POINT('',(3.11222932237973,-3.68250094879413,2.));
#5277=CARTESIAN_POINT('Origin',(-34.2727744835171,2.89750115740586,0.));
#5278=CARTESIAN_POINT('',(-34.2727744835171,2.89750115740586,0.));
#5279=CARTESIAN_POINT('',(-34.2727744835171,15.8975011574059,0.));
#5280=CARTESIAN_POINT('',(-34.2727744835171,2.89750115740586,0.));
#5281=CARTESIAN_POINT('',(-34.2727744835171,15.8975011574059,2.));
#5282=CARTESIAN_POINT('',(-34.2727744835171,15.8975011574059,0.));
#5283=CARTESIAN_POINT('',(-34.2727744835171,2.89750115740586,2.));
#5284=CARTESIAN_POINT('',(-34.2727744835171,2.89750115740586,2.));
#5285=CARTESIAN_POINT('',(-34.2727744835171,2.89750115740586,0.));
#5286=CARTESIAN_POINT('Origin',(-21.472774483517,2.89750115740586,0.));
#5287=CARTESIAN_POINT('',(-21.472774483517,2.89750115740586,0.));
#5288=CARTESIAN_POINT('',(-21.472774483517,2.89750115740586,0.));
#5289=CARTESIAN_POINT('',(-21.472774483517,2.89750115740586,2.));
#5290=CARTESIAN_POINT('',(-21.472774483517,2.89750115740586,2.));
#5291=CARTESIAN_POINT('',(-21.472774483517,2.89750115740586,0.));
#5292=CARTESIAN_POINT('Origin',(-21.472774483517,15.8975011574059,0.));
#5293=CARTESIAN_POINT('',(-21.472774483517,15.8975011574059,0.));
#5294=CARTESIAN_POINT('',(-21.472774483517,15.8975011574059,0.));
#5295=CARTESIAN_POINT('',(-21.472774483517,15.8975011574059,2.));
#5296=CARTESIAN_POINT('',(-21.472774483517,15.8975011574059,2.));
#5297=CARTESIAN_POINT('',(-21.472774483517,15.8975011574059,0.));
#5298=CARTESIAN_POINT('Origin',(-34.2727744835171,15.8975011574059,0.));
#5299=CARTESIAN_POINT('',(-34.2727744835171,15.8975011574059,0.));
#5300=CARTESIAN_POINT('',(-34.2727744835171,15.8975011574059,2.));
#5301=CARTESIAN_POINT('Origin',(38.847229530983,-20.3675011573942,0.));
#5302=CARTESIAN_POINT('',(37.247229530983,-20.3675011573942,2.));
#5303=CARTESIAN_POINT('Origin',(38.847229530983,-20.3675011573942,2.));
#5304=CARTESIAN_POINT('',(37.247229530983,-20.3675011573942,0.));
#5305=CARTESIAN_POINT('',(37.247229530983,-20.3675011573942,0.));
#5306=CARTESIAN_POINT('Origin',(38.847229530983,-20.3675011573942,0.));
#5307=CARTESIAN_POINT('Origin',(-11.272774483517,3.31250115740586,0.));
#5308=CARTESIAN_POINT('',(-11.272774483517,3.31250115740586,0.));
#5309=CARTESIAN_POINT('',(-11.272774483517,15.4625011574059,0.));
#5310=CARTESIAN_POINT('',(-11.272774483517,3.31250115740586,0.));
#5311=CARTESIAN_POINT('',(-11.272774483517,15.4625011574059,2.));
#5312=CARTESIAN_POINT('',(-11.272774483517,15.4625011574059,0.));
#5313=CARTESIAN_POINT('',(-11.272774483517,3.31250115740586,2.));
#5314=CARTESIAN_POINT('',(-11.272774483517,3.31250115740586,2.));
#5315=CARTESIAN_POINT('',(-11.272774483517,3.31250115740586,0.));
#5316=CARTESIAN_POINT('Origin',(11.727225516483,3.31250115740586,0.));
#5317=CARTESIAN_POINT('',(11.727225516483,3.31250115740586,0.));
#5318=CARTESIAN_POINT('',(11.727225516483,3.31250115740586,0.));
#5319=CARTESIAN_POINT('',(11.727225516483,3.31250115740586,2.));
#5320=CARTESIAN_POINT('',(11.727225516483,3.31250115740586,2.));
#5321=CARTESIAN_POINT('',(11.727225516483,3.31250115740586,0.));
#5322=CARTESIAN_POINT('Origin',(11.727225516483,15.4625011574059,0.));
#5323=CARTESIAN_POINT('',(11.727225516483,15.4625011574059,0.));
#5324=CARTESIAN_POINT('',(11.727225516483,15.4625011574059,0.));
#5325=CARTESIAN_POINT('',(11.727225516483,15.4625011574059,2.));
#5326=CARTESIAN_POINT('',(11.727225516483,15.4625011574059,2.));
#5327=CARTESIAN_POINT('',(11.727225516483,15.4625011574059,0.));
#5328=CARTESIAN_POINT('Origin',(-11.272774483517,15.4625011574059,0.));
#5329=CARTESIAN_POINT('',(-11.272774483517,15.4625011574059,0.));
#5330=CARTESIAN_POINT('',(-11.272774483517,15.4625011574059,2.));
#5331=CARTESIAN_POINT('Origin',(38.847229530983,-0.0994999999941681,0.));
#5332=CARTESIAN_POINT('',(37.247229530983,-0.0994999999941683,2.));
#5333=CARTESIAN_POINT('Origin',(38.847229530983,-0.0994999999941681,2.));
#5334=CARTESIAN_POINT('',(37.247229530983,-0.0994999999941683,0.));
#5335=CARTESIAN_POINT('',(37.247229530983,-0.0994999999941683,0.));
#5336=CARTESIAN_POINT('Origin',(38.847229530983,-0.0994999999941681,0.));
#5337=CARTESIAN_POINT('Origin',(-37.672774483517,-0.099499999999999,0.));
#5338=CARTESIAN_POINT('',(-39.272774483517,-0.0994999999999992,2.));
#5339=CARTESIAN_POINT('Origin',(-37.672774483517,-0.099499999999999,2.));
#5340=CARTESIAN_POINT('',(-39.272774483517,-0.0994999999999992,0.));
#5341=CARTESIAN_POINT('',(-39.272774483517,-0.0994999999999992,0.));
#5342=CARTESIAN_POINT('Origin',(-37.672774483517,-0.099499999999999,0.));
#5343=CARTESIAN_POINT('Origin',(-41.672774483517,21.3675011574059,0.));
#5344=CARTESIAN_POINT('',(-41.672774483517,-21.3675011573942,0.));
#5345=CARTESIAN_POINT('',(-41.672774483517,21.3675011574059,0.));
#5346=CARTESIAN_POINT('',(-41.672774483517,-21.3675011573942,0.));
#5347=CARTESIAN_POINT('',(-41.672774483517,-21.3675011573942,2.));
#5348=CARTESIAN_POINT('',(-41.672774483517,-21.3675011573942,0.));
#5349=CARTESIAN_POINT('',(-41.672774483517,21.3675011574059,2.));
#5350=CARTESIAN_POINT('',(-41.672774483517,-21.3675011573942,2.));
#5351=CARTESIAN_POINT('',(-41.672774483517,21.3675011574059,0.));
#5352=CARTESIAN_POINT('Origin',(-38.6727744835171,21.3675011574059,0.));
#5353=CARTESIAN_POINT('',(-38.6727744835171,24.3675011574059,0.));
#5354=CARTESIAN_POINT('Origin',(-38.6727744835171,21.3675011574059,0.));
#5355=CARTESIAN_POINT('',(-38.6727744835171,24.3675011574059,2.));
#5356=CARTESIAN_POINT('Origin',(-38.6727744835171,21.3675011574059,2.));
#5357=CARTESIAN_POINT('',(-38.6727744835171,24.3675011574059,0.));
#5358=CARTESIAN_POINT('Origin',(39.847229530983,24.3675011574059,0.));
#5359=CARTESIAN_POINT('',(39.847229530983,24.3675011574059,0.));
#5360=CARTESIAN_POINT('',(-38.6727744835171,24.3675011574059,0.));
#5361=CARTESIAN_POINT('',(39.847229530983,24.3675011574059,2.));
#5362=CARTESIAN_POINT('',(-38.6727744835171,24.3675011574059,2.));
#5363=CARTESIAN_POINT('',(39.847229530983,24.3675011574059,0.));
#5364=CARTESIAN_POINT('Origin',(39.847229530983,21.3675011574059,0.));
#5365=CARTESIAN_POINT('',(42.847229530983,21.3675011574059,0.));
#5366=CARTESIAN_POINT('Origin',(39.847229530983,21.3675011574059,0.));
#5367=CARTESIAN_POINT('',(42.847229530983,21.3675011574059,2.));
#5368=CARTESIAN_POINT('Origin',(39.847229530983,21.3675011574059,2.));
#5369=CARTESIAN_POINT('',(42.847229530983,21.3675011574059,0.));
#5370=CARTESIAN_POINT('Origin',(42.847229530983,-21.3675011573942,0.));
#5371=CARTESIAN_POINT('',(42.847229530983,-21.3675011573942,0.));
#5372=CARTESIAN_POINT('',(42.847229530983,21.3675011574059,0.));
#5373=CARTESIAN_POINT('',(42.847229530983,-21.3675011573942,2.));
#5374=CARTESIAN_POINT('',(42.847229530983,21.3675011574059,2.));
#5375=CARTESIAN_POINT('',(42.847229530983,-21.3675011573942,0.));
#5376=CARTESIAN_POINT('Origin',(39.847229530983,-21.3675011573942,0.));
#5377=CARTESIAN_POINT('',(39.847229530983,-24.3675011573941,0.));
#5378=CARTESIAN_POINT('Origin',(39.847229530983,-21.3675011573942,0.));
#5379=CARTESIAN_POINT('',(39.847229530983,-24.3675011573941,2.));
#5380=CARTESIAN_POINT('Origin',(39.847229530983,-21.3675011573942,2.));
#5381=CARTESIAN_POINT('',(39.847229530983,-24.3675011573941,0.));
#5382=CARTESIAN_POINT('Origin',(-38.6727744835171,-24.3675011573941,0.));
#5383=CARTESIAN_POINT('',(-38.6727744835171,-24.3675011573941,0.));
#5384=CARTESIAN_POINT('',(39.847229530983,-24.3675011573941,0.));
#5385=CARTESIAN_POINT('',(-38.6727744835171,-24.3675011573941,2.));
#5386=CARTESIAN_POINT('',(39.847229530983,-24.3675011573941,2.));
#5387=CARTESIAN_POINT('',(-38.6727744835171,-24.3675011573941,0.));
#5388=CARTESIAN_POINT('Origin',(-38.6727744835171,-21.3675011573942,0.));
#5389=CARTESIAN_POINT('Origin',(-38.6727744835171,-21.3675011573942,0.));
#5390=CARTESIAN_POINT('Origin',(-38.6727744835171,-21.3675011573942,2.));
#5391=CARTESIAN_POINT('Origin',(0.587227523732956,5.86197757002083E-12,
2.));
#5392=CARTESIAN_POINT('Origin',(0.587227523732956,5.86197757002083E-12,
0.));
#5393=UNCERTAINTY_MEASURE_WITH_UNIT(LENGTH_MEASURE(0.01),#5397,
'DISTANCE_ACCURACY_VALUE',
'Maximum model space distance between geometric entities at asserted c
onnectivities');
#5394=UNCERTAINTY_MEASURE_WITH_UNIT(LENGTH_MEASURE(0.01),#5397,
'DISTANCE_ACCURACY_VALUE',
'Maximum model space distance between geometric entities at asserted c
onnectivities');
#5395=(
GEOMETRIC_REPRESENTATION_CONTEXT(3)
GLOBAL_UNCERTAINTY_ASSIGNED_CONTEXT((#5393))
GLOBAL_UNIT_ASSIGNED_CONTEXT((#5397,#5399,#5400))
REPRESENTATION_CONTEXT('','3D')
);
#5396=(
GEOMETRIC_REPRESENTATION_CONTEXT(3)
GLOBAL_UNCERTAINTY_ASSIGNED_CONTEXT((#5394))
GLOBAL_UNIT_ASSIGNED_CONTEXT((#5397,#5399,#5400))
REPRESENTATION_CONTEXT('','3D')
);
#5397=(
LENGTH_UNIT()
NAMED_UNIT(*)
SI_UNIT(.MILLI.,.METRE.)
);
#5398=(
LENGTH_UNIT()
NAMED_UNIT(*)
SI_UNIT($,.METRE.)
);
#5399=(
NAMED_UNIT(*)
PLANE_ANGLE_UNIT()
SI_UNIT($,.RADIAN.)
);
#5400=(
NAMED_UNIT(*)
SI_UNIT($,.STERADIAN.)
SOLID_ANGLE_UNIT()
);
#5401=SHAPE_DEFINITION_REPRESENTATION(#5402,#5403);
#5402=PRODUCT_DEFINITION_SHAPE('',$,#5405);
#5403=SHAPE_REPRESENTATION('',(#3373),#5395);
#5404=PRODUCT_DEFINITION_CONTEXT('part definition',#5409,'design');
#5405=PRODUCT_DEFINITION('2026-09-20-15-53-54-702','Hayai Top plate',#5406,
#5404);
#5406=PRODUCT_DEFINITION_FORMATION('',$,#5411);
#5407=PRODUCT_RELATED_PRODUCT_CATEGORY('Hayai Top plate',
'Hayai Top plate',(#5411));
#5408=APPLICATION_PROTOCOL_DEFINITION('international standard',
'automotive_design',2009,#5409);
#5409=APPLICATION_CONTEXT(
'Core Data for Automotive Mechanical Design Process');
#5410=PRODUCT_CONTEXT('part definition',#5409,'mechanical');
#5411=PRODUCT('2026-09-20-15-53-54-702','Hayai Top plate',$,(#5410));
#5412=PRESENTATION_STYLE_ASSIGNMENT((#5413));
#5413=SURFACE_STYLE_USAGE(.BOTH.,#5414);
#5414=SURFACE_SIDE_STYLE('',(#5415));
#5415=SURFACE_STYLE_FILL_AREA(#5416);
#5416=FILL_AREA_STYLE('Steel - Satin',(#5417));
#5417=FILL_AREA_STYLE_COLOUR('Steel - Satin',#5418);
#5418=COLOUR_RGB('Steel - Satin',0.627450980392157,0.627450980392157,0.627450980392157);
ENDSEC;
END-ISO-10303-21;
